team,season,season_end_year,wins,losses,win_pct,predicted_win_pct,training_seasons,selected_model,win_total_line,actual_wins_odds_source,actual_losses_odds_source,source_result,championship_odds,source_url,scheduled_games_for_line,predicted_wins_82,predicted_wins,predicted_wins_for_line,pick,model_edge_wins,comparison_actual_wins,model_abs_error_wins,market_abs_error_wins,grade,stake,profit,cash_return
Atlanta Hawks,2016-17,2017,43,39,0.5243902,0.5710960100660878,3,extra_trees,43.5,43,39,under,+10000,https://www.basketball-reference.com/leagues/NBA_2017_preseason_odds.html,82,46.8298728254192,46.8298728254192,46.8298728254192,over,3.3298728254192014,43.0,3.8298728254192014,0.5,loss,10.0,-10.0,0.0
Boston Celtics,2016-17,2017,53,29,0.64634144,0.5755936947265321,3,extra_trees,52.5,53,29,over,+2900,https://www.basketball-reference.com/leagues/NBA_2017_preseason_odds.html,82,47.198682967575635,47.198682967575635,47.198682967575635,under,-5.301317032424365,53.0,5.801317032424365,0.5,loss,10.0,-10.0,0.0
Brooklyn Nets,2016-17,2017,20,62,0.24390244,0.29453502493355177,3,extra_trees,21.5,20,62,under,+135000,https://www.basketball-reference.com/leagues/NBA_2017_preseason_odds.html,82,24.151872044551244,24.151872044551244,24.151872044551244,over,2.6518720445512436,20.0,4.151872044551244,1.5,loss,10.0,-10.0,0.0
Charlotte Hornets,2016-17,2017,36,46,0.4390244,0.4615224492540098,3,extra_trees,42.5,36,46,under,+55000,https://www.basketball-reference.com/leagues/NBA_2017_preseason_odds.html,82,37.8448408388288,37.8448408388288,37.8448408388288,under,-4.655159161171198,36.0,1.8448408388288016,6.5,win,10.0,9.090909090909092,19.090909090909093
Chicago Bulls,2016-17,2017,41,41,0.5,0.6001277038672944,3,extra_trees,39.0,41,41,over,+9000,https://www.basketball-reference.com/leagues/NBA_2017_preseason_odds.html,82,49.21047171711814,49.21047171711814,49.21047171711814,over,10.21047171711814,41.0,8.21047171711814,2.0,win,10.0,9.090909090909092,19.090909090909093
Cleveland Cavaliers,2016-17,2017,51,31,0.6219512,0.6104363146208546,3,extra_trees,56.5,51,31,under,+385,https://www.basketball-reference.com/leagues/NBA_2017_preseason_odds.html,82,50.05577779891007,50.05577779891007,50.05577779891007,under,-6.444222201089929,51.0,0.9442222010899286,5.5,win,10.0,9.090909090909092,19.090909090909093
Dallas Mavericks,2016-17,2017,33,49,0.40243903,0.42129951796396753,3,extra_trees,39.5,33,49,under,+39000,https://www.basketball-reference.com/leagues/NBA_2017_preseason_odds.html,82,34.54656047304534,34.54656047304534,34.54656047304534,under,-4.953439526954661,33.0,1.5465604730453393,6.5,win,10.0,9.090909090909092,19.090909090909093
Denver Nuggets,2016-17,2017,40,42,0.4878049,0.49035435794312604,3,extra_trees,37.0,40,42,over,+50000,https://www.basketball-reference.com/leagues/NBA_2017_preseason_odds.html,82,40.209057351336334,40.209057351336334,40.209057351336334,over,3.209057351336334,40.0,0.20905735133633385,3.0,win,10.0,9.090909090909092,19.090909090909093
Detroit Pistons,2016-17,2017,37,45,0.4512195,0.491682151622203,3,extra_trees,44.5,37,45,under,+14000,https://www.basketball-reference.com/leagues/NBA_2017_preseason_odds.html,82,40.31793643302065,40.31793643302065,40.31793643302065,under,-4.182063566979352,37.0,3.3179364330206482,7.5,win,10.0,9.090909090909092,19.090909090909093
Golden State Warriors,2016-17,2017,67,15,0.81707317,0.6473272252606723,3,extra_trees,66.5,67,15,over,-128,https://www.basketball-reference.com/leagues/NBA_2017_preseason_odds.html,82,53.08083247137513,53.08083247137513,53.08083247137513,under,-13.419167528624868,67.0,13.919167528624868,0.5,loss,10.0,-10.0,0.0
Houston Rockets,2016-17,2017,55,27,0.6707317,0.4258082573705387,3,extra_trees,44.0,55,27,over,+16000,https://www.basketball-reference.com/leagues/NBA_2017_preseason_odds.html,82,34.91627710438417,34.91627710438417,34.91627710438417,under,-9.083722895615828,55.0,20.08372289561583,11.0,loss,10.0,-10.0,0.0
Indiana Pacers,2016-17,2017,42,40,0.5121951,0.43984620416876824,3,extra_trees,44.5,42,40,under,+8000,https://www.basketball-reference.com/leagues/NBA_2017_preseason_odds.html,82,36.067388741839,36.067388741839,36.067388741839,under,-8.432611258161003,42.0,5.932611258161003,2.5,win,10.0,9.090909090909092,19.090909090909093
Los Angeles Clippers,2016-17,2017,51,31,0.6219512,0.6582876730655581,3,extra_trees,53.5,51,31,under,+3500,https://www.basketball-reference.com/leagues/NBA_2017_preseason_odds.html,82,53.979589191375766,53.979589191375766,53.979589191375766,over,0.4795891913757657,51.0,2.9795891913757657,2.5,loss,10.0,-10.0,0.0
Los Angeles Lakers,2016-17,2017,26,56,0.31707317,0.37534998658274876,3,extra_trees,24.5,26,56,over,+39000,https://www.basketball-reference.com/leagues/NBA_2017_preseason_odds.html,82,30.778698899785397,30.778698899785397,30.778698899785397,over,6.278698899785397,26.0,4.778698899785397,1.5,win,10.0,9.090909090909092,19.090909090909093
Memphis Grizzlies,2016-17,2017,43,39,0.5243902,0.5700790738931455,3,extra_trees,42.5,43,39,over,+8800,https://www.basketball-reference.com/leagues/NBA_2017_preseason_odds.html,82,46.74648405923793,46.74648405923793,46.74648405923793,over,4.246484059237929,43.0,3.746484059237929,0.5,win,10.0,9.090909090909092,19.090909090909093
Miami Heat,2016-17,2017,41,41,0.5,0.4432646681249829,3,extra_trees,34.5,41,41,over,+17500,https://www.basketball-reference.com/leagues/NBA_2017_preseason_odds.html,82,36.3477027862486,36.3477027862486,36.3477027862486,over,1.8477027862485969,41.0,4.652297213751403,6.5,win,10.0,9.090909090909092,19.090909090909093
Milwaukee Bucks,2016-17,2017,42,40,0.5121951,0.4245401101530787,3,extra_trees,34.5,42,40,over,+18000,https://www.basketball-reference.com/leagues/NBA_2017_preseason_odds.html,82,34.81228903255245,34.81228903255245,34.81228903255245,over,0.31228903255244944,42.0,7.187710967447551,7.5,win,10.0,9.090909090909092,19.090909090909093
Minnesota Timberwolves,2016-17,2017,31,51,0.37804878,0.5313024543680411,3,extra_trees,41.5,31,51,under,+10000,https://www.basketball-reference.com/leagues/NBA_2017_preseason_odds.html,82,43.566801258179375,43.566801258179375,43.566801258179375,over,2.0668012581793747,31.0,12.566801258179375,10.5,loss,10.0,-10.0,0.0
New Orleans Pelicans,2016-17,2017,34,48,0.41463414,0.5818445754630297,3,extra_trees,36.5,34,48,under,+14500,https://www.basketball-reference.com/leagues/NBA_2017_preseason_odds.html,82,47.71125518796843,47.71125518796843,47.71125518796843,over,11.211255187968433,34.0,13.711255187968433,2.5,loss,10.0,-10.0,0.0
New York Knicks,2016-17,2017,31,51,0.37804878,0.44417678144939193,3,extra_trees,38.5,31,51,under,+7500,https://www.basketball-reference.com/leagues/NBA_2017_preseason_odds.html,82,36.42249607885014,36.42249607885014,36.42249607885014,under,-2.0775039211498623,31.0,5.422496078850138,7.5,win,10.0,9.090909090909092,19.090909090909093
Oklahoma City Thunder,2016-17,2017,47,35,0.5731707,0.4982253927717032,3,extra_trees,45.0,47,35,over,+6000,https://www.basketball-reference.com/leagues/NBA_2017_preseason_odds.html,82,40.85448220727966,40.85448220727966,40.85448220727966,under,-4.145517792720341,47.0,6.145517792720341,2.0,loss,10.0,-10.0,0.0
Orlando Magic,2016-17,2017,29,53,0.35365853,0.38047250663977117,3,extra_trees,37.5,29,53,under,+22500,https://www.basketball-reference.com/leagues/NBA_2017_preseason_odds.html,82,31.198745544461236,31.198745544461236,31.198745544461236,under,-6.301254455538764,29.0,2.198745544461236,8.5,win,10.0,9.090909090909092,19.090909090909093
Philadelphia 76ers,2016-17,2017,28,54,0.34146342,0.3815242039655143,3,extra_trees,23.5,28,54,over,+50000,https://www.basketball-reference.com/leagues/NBA_2017_preseason_odds.html,82,31.284984725172173,31.284984725172173,31.284984725172173,over,7.784984725172173,28.0,3.2849847251721727,4.5,win,10.0,9.090909090909092,19.090909090909093
Phoenix Suns,2016-17,2017,24,58,0.29268292,0.4085372315570192,3,extra_trees,29.5,24,58,under,+85000,https://www.basketball-reference.com/leagues/NBA_2017_preseason_odds.html,82,33.50005298767557,33.50005298767557,33.50005298767557,over,4.0000529876755735,24.0,9.500052987675573,5.5,loss,10.0,-10.0,0.0
Portland Trail Blazers,2016-17,2017,41,41,0.5,0.5097635222034844,3,extra_trees,45.5,41,41,under,+13000,https://www.basketball-reference.com/leagues/NBA_2017_preseason_odds.html,82,41.800608820685724,41.800608820685724,41.800608820685724,under,-3.6993911793142757,41.0,0.8006088206857243,4.5,win,10.0,9.090909090909092,19.090909090909093
Sacramento Kings,2016-17,2017,32,50,0.3902439,0.4602802084321849,3,extra_trees,33.5,32,50,under,+50000,https://www.basketball-reference.com/leagues/NBA_2017_preseason_odds.html,82,37.742977091439165,37.742977091439165,37.742977091439165,over,4.242977091439165,32.0,5.742977091439165,1.5,loss,10.0,-10.0,0.0
San Antonio Spurs,2016-17,2017,61,21,0.74390244,0.6482799596040881,3,extra_trees,57.5,61,21,over,+925,https://www.basketball-reference.com/leagues/NBA_2017_preseason_odds.html,82,53.15895668753522,53.15895668753522,53.15895668753522,under,-4.341043312464777,61.0,7.841043312464777,3.5,loss,10.0,-10.0,0.0
Toronto Raptors,2016-17,2017,51,31,0.6219512,0.5753179640449969,3,extra_trees,50.5,51,31,over,+5500,https://www.basketball-reference.com/leagues/NBA_2017_preseason_odds.html,82,47.17607305168975,47.17607305168975,47.17607305168975,under,-3.323926948310252,51.0,3.823926948310252,0.5,loss,10.0,-10.0,0.0
Utah Jazz,2016-17,2017,51,31,0.6219512,0.5850250496079851,3,extra_trees,47.5,51,31,over,+10000,https://www.basketball-reference.com/leagues/NBA_2017_preseason_odds.html,82,47.97205406785478,47.97205406785478,47.97205406785478,over,0.47205406785477777,51.0,3.0279459321452222,3.5,win,10.0,9.090909090909092,19.090909090909093
Washington Wizards,2016-17,2017,49,33,0.597561,0.4159321244062373,3,extra_trees,42.5,49,33,over,+16000,https://www.basketball-reference.com/leagues/NBA_2017_preseason_odds.html,82,34.10643420131146,34.10643420131146,34.10643420131146,under,-8.393565798688542,49.0,14.893565798688542,6.5,loss,10.0,-10.0,0.0
Atlanta Hawks,2017-18,2018,24,58,0.29268292,0.37111162364448086,4,extra_trees,25.5,24,58,under,+200000,https://www.basketball-reference.com/leagues/NBA_2018_preseason_odds.html,82,30.43115313884743,30.43115313884743,30.43115313884743,over,4.9311531388474314,24.0,6.4311531388474314,1.5,loss,10.0,-10.0,0.0
Boston Celtics,2017-18,2018,55,27,0.6707317,0.6227742032363005,4,extra_trees,53.5,55,27,over,+1200,https://www.basketball-reference.com/leagues/NBA_2018_preseason_odds.html,82,51.06748466537664,51.06748466537664,51.06748466537664,under,-2.4325153346233606,55.0,3.9325153346233606,1.5,loss,10.0,-10.0,0.0
Brooklyn Nets,2017-18,2018,28,54,0.34146342,0.40727030024891614,4,extra_trees,27.5,28,54,over,+250000,https://www.basketball-reference.com/leagues/NBA_2018_preseason_odds.html,82,33.39616462041112,33.39616462041112,33.39616462041112,over,5.89616462041112,28.0,5.39616462041112,0.5,win,10.0,9.090909090909092,19.090909090909093
Charlotte Hornets,2017-18,2018,36,46,0.4390244,0.4996937411097935,4,extra_trees,42.5,36,46,under,+50000,https://www.basketball-reference.com/leagues/NBA_2018_preseason_odds.html,82,40.974886771003064,40.974886771003064,40.974886771003064,under,-1.5251132289969362,36.0,4.974886771003064,6.5,win,10.0,9.090909090909092,19.090909090909093
Chicago Bulls,2017-18,2018,27,55,0.3292683,0.37625538603165976,4,extra_trees,22.0,27,55,over,+250000,https://www.basketball-reference.com/leagues/NBA_2018_preseason_odds.html,82,30.8529416545961,30.8529416545961,30.8529416545961,over,8.852941654596101,27.0,3.8529416545961013,5.0,win,10.0,9.090909090909092,19.090909090909093
Cleveland Cavaliers,2017-18,2018,50,32,0.6097561,0.6156636996945378,4,extra_trees,53.5,50,32,under,+515,https://www.basketball-reference.com/leagues/NBA_2018_preseason_odds.html,82,50.4844233749521,50.4844233749521,50.4844233749521,under,-3.015576625047899,50.0,0.48442337495210097,3.5,win,10.0,9.090909090909092,19.090909090909093
Dallas Mavericks,2017-18,2018,24,58,0.29268292,0.43302883596622876,4,extra_trees,35.5,24,58,under,+50000,https://www.basketball-reference.com/leagues/NBA_2018_preseason_odds.html,82,35.508364549230755,35.508364549230755,35.508364549230755,over,0.008364549230755358,24.0,11.508364549230755,11.5,loss,10.0,-10.0,0.0
Denver Nuggets,2017-18,2018,46,36,0.5609756,0.6243299425453839,4,extra_trees,45.5,46,36,over,+20000,https://www.basketball-reference.com/leagues/NBA_2018_preseason_odds.html,82,51.19505528872148,51.19505528872148,51.19505528872148,over,5.695055288721477,46.0,5.195055288721477,0.5,win,10.0,9.090909090909092,19.090909090909093
Detroit Pistons,2017-18,2018,39,43,0.47560975,0.5231756615645019,4,extra_trees,38.5,39,43,over,+63000,https://www.basketball-reference.com/leagues/NBA_2018_preseason_odds.html,82,42.900404248289156,42.900404248289156,42.900404248289156,over,4.400404248289156,39.0,3.9004042482891563,0.5,win,10.0,9.090909090909092,19.090909090909093
Golden State Warriors,2017-18,2018,58,24,0.70731705,0.6486179217995122,4,extra_trees,67.5,58,24,under,-187,https://www.basketball-reference.com/leagues/NBA_2018_preseason_odds.html,82,53.18666958756,53.18666958756,53.18666958756,under,-14.313330412440003,58.0,4.813330412440003,9.5,win,10.0,9.090909090909092,19.090909090909093
Houston Rockets,2017-18,2018,65,17,0.79268295,0.6669308023099402,4,extra_trees,55.5,65,17,over,+2150,https://www.basketball-reference.com/leagues/NBA_2018_preseason_odds.html,82,54.688325789415096,54.688325789415096,54.688325789415096,under,-0.8116742105849042,65.0,10.311674210584904,9.5,loss,10.0,-10.0,0.0
Indiana Pacers,2017-18,2018,48,34,0.58536583,0.43458137703670646,4,extra_trees,31.5,48,34,over,+125000,https://www.basketball-reference.com/leagues/NBA_2018_preseason_odds.html,82,35.63567291700993,35.63567291700993,35.63567291700993,over,4.135672917009927,48.0,12.364327082990073,16.5,win,10.0,9.090909090909092,19.090909090909093
Los Angeles Clippers,2017-18,2018,42,40,0.5121951,0.5805470834662024,4,extra_trees,43.5,42,40,under,+19000,https://www.basketball-reference.com/leagues/NBA_2018_preseason_odds.html,82,47.6048608442286,47.6048608442286,47.6048608442286,over,4.104860844228597,42.0,5.604860844228597,1.5,loss,10.0,-10.0,0.0
Los Angeles Lakers,2017-18,2018,35,47,0.42682928,0.469376393875413,4,extra_trees,33.5,35,47,over,+30000,https://www.basketball-reference.com/leagues/NBA_2018_preseason_odds.html,82,38.48886429778387,38.48886429778387,38.48886429778387,over,4.98886429778387,35.0,3.48886429778387,1.5,win,10.0,9.090909090909092,19.090909090909093
Memphis Grizzlies,2017-18,2018,22,60,0.2682927,0.5533052999511713,4,extra_trees,37.5,22,60,under,+37000,https://www.basketball-reference.com/leagues/NBA_2018_preseason_odds.html,82,45.37103459599604,45.37103459599604,45.37103459599604,over,7.8710345959960435,22.0,23.371034595996043,15.5,loss,10.0,-10.0,0.0
Miami Heat,2017-18,2018,44,38,0.5365854,0.5650733180433323,4,extra_trees,43.5,44,38,over,+24000,https://www.basketball-reference.com/leagues/NBA_2018_preseason_odds.html,82,46.33601207955325,46.33601207955325,46.33601207955325,over,2.8360120795532495,44.0,2.3360120795532495,0.5,win,10.0,9.090909090909092,19.090909090909093
Milwaukee Bucks,2017-18,2018,44,38,0.5365854,0.511978563294107,4,extra_trees,47.5,44,38,under,+8000,https://www.basketball-reference.com/leagues/NBA_2018_preseason_odds.html,82,41.98224219011677,41.98224219011677,41.98224219011677,under,-5.5177578098832285,44.0,2.0177578098832285,3.5,win,10.0,9.090909090909092,19.090909090909093
Minnesota Timberwolves,2017-18,2018,47,35,0.5731707,0.6299067122010705,4,extra_trees,48.5,47,35,under,+5000,https://www.basketball-reference.com/leagues/NBA_2018_preseason_odds.html,82,51.652350400487784,51.652350400487784,51.652350400487784,over,3.1523504004877836,47.0,4.652350400487784,1.5,loss,10.0,-10.0,0.0
New Orleans Pelicans,2017-18,2018,48,34,0.58536583,0.6195615048669723,4,extra_trees,39.5,48,34,over,+22000,https://www.basketball-reference.com/leagues/NBA_2018_preseason_odds.html,82,50.804043399091725,50.804043399091725,50.804043399091725,over,11.304043399091725,48.0,2.804043399091725,8.5,win,10.0,9.090909090909092,19.090909090909093
New York Knicks,2017-18,2018,29,53,0.35365853,0.45305469680215715,4,extra_trees,30.5,29,53,under,+100000,https://www.basketball-reference.com/leagues/NBA_2018_preseason_odds.html,82,37.15048513777688,37.15048513777688,37.15048513777688,over,6.650485137776883,29.0,8.150485137776883,1.5,loss,10.0,-10.0,0.0
Oklahoma City Thunder,2017-18,2018,48,34,0.58536583,0.6260255328427297,4,extra_trees,53.5,48,34,under,+2150,https://www.basketball-reference.com/leagues/NBA_2018_preseason_odds.html,82,51.33409369310383,51.33409369310383,51.33409369310383,under,-2.1659063068961686,48.0,3.3340936931038314,5.5,win,10.0,9.090909090909092,19.090909090909093
Orlando Magic,2017-18,2018,25,57,0.30487806,0.3955126418884135,4,extra_trees,33.5,25,57,under,+250000,https://www.basketball-reference.com/leagues/NBA_2018_preseason_odds.html,82,32.43203663484991,32.43203663484991,32.43203663484991,under,-1.0679633651500922,25.0,7.432036634849908,8.5,win,10.0,9.090909090909092,19.090909090909093
Philadelphia 76ers,2017-18,2018,52,30,0.63414633,0.49191060549532056,4,extra_trees,39.5,52,30,over,+19000,https://www.basketball-reference.com/leagues/NBA_2018_preseason_odds.html,82,40.33666965061629,40.33666965061629,40.33666965061629,over,0.8366696506162867,52.0,11.663330349383713,12.5,win,10.0,9.090909090909092,19.090909090909093
Phoenix Suns,2017-18,2018,21,61,0.25609756,0.48260883756398004,4,extra_trees,28.5,21,61,under,+125000,https://www.basketball-reference.com/leagues/NBA_2018_preseason_odds.html,82,39.573924680246364,39.573924680246364,39.573924680246364,over,11.073924680246364,21.0,18.573924680246364,7.5,loss,10.0,-10.0,0.0
Portland Trail Blazers,2017-18,2018,49,33,0.597561,0.5856828449299196,4,extra_trees,42.5,49,33,over,+31500,https://www.basketball-reference.com/leagues/NBA_2018_preseason_odds.html,82,48.02599328425341,48.02599328425341,48.02599328425341,over,5.52599328425341,49.0,0.9740067157465901,6.5,win,10.0,9.090909090909092,19.090909090909093
Sacramento Kings,2017-18,2018,27,55,0.3292683,0.3755915920110872,4,extra_trees,27.5,27,55,under,+125000,https://www.basketball-reference.com/leagues/NBA_2018_preseason_odds.html,82,30.798510544909153,30.798510544909153,30.798510544909153,over,3.2985105449091527,27.0,3.7985105449091527,0.5,loss,10.0,-10.0,0.0
San Antonio Spurs,2017-18,2018,47,35,0.5731707,0.6335446483283348,4,extra_trees,55.0,47,35,under,+1800,https://www.basketball-reference.com/leagues/NBA_2018_preseason_odds.html,82,51.95066116292345,51.95066116292345,51.95066116292345,under,-3.0493388370765473,47.0,4.950661162923453,8.0,win,10.0,9.090909090909092,19.090909090909093
Toronto Raptors,2017-18,2018,59,23,0.7195122,0.592500789718436,4,extra_trees,48.5,59,23,over,+15000,https://www.basketball-reference.com/leagues/NBA_2018_preseason_odds.html,82,48.585064756911756,48.585064756911756,48.585064756911756,over,0.08506475691175552,59.0,10.414935243088244,10.5,win,10.0,9.090909090909092,19.090909090909093
Utah Jazz,2017-18,2018,48,34,0.58536583,0.4480642676662968,4,extra_trees,40.5,48,34,over,+25000,https://www.basketball-reference.com/leagues/NBA_2018_preseason_odds.html,82,36.74126994863634,36.74126994863634,36.74126994863634,under,-3.7587300513636634,48.0,11.258730051363663,7.5,loss,10.0,-10.0,0.0
Washington Wizards,2017-18,2018,43,39,0.5243902,0.5610767242112785,4,extra_trees,48.5,43,39,under,+9000,https://www.basketball-reference.com/leagues/NBA_2018_preseason_odds.html,82,46.00829138532484,46.00829138532484,46.00829138532484,under,-2.4917086146751615,43.0,3.0082913853248385,5.5,win,10.0,9.090909090909092,19.090909090909093
Atlanta Hawks,2018-19,2019,29,53,0.35365853,0.380613022143053,5,extra_trees,23.5,29,53,over,+150000,https://www.basketball-reference.com/leagues/NBA_2019_preseason_odds.html,82,31.210267815730344,31.210267815730344,31.210267815730344,over,7.710267815730344,29.0,2.2102678157303437,5.5,win,10.0,9.090909090909092,19.090909090909093
Boston Celtics,2018-19,2019,49,33,0.597561,0.6804013692929601,5,extra_trees,59.0,49,33,under,+620,https://www.basketball-reference.com/leagues/NBA_2019_preseason_odds.html,82,55.79291228202273,55.79291228202273,55.79291228202273,under,-3.2070877179772665,49.0,6.7929122820227335,10.0,win,10.0,9.090909090909092,19.090909090909093
Brooklyn Nets,2018-19,2019,42,40,0.5121951,0.4641329268671539,5,extra_trees,32.0,42,40,over,+125000,https://www.basketball-reference.com/leagues/NBA_2019_preseason_odds.html,82,38.05890000310662,38.05890000310662,38.05890000310662,over,6.058900003106622,42.0,3.941099996893378,10.0,win,10.0,9.090909090909092,19.090909090909093
Charlotte Hornets,2018-19,2019,39,43,0.47560975,0.42817175911551053,5,extra_trees,35.5,39,43,over,+50000,https://www.basketball-reference.com/leagues/NBA_2019_preseason_odds.html,82,35.11008424747186,35.11008424747186,35.11008424747186,under,-0.3899157525281396,39.0,3.8899157525281396,3.5,loss,10.0,-10.0,0.0
Chicago Bulls,2018-19,2019,22,60,0.2682927,0.46305328907292176,5,extra_trees,30.0,22,60,under,+50000,https://www.basketball-reference.com/leagues/NBA_2019_preseason_odds.html,82,37.970369703979586,37.970369703979586,37.970369703979586,over,7.9703697039795856,22.0,15.970369703979586,8.0,loss,10.0,-10.0,0.0
Cleveland Cavaliers,2018-19,2019,19,63,0.23170732,0.3928729504112988,5,extra_trees,30.5,19,63,under,+50000,https://www.basketball-reference.com/leagues/NBA_2019_preseason_odds.html,82,32.215581933726504,32.215581933726504,32.215581933726504,over,1.7155819337265044,19.0,13.215581933726504,11.5,loss,10.0,-10.0,0.0
Dallas Mavericks,2018-19,2019,33,49,0.40243903,0.513124737645452,5,extra_trees,35.5,33,49,under,+35000,https://www.basketball-reference.com/leagues/NBA_2019_preseason_odds.html,82,42.076228486927064,42.076228486927064,42.076228486927064,over,6.576228486927064,33.0,9.076228486927064,2.5,loss,10.0,-10.0,0.0
Denver Nuggets,2018-19,2019,54,28,0.6585366,0.6261906590066144,5,extra_trees,47.5,54,28,over,+20000,https://www.basketball-reference.com/leagues/NBA_2019_preseason_odds.html,82,51.34763403854238,51.34763403854238,51.34763403854238,over,3.847634038542381,54.0,2.652365961457619,6.5,win,10.0,9.090909090909092,19.090909090909093
Detroit Pistons,2018-19,2019,41,41,0.5,0.5456460727878291,5,extra_trees,38.5,41,41,over,+35000,https://www.basketball-reference.com/leagues/NBA_2019_preseason_odds.html,82,44.742977968601984,44.742977968601984,44.742977968601984,over,6.242977968601984,41.0,3.742977968601984,2.5,win,10.0,9.090909090909092,19.090909090909093
Golden State Warriors,2018-19,2019,57,25,0.69512194,0.6508650885559989,5,extra_trees,62.5,57,25,under,-168,https://www.basketball-reference.com/leagues/NBA_2019_preseason_odds.html,82,53.37093726159191,53.37093726159191,53.37093726159191,under,-9.129062738408088,57.0,3.629062738408088,5.5,win,10.0,9.090909090909092,19.090909090909093
Houston Rockets,2018-19,2019,53,29,0.64634144,0.7284524167376595,5,extra_trees,56.5,53,29,under,+1000,https://www.basketball-reference.com/leagues/NBA_2019_preseason_odds.html,82,59.73309817248808,59.73309817248808,59.73309817248808,over,3.233098172488077,53.0,6.733098172488077,3.5,loss,10.0,-10.0,0.0
Indiana Pacers,2018-19,2019,48,34,0.58536583,0.5113415520693017,5,extra_trees,47.5,48,34,over,+12500,https://www.basketball-reference.com/leagues/NBA_2019_preseason_odds.html,82,41.93000726968273,41.93000726968273,41.93000726968273,under,-5.569992730317267,48.0,6.069992730317267,0.5,loss,10.0,-10.0,0.0
Los Angeles Clippers,2018-19,2019,48,34,0.58536583,0.4496405771267464,5,extra_trees,37.0,48,34,over,+40000,https://www.basketball-reference.com/leagues/NBA_2019_preseason_odds.html,82,36.8705273243932,36.8705273243932,36.8705273243932,under,-0.12947267560679876,48.0,11.129472675606799,11.0,loss,10.0,-10.0,0.0
Los Angeles Lakers,2018-19,2019,37,45,0.4512195,0.5571847923557665,5,extra_trees,48.5,37,45,under,+1800,https://www.basketball-reference.com/leagues/NBA_2019_preseason_odds.html,82,45.68915297317285,45.68915297317285,45.68915297317285,under,-2.8108470268271475,37.0,8.689152973172853,11.5,win,10.0,9.090909090909092,19.090909090909093
Memphis Grizzlies,2018-19,2019,33,49,0.40243903,0.5040396953752113,5,extra_trees,34.5,33,49,under,+65000,https://www.basketball-reference.com/leagues/NBA_2019_preseason_odds.html,82,41.33125502076733,41.33125502076733,41.33125502076733,over,6.83125502076733,33.0,8.33125502076733,1.5,loss,10.0,-10.0,0.0
Miami Heat,2018-19,2019,39,43,0.47560975,0.5294650283649739,5,extra_trees,43.0,39,43,under,+35000,https://www.basketball-reference.com/leagues/NBA_2019_preseason_odds.html,82,43.41613232592786,43.41613232592786,43.41613232592786,over,0.41613232592786176,39.0,4.416132325927862,4.0,loss,10.0,-10.0,0.0
Milwaukee Bucks,2018-19,2019,60,22,0.73170733,0.5764516939950184,5,extra_trees,48.0,60,22,over,+10000,https://www.basketball-reference.com/leagues/NBA_2019_preseason_odds.html,82,47.26903890759151,47.26903890759151,47.26903890759151,under,-0.7309610924084922,60.0,12.730961092408492,12.0,loss,10.0,-10.0,0.0
Minnesota Timberwolves,2018-19,2019,36,46,0.4390244,0.6007509873109127,5,extra_trees,41.5,36,46,under,+25000,https://www.basketball-reference.com/leagues/NBA_2019_preseason_odds.html,82,49.26158095949484,49.26158095949484,49.26158095949484,over,7.761580959494843,36.0,13.261580959494843,5.5,loss,10.0,-10.0,0.0
New Orleans Pelicans,2018-19,2019,33,49,0.40243903,0.5891617432760174,5,extra_trees,45.5,33,49,under,+10000,https://www.basketball-reference.com/leagues/NBA_2019_preseason_odds.html,82,48.31126294863343,48.31126294863343,48.31126294863343,over,2.811262948633427,33.0,15.311262948633427,12.5,loss,10.0,-10.0,0.0
New York Knicks,2018-19,2019,17,65,0.20731707,0.340313421804078,5,extra_trees,28.5,17,65,under,+35000,https://www.basketball-reference.com/leagues/NBA_2019_preseason_odds.html,82,27.905700587934394,27.905700587934394,27.905700587934394,under,-0.594299412065606,17.0,10.905700587934394,11.5,win,10.0,9.090909090909092,19.090909090909093
Oklahoma City Thunder,2018-19,2019,49,33,0.597561,0.6491373476927762,5,extra_trees,48.5,49,33,over,+3800,https://www.basketball-reference.com/leagues/NBA_2019_preseason_odds.html,82,53.22926251080765,53.22926251080765,53.22926251080765,over,4.729262510807651,49.0,4.229262510807651,0.5,win,10.0,9.090909090909092,19.090909090909093
Orlando Magic,2018-19,2019,42,40,0.5121951,0.43007673280459896,5,extra_trees,31.0,42,40,over,+75000,https://www.basketball-reference.com/leagues/NBA_2019_preseason_odds.html,82,35.266292089977114,35.266292089977114,35.266292089977114,over,4.266292089977114,42.0,6.733707910022886,11.0,win,10.0,9.090909090909092,19.090909090909093
Philadelphia 76ers,2018-19,2019,51,31,0.6219512,0.5862730489839516,5,extra_trees,53.5,51,31,under,+2000,https://www.basketball-reference.com/leagues/NBA_2019_preseason_odds.html,82,48.074390016684035,48.074390016684035,48.074390016684035,under,-5.425609983315965,51.0,2.9256099833159652,2.5,win,10.0,9.090909090909092,19.090909090909093
Phoenix Suns,2018-19,2019,19,63,0.23170732,0.4854105122986284,5,extra_trees,29.0,19,63,under,+75000,https://www.basketball-reference.com/leagues/NBA_2019_preseason_odds.html,82,39.80366200848753,39.80366200848753,39.80366200848753,over,10.803662008487528,19.0,20.803662008487528,10.0,loss,10.0,-10.0,0.0
Portland Trail Blazers,2018-19,2019,53,29,0.64634144,0.5894288866459769,5,extra_trees,42.0,53,29,over,+30000,https://www.basketball-reference.com/leagues/NBA_2019_preseason_odds.html,82,48.333168704970106,48.333168704970106,48.333168704970106,over,6.333168704970106,53.0,4.666831295029894,11.0,win,10.0,9.090909090909092,19.090909090909093
Sacramento Kings,2018-19,2019,39,43,0.47560975,0.3896976030698628,5,extra_trees,26.0,39,43,over,+200000,https://www.basketball-reference.com/leagues/NBA_2019_preseason_odds.html,82,31.95520345172875,31.95520345172875,31.95520345172875,over,5.9552034517287495,39.0,7.0447965482712505,13.0,win,10.0,9.090909090909092,19.090909090909093
San Antonio Spurs,2018-19,2019,48,34,0.58536583,0.5900721499776422,5,extra_trees,43.5,48,34,over,+10000,https://www.basketball-reference.com/leagues/NBA_2019_preseason_odds.html,82,48.38591629816666,48.38591629816666,48.38591629816666,over,4.885916298166663,48.0,0.38591629816666284,4.5,win,10.0,9.090909090909092,19.090909090909093
Toronto Raptors,2018-19,2019,58,24,0.70731705,0.6093529396015875,5,extra_trees,55.5,58,24,over,+1850,https://www.basketball-reference.com/leagues/NBA_2019_preseason_odds.html,82,49.96694104733018,49.96694104733018,49.96694104733018,under,-5.533058952669819,58.0,8.033058952669819,2.5,loss,10.0,-10.0,0.0
Utah Jazz,2018-19,2019,50,32,0.6097561,0.5953736027558314,5,extra_trees,49.5,50,32,over,+10000,https://www.basketball-reference.com/leagues/NBA_2019_preseason_odds.html,82,48.820635425978175,48.820635425978175,48.820635425978175,under,-0.6793645740218253,50.0,1.1793645740218253,0.5,loss,10.0,-10.0,0.0
Washington Wizards,2018-19,2019,32,50,0.3902439,0.566639584688527,5,extra_trees,45.5,32,50,under,+11000,https://www.basketball-reference.com/leagues/NBA_2019_preseason_odds.html,82,46.464445944459214,46.464445944459214,46.464445944459214,over,0.9644459444592144,32.0,14.464445944459214,13.5,loss,10.0,-10.0,0.0
Atlanta Hawks,2019-20,2020,20,47,0.29850745,0.47635349816043754,6,extra_trees,33.5,20,47,under,+25000,https://www.basketball-reference.com/leagues/NBA_2020_preseason_odds.html,82,39.06098684915588,39.06098684915588,39.06098684915588,over,5.560986849155881,24.477610900000002,14.58337594915588,9.022389099999998,void,10.0,0.0,10.0
Boston Celtics,2019-20,2020,48,24,0.6666667,0.5805485338741683,6,extra_trees,48.5,48,24,under,+2900,https://www.basketball-reference.com/leagues/NBA_2020_preseason_odds.html,82,47.6049797776818,47.6049797776818,47.6049797776818,under,-0.8950202223182018,54.666669399999996,7.061689622318198,6.166669399999996,void,10.0,0.0,10.0
Brooklyn Nets,2019-20,2020,35,37,0.4861111,0.5894563269997476,6,extra_trees,43.5,35,37,under,+5500,https://www.basketball-reference.com/leagues/NBA_2020_preseason_odds.html,82,48.3354188139793,48.3354188139793,48.3354188139793,over,4.835418813979302,39.8611102,8.474308613979304,3.638889800000001,void,10.0,0.0,10.0
Charlotte Hornets,2019-20,2020,23,42,0.35384616,0.37663463247505596,6,extra_trees,23.5,23,42,under,+200000,https://www.basketball-reference.com/leagues/NBA_2020_preseason_odds.html,82,30.884039862954587,30.884039862954587,30.884039862954587,over,7.384039862954587,29.01538512,1.8686547429545861,5.515385120000001,void,10.0,0.0,10.0
Chicago Bulls,2019-20,2020,22,43,0.33846155,0.5182387141961836,6,extra_trees,33.5,22,43,under,+42500,https://www.basketball-reference.com/leagues/NBA_2020_preseason_odds.html,82,42.49557456408706,42.49557456408706,42.49557456408706,over,8.995574564087057,27.7538471,14.741727464087056,5.7461528999999985,void,10.0,0.0,10.0
Cleveland Cavaliers,2019-20,2020,19,46,0.2923077,0.4547207615511415,6,extra_trees,24.5,19,46,under,+150000,https://www.basketball-reference.com/leagues/NBA_2020_preseason_odds.html,82,37.287102447193604,37.287102447193604,37.287102447193604,over,12.787102447193604,23.9692314,13.317871047193602,0.5307685999999983,void,10.0,0.0,10.0
Dallas Mavericks,2019-20,2020,43,32,0.5733333,0.5338894108508405,6,extra_trees,40.5,43,32,over,+10500,https://www.basketball-reference.com/leagues/NBA_2020_preseason_odds.html,82,43.778931689768925,43.778931689768925,43.778931689768925,over,3.2789316897689247,47.0133306,3.2343989102310786,6.513330600000003,void,10.0,0.0,10.0
Denver Nuggets,2019-20,2020,46,27,0.63013697,0.5912331857870606,6,extra_trees,53.0,46,27,under,+2000,https://www.basketball-reference.com/leagues/NBA_2020_preseason_odds.html,82,48.481121234538975,48.481121234538975,48.481121234538975,under,-4.518878765461025,51.67123154,3.190110305461026,1.3287684599999992,void,10.0,0.0,10.0
Detroit Pistons,2019-20,2020,20,46,0.3030303,0.5606235704720226,6,extra_trees,37.5,20,46,under,+25000,https://www.basketball-reference.com/leagues/NBA_2020_preseason_odds.html,82,45.97113277870585,45.97113277870585,45.97113277870585,over,8.47113277870585,24.8484846,21.12264817870585,12.651515400000001,void,10.0,0.0,10.0
Golden State Warriors,2019-20,2020,15,50,0.23076923,0.6465310565914143,6,extra_trees,47.5,15,50,under,+950,https://www.basketball-reference.com/leagues/NBA_2020_preseason_odds.html,82,53.01554664049597,53.01554664049597,53.01554664049597,over,5.51554664049597,18.92307686,34.092469780495975,28.57692314,void,10.0,0.0,10.0
Houston Rockets,2019-20,2020,44,28,0.6111111,0.6250205018767426,6,extra_trees,54.0,44,28,under,+700,https://www.basketball-reference.com/leagues/NBA_2020_preseason_odds.html,82,51.251681153892896,51.251681153892896,51.251681153892896,under,-2.7483188461071038,50.1111102,1.1405709538928974,3.888889800000001,void,10.0,0.0,10.0
Indiana Pacers,2019-20,2020,45,28,0.6164383,0.6334729533589734,6,extra_trees,46.5,45,28,under,+5000,https://www.basketball-reference.com/leagues/NBA_2020_preseason_odds.html,82,51.94478217543582,51.94478217543582,51.94478217543582,over,5.444782175435819,50.5479406,1.3968415754358219,4.047940599999997,void,10.0,0.0,10.0
Los Angeles Clippers,2019-20,2020,49,23,0.6805556,0.5483037016097267,6,extra_trees,53.5,49,23,under,+425,https://www.basketball-reference.com/leagues/NBA_2020_preseason_odds.html,82,44.960903531997594,44.960903531997594,44.960903531997594,under,-8.539096468002406,55.805559200000005,10.84465566800241,2.3055592000000047,void,10.0,0.0,10.0
Los Angeles Lakers,2019-20,2020,52,19,0.73239434,0.6125197644623822,6,extra_trees,50.5,52,19,over,+450,https://www.basketball-reference.com/leagues/NBA_2020_preseason_odds.html,82,50.22662068591534,50.22662068591534,50.22662068591534,under,-0.2733793140846572,60.056335880000006,9.829715194084663,9.556335880000006,void,10.0,0.0,10.0
Memphis Grizzlies,2019-20,2020,34,39,0.46575344,0.4597961491291758,6,extra_trees,27.5,34,39,over,+100000,https://www.basketball-reference.com/leagues/NBA_2020_preseason_odds.html,82,37.703284228592416,37.703284228592416,37.703284228592416,over,10.203284228592416,38.19178208,0.48849785140758684,10.691782080000003,void,10.0,0.0,10.0
Miami Heat,2019-20,2020,44,29,0.60273975,0.5054038596730718,6,extra_trees,43.5,44,29,over,+6000,https://www.basketball-reference.com/leagues/NBA_2020_preseason_odds.html,82,41.44311649319189,41.44311649319189,41.44311649319189,under,-2.056883506808113,49.424659500000004,7.981543006808117,5.924659500000004,void,10.0,0.0,10.0
Milwaukee Bucks,2019-20,2020,56,17,0.7671233,0.5961473217018366,6,extra_trees,57.5,56,17,under,+550,https://www.basketball-reference.com/leagues/NBA_2020_preseason_odds.html,82,48.8840803795506,48.8840803795506,48.8840803795506,under,-8.615919620449397,62.904110599999996,14.020030220449392,5.404110599999996,void,10.0,0.0,10.0
Minnesota Timberwolves,2019-20,2020,19,45,0.296875,0.5429283176137822,6,extra_trees,35.5,19,45,under,+50000,https://www.basketball-reference.com/leagues/NBA_2020_preseason_odds.html,82,44.520122044330144,44.520122044330144,44.520122044330144,over,9.020122044330144,24.34375,20.176372044330144,11.15625,void,10.0,0.0,10.0
New Orleans Pelicans,2019-20,2020,30,42,0.41666666,0.5086095244029315,6,extra_trees,37.5,30,42,under,+12500,https://www.basketball-reference.com/leagues/NBA_2020_preseason_odds.html,82,41.705981001040385,41.705981001040385,41.705981001040385,over,4.205981001040385,34.16666612,7.539314881040383,3.333333879999998,void,10.0,0.0,10.0
New York Knicks,2019-20,2020,21,45,0.3181818,0.47390892757512065,6,extra_trees,26.5,21,45,under,+100000,https://www.basketball-reference.com/leagues/NBA_2020_preseason_odds.html,82,38.860532061159894,38.860532061159894,38.860532061159894,over,12.360532061159894,26.0909076,12.769624461159893,0.4090923999999987,void,10.0,0.0,10.0
Oklahoma City Thunder,2019-20,2020,44,28,0.6111111,0.596336626486747,6,extra_trees,32.5,44,28,over,+25000,https://www.basketball-reference.com/leagues/NBA_2020_preseason_odds.html,82,48.89960337191326,48.89960337191326,48.89960337191326,over,16.39960337191326,50.1111102,1.2115068280867405,17.6111102,void,10.0,0.0,10.0
Orlando Magic,2019-20,2020,33,40,0.4520548,0.5081321918658956,6,extra_trees,41.5,33,40,under,+20000,https://www.basketball-reference.com/leagues/NBA_2020_preseason_odds.html,82,41.66683973300344,41.66683973300344,41.66683973300344,over,0.16683973300344235,37.0684936,4.598346133003446,4.4315064000000035,void,10.0,0.0,10.0
Philadelphia 76ers,2019-20,2020,43,30,0.5890411,0.6220235085513551,6,extra_trees,54.5,43,30,under,+775,https://www.basketball-reference.com/leagues/NBA_2020_preseason_odds.html,82,51.00592770121112,51.00592770121112,51.00592770121112,under,-3.494072298788879,48.3013702,2.70455750121112,6.198629799999999,void,10.0,0.0,10.0
Phoenix Suns,2019-20,2020,34,39,0.46575344,0.4844791152064668,6,extra_trees,29.5,34,39,over,+50000,https://www.basketball-reference.com/leagues/NBA_2020_preseason_odds.html,82,39.727287446930276,39.727287446930276,39.727287446930276,over,10.227287446930276,38.19178208,1.5355053669302734,8.691782080000003,void,10.0,0.0,10.0
Portland Trail Blazers,2019-20,2020,35,39,0.47297296,0.6250165704578104,6,extra_trees,46.5,35,39,under,+3500,https://www.basketball-reference.com/leagues/NBA_2020_preseason_odds.html,82,51.25135877754046,51.25135877754046,51.25135877754046,over,4.75135877754046,38.78378272,12.467576057540462,7.716217280000002,void,10.0,0.0,10.0
Sacramento Kings,2019-20,2020,31,41,0.43055555,0.5739965547522164,6,extra_trees,37.5,31,41,under,+15000,https://www.basketball-reference.com/leagues/NBA_2020_preseason_odds.html,82,47.06771748968175,47.06771748968175,47.06771748968175,over,9.567717489681748,35.3055551,11.762162389681748,2.1944449000000006,void,10.0,0.0,10.0
San Antonio Spurs,2019-20,2020,32,39,0.45070422,0.5998783531565228,6,extra_trees,46.5,32,39,under,+6000,https://www.basketball-reference.com/leagues/NBA_2020_preseason_odds.html,82,49.19002495883487,49.19002495883487,49.19002495883487,over,2.6900249588348686,36.957746039999996,12.232278918834872,9.542253960000004,void,10.0,0.0,10.0
Toronto Raptors,2019-20,2020,53,19,0.7361111,0.5982558137219244,6,extra_trees,46.5,53,19,over,+5500,https://www.basketball-reference.com/leagues/NBA_2020_preseason_odds.html,82,49.0569767251978,49.0569767251978,49.0569767251978,over,2.5569767251977993,60.3611102,11.3041334748022,13.861110199999999,void,10.0,0.0,10.0
Utah Jazz,2019-20,2020,44,28,0.6111111,0.5801816523139132,6,extra_trees,53.5,44,28,under,+1300,https://www.basketball-reference.com/leagues/NBA_2020_preseason_odds.html,82,47.57489548974088,47.57489548974088,47.57489548974088,under,-5.925104510259118,50.1111102,2.5362147102591166,3.388889800000001,void,10.0,0.0,10.0
Washington Wizards,2019-20,2020,25,47,0.3472222,0.39833265161048675,6,extra_trees,27.0,25,47,under,+125000,https://www.basketball-reference.com/leagues/NBA_2020_preseason_odds.html,82,32.663277432059914,32.663277432059914,32.663277432059914,over,5.663277432059914,28.472220399999998,4.191057032059916,1.4722203999999977,void,10.0,0.0,10.0
Atlanta Hawks,2020-21,2021,41,31,0.5694444,0.5926477706150596,7,extra_trees,34.5,41,31,over,+10000,https://www.basketball-reference.com/leagues/NBA_2021_preseason_odds.html,72,48.597117190434886,42.67063948428429,42.67063948428429,over,8.170639484284287,41.0,1.6706394842842869,6.5,win,10.0,9.090909090909092,19.090909090909093
Boston Celtics,2020-21,2021,36,36,0.5,0.6353260052986485,7,extra_trees,44.5,36,36,under,+1400,https://www.basketball-reference.com/leagues/NBA_2021_preseason_odds.html,72,52.09673243448918,45.74347238150269,45.74347238150269,over,1.2434723815026913,36.0,9.743472381502691,8.5,loss,10.0,-10.0,0.0
Brooklyn Nets,2020-21,2021,48,24,0.6666667,0.6235837879407023,7,extra_trees,45.5,48,24,over,+600,https://www.basketball-reference.com/leagues/NBA_2021_preseason_odds.html,72,51.133870611137596,44.89803273173057,44.89803273173057,under,-0.6019672682694335,48.0,3.1019672682694335,2.5,loss,10.0,-10.0,0.0
Charlotte Hornets,2020-21,2021,33,39,0.45833334,0.4603552538600651,7,extra_trees,26.5,33,39,over,+25000,https://www.basketball-reference.com/leagues/NBA_2021_preseason_odds.html,72,37.74913081652534,33.145578277924685,33.145578277924685,over,6.645578277924685,33.0,0.14557827792468458,6.5,win,10.0,9.090909090909092,19.090909090909093
Chicago Bulls,2020-21,2021,31,41,0.43055555,0.4727910199951648,7,extra_trees,29.5,31,41,over,+25000,https://www.basketball-reference.com/leagues/NBA_2021_preseason_odds.html,72,38.768863639603516,34.040953439651865,34.040953439651865,over,4.540953439651865,31.0,3.040953439651865,1.5,win,10.0,9.090909090909092,19.090909090909093
Cleveland Cavaliers,2020-21,2021,22,50,0.30555555,0.48965344810457395,7,extra_trees,22.5,22,50,under,+50000,https://www.basketball-reference.com/leagues/NBA_2021_preseason_odds.html,72,40.151582744575066,35.255048263529325,35.255048263529325,over,12.755048263529325,22.0,13.255048263529325,0.5,loss,10.0,-10.0,0.0
Dallas Mavericks,2020-21,2021,42,30,0.5833333,0.595813589474666,7,extra_trees,42.5,42,30,under,+2500,https://www.basketball-reference.com/leagues/NBA_2021_preseason_odds.html,72,48.856714336922614,42.89857844217595,42.89857844217595,over,0.3985784421759533,42.0,0.8985784421759533,0.5,loss,10.0,-10.0,0.0
Denver Nuggets,2020-21,2021,47,25,0.6527778,0.5282122192294906,7,extra_trees,44.5,47,25,over,+1800,https://www.basketball-reference.com/leagues/NBA_2021_preseason_odds.html,72,43.31340197681823,38.03127978452332,38.03127978452332,under,-6.468720215476679,47.0,8.96872021547668,2.5,loss,10.0,-10.0,0.0
Detroit Pistons,2020-21,2021,20,52,0.2777778,0.43579169835015574,7,extra_trees,23.5,20,52,under,+50000,https://www.basketball-reference.com/leagues/NBA_2021_preseason_odds.html,72,35.73491926471277,31.37700228121121,31.37700228121121,over,7.877002281211212,20.0,11.377002281211212,3.5,loss,10.0,-10.0,0.0
Golden State Warriors,2020-21,2021,39,33,0.5416667,0.5634327316217768,7,extra_trees,37.5,39,33,over,+2500,https://www.basketball-reference.com/leagues/NBA_2021_preseason_odds.html,72,46.20148399298569,40.56715667676793,40.56715667676793,over,3.0671566767679295,39.0,1.5671566767679295,1.5,win,10.0,9.090909090909092,19.090909090909093
Houston Rockets,2020-21,2021,17,55,0.2361111,0.5895868380276538,7,extra_trees,34.5,17,55,under,+5000,https://www.basketball-reference.com/leagues/NBA_2021_preseason_odds.html,72,48.346120718267606,42.450252337991074,42.450252337991074,over,7.950252337991074,17.0,25.450252337991074,17.5,loss,10.0,-10.0,0.0
Indiana Pacers,2020-21,2021,34,38,0.4722222,0.5944667094372882,7,extra_trees,38.5,34,38,under,+10000,https://www.basketball-reference.com/leagues/NBA_2021_preseason_odds.html,72,48.74627017385763,42.80160307948475,42.80160307948475,over,4.3016030794847495,34.0,8.80160307948475,4.5,loss,10.0,-10.0,0.0
Los Angeles Clippers,2020-21,2021,47,25,0.6527778,0.6728817685758902,7,extra_trees,46.5,47,25,over,+650,https://www.basketball-reference.com/leagues/NBA_2021_preseason_odds.html,72,55.176305023222994,48.447487337464096,48.447487337464096,over,1.9474873374640964,47.0,1.4474873374640964,0.5,win,10.0,9.090909090909092,19.090909090909093
Los Angeles Lakers,2020-21,2021,42,30,0.5833333,0.6322100372619274,7,extra_trees,47.5,42,30,under,+275,https://www.basketball-reference.com/leagues/NBA_2021_preseason_odds.html,72,51.841223055478046,45.51912268285877,45.51912268285877,under,-1.9808773171412284,42.0,3.5191226828587716,5.5,win,10.0,9.090909090909092,19.090909090909093
Memphis Grizzlies,2020-21,2021,38,34,0.5277778,0.495987577452323,7,extra_trees,31.5,38,34,over,+15000,https://www.basketball-reference.com/leagues/NBA_2021_preseason_odds.html,72,40.67098135109049,35.711105576567256,35.711105576567256,over,4.211105576567256,38.0,2.288894423432744,6.5,win,10.0,9.090909090909092,19.090909090909093
Miami Heat,2020-21,2021,40,32,0.5555556,0.5481515168017507,7,extra_trees,43.5,40,32,under,+1800,https://www.basketball-reference.com/leagues/NBA_2021_preseason_odds.html,72,44.94842437774356,39.46690920972605,39.46690920972605,under,-4.033090790273953,40.0,0.5330907902739526,3.5,win,10.0,9.090909090909092,19.090909090909093
Milwaukee Bucks,2020-21,2021,46,26,0.6388889,0.6239187067022526,7,extra_trees,49.5,46,26,under,+550,https://www.basketball-reference.com/leagues/NBA_2021_preseason_odds.html,72,51.16133394958471,44.92214688256219,44.92214688256219,under,-4.577853117437812,46.0,1.0778531174378116,3.5,win,10.0,9.090909090909092,19.090909090909093
Minnesota Timberwolves,2020-21,2021,23,49,0.31944445,0.4971645811080593,7,extra_trees,29.5,23,49,under,+20000,https://www.basketball-reference.com/leagues/NBA_2021_preseason_odds.html,72,40.76749565086086,35.79584983978027,35.79584983978027,over,6.295849839780267,23.0,12.795849839780267,6.5,loss,10.0,-10.0,0.0
New Orleans Pelicans,2020-21,2021,31,41,0.43055555,0.6241469552245296,7,extra_trees,36.5,31,41,under,+6500,https://www.basketball-reference.com/leagues/NBA_2021_preseason_odds.html,72,51.180050328411426,44.93858077616613,44.93858077616613,over,8.438580776166127,31.0,13.938580776166127,5.5,loss,10.0,-10.0,0.0
New York Knicks,2020-21,2021,41,31,0.5694444,0.4097485633324739,7,extra_trees,21.5,41,31,over,+50000,https://www.basketball-reference.com/leagues/NBA_2021_preseason_odds.html,72,33.59938219326286,29.50189655993812,29.50189655993812,over,8.001896559938121,41.0,11.498103440061879,19.5,win,10.0,9.090909090909092,19.090909090909093
Oklahoma City Thunder,2020-21,2021,22,50,0.30555555,0.43996007187481107,7,extra_trees,22.5,22,50,under,+20000,https://www.basketball-reference.com/leagues/NBA_2021_preseason_odds.html,72,36.076725893734505,31.677125174986397,31.677125174986397,over,9.177125174986397,22.0,9.677125174986397,0.5,loss,10.0,-10.0,0.0
Orlando Magic,2020-21,2021,21,51,0.29166666,0.4811504063465553,7,extra_trees,31.5,21,51,under,+20000,https://www.basketball-reference.com/leagues/NBA_2021_preseason_odds.html,72,39.45433332041753,34.642829256951984,34.642829256951984,over,3.142829256951984,21.0,13.642829256951984,10.5,loss,10.0,-10.0,0.0
Philadelphia 76ers,2020-21,2021,49,23,0.6805556,0.6508890464540481,7,extra_trees,43.5,49,23,over,+2000,https://www.basketball-reference.com/leagues/NBA_2021_preseason_odds.html,72,53.37290180923195,46.86401134469146,46.86401134469146,over,3.3640113446914626,49.0,2.1359886553085374,5.5,win,10.0,9.090909090909092,19.090909090909093
Phoenix Suns,2020-21,2021,51,21,0.7083333,0.5853541101647025,7,extra_trees,38.5,51,21,over,+4000,https://www.basketball-reference.com/leagues/NBA_2021_preseason_odds.html,72,47.99903703350561,42.145495931858584,42.145495931858584,over,3.6454959318585836,51.0,8.854504068141416,12.5,win,10.0,9.090909090909092,19.090909090909093
Portland Trail Blazers,2020-21,2021,42,30,0.5833333,0.6026550795164002,7,extra_trees,40.5,42,30,over,+4000,https://www.basketball-reference.com/leagues/NBA_2021_preseason_odds.html,72,49.41771652034482,43.39116572518081,43.39116572518081,over,2.8911657251808123,42.0,1.3911657251808123,1.5,win,10.0,9.090909090909092,19.090909090909093
Sacramento Kings,2020-21,2021,31,41,0.43055555,0.5507834642377173,7,extra_trees,28.5,31,41,over,+25000,https://www.basketball-reference.com/leagues/NBA_2021_preseason_odds.html,72,45.16424406749282,39.65640942511565,39.65640942511565,over,11.156409425115648,31.0,8.656409425115648,2.5,win,10.0,9.090909090909092,19.090909090909093
San Antonio Spurs,2020-21,2021,33,39,0.45833334,0.5323314686101009,7,extra_trees,28.5,33,39,over,+25000,https://www.basketball-reference.com/leagues/NBA_2021_preseason_odds.html,72,43.651180426028276,38.32786573992727,38.32786573992727,over,9.827865739927269,33.0,5.327865739927269,4.5,win,10.0,9.090909090909092,19.090909090909093
Toronto Raptors,2020-21,2021,27,45,0.375,0.5715553695427589,7,extra_trees,42.5,27,45,under,+3000,https://www.basketball-reference.com/leagues/NBA_2021_preseason_odds.html,72,46.86754030250623,41.15198660707864,41.15198660707864,under,-1.3480133929213594,27.0,14.15198660707864,15.5,win,10.0,9.090909090909092,19.090909090909093
Utah Jazz,2020-21,2021,52,20,0.7222222,0.5801056590764825,7,extra_trees,41.5,52,20,over,+4000,https://www.basketball-reference.com/leagues/NBA_2021_preseason_odds.html,72,47.568664044271564,41.76760745350674,41.76760745350674,over,0.2676074535067414,52.0,10.232392546493259,10.5,win,10.0,9.090909090909092,19.090909090909093
Washington Wizards,2020-21,2021,34,38,0.4722222,0.5502183162341334,7,extra_trees,32.5,34,38,over,+10000,https://www.basketball-reference.com/leagues/NBA_2021_preseason_odds.html,72,45.11790193119894,39.615718768857604,39.615718768857604,over,7.1157187688576045,34.0,5.6157187688576045,1.5,win,10.0,9.090909090909092,19.090909090909093
Atlanta Hawks,2021-22,2022,43,39,0.5243902,0.5534349812508791,8,extra_trees,47.5,43,39,under,+3500,https://www.basketball-reference.com/leagues/NBA_2022_preseason_odds.html,82,45.38166846257209,45.38166846257209,45.38166846257209,under,-2.1183315374279132,43.0,2.3816684625720868,4.5,win,10.0,9.090909090909092,19.090909090909093
Boston Celtics,2021-22,2022,51,31,0.6219512,0.5156844487145603,8,extra_trees,45.5,51,31,over,+4000,https://www.basketball-reference.com/leagues/NBA_2022_preseason_odds.html,82,42.286124794593945,42.286124794593945,42.286124794593945,under,-3.2138752054060546,51.0,8.713875205406055,5.5,loss,10.0,-10.0,0.0
Brooklyn Nets,2021-22,2022,44,38,0.5365854,0.6908074144708126,8,extra_trees,56.5,44,38,under,+240,https://www.basketball-reference.com/leagues/NBA_2022_preseason_odds.html,82,56.64620798660663,56.64620798660663,56.64620798660663,over,0.14620798660663326,44.0,12.646207986606633,12.5,loss,10.0,-10.0,0.0
Charlotte Hornets,2021-22,2022,43,39,0.5243902,0.4803654553767043,8,extra_trees,38.5,43,39,over,+10000,https://www.basketball-reference.com/leagues/NBA_2022_preseason_odds.html,82,39.389967340889754,39.389967340889754,39.389967340889754,over,0.8899673408897542,43.0,3.610032659110246,4.5,win,10.0,9.090909090909092,19.090909090909093
Chicago Bulls,2021-22,2022,46,36,0.5609756,0.6511375679537352,8,extra_trees,42.5,46,36,over,+6600,https://www.basketball-reference.com/leagues/NBA_2022_preseason_odds.html,82,53.39328057220629,53.39328057220629,53.39328057220629,over,10.893280572206287,46.0,7.393280572206287,3.5,win,10.0,9.090909090909092,19.090909090909093
Cleveland Cavaliers,2021-22,2022,44,38,0.5365854,0.4824345173445193,8,extra_trees,26.5,44,38,over,+50000,https://www.basketball-reference.com/leagues/NBA_2022_preseason_odds.html,82,39.559630422250585,39.559630422250585,39.559630422250585,over,13.059630422250585,44.0,4.440369577749415,17.5,win,10.0,9.090909090909092,19.090909090909093
Dallas Mavericks,2021-22,2022,52,30,0.63414633,0.5939091206438794,8,extra_trees,48.5,52,30,over,+3000,https://www.basketball-reference.com/leagues/NBA_2022_preseason_odds.html,82,48.700547892798106,48.700547892798106,48.700547892798106,over,0.20054789279810592,52.0,3.299452107201894,3.5,win,10.0,9.090909090909092,19.090909090909093
Denver Nuggets,2021-22,2022,48,34,0.58536583,0.5338310444693978,8,extra_trees,47.5,48,34,over,+2200,https://www.basketball-reference.com/leagues/NBA_2022_preseason_odds.html,82,43.77414564649062,43.77414564649062,43.77414564649062,under,-3.7258543535093835,48.0,4.2258543535093835,0.5,loss,10.0,-10.0,0.0
Detroit Pistons,2021-22,2022,23,59,0.2804878,0.3751888199681997,8,extra_trees,24.5,23,59,under,+50000,https://www.basketball-reference.com/leagues/NBA_2022_preseason_odds.html,82,30.765483237392374,30.765483237392374,30.765483237392374,over,6.265483237392374,23.0,7.765483237392374,1.5,loss,10.0,-10.0,0.0
Golden State Warriors,2021-22,2022,53,29,0.64634144,0.4743830871682446,8,extra_trees,48.5,53,29,over,+900,https://www.basketball-reference.com/leagues/NBA_2022_preseason_odds.html,82,38.89941314779606,38.89941314779606,38.89941314779606,under,-9.60058685220394,53.0,14.10058685220394,4.5,loss,10.0,-10.0,0.0
Houston Rockets,2021-22,2022,20,62,0.24390244,0.4108371984873249,8,extra_trees,27.5,20,62,under,+50000,https://www.basketball-reference.com/leagues/NBA_2022_preseason_odds.html,82,33.68865027596064,33.68865027596064,33.68865027596064,over,6.18865027596064,20.0,13.68865027596064,7.5,loss,10.0,-10.0,0.0
Indiana Pacers,2021-22,2022,25,57,0.30487806,0.5106592360177525,8,extra_trees,42.5,25,57,under,+10000,https://www.basketball-reference.com/leagues/NBA_2022_preseason_odds.html,82,41.87405735345571,41.87405735345571,41.87405735345571,under,-0.6259426465442886,25.0,16.87405735345571,17.5,win,10.0,9.090909090909092,19.090909090909093
Los Angeles Clippers,2021-22,2022,42,40,0.5121951,0.462276483953239,8,extra_trees,45.5,42,40,under,+1600,https://www.basketball-reference.com/leagues/NBA_2022_preseason_odds.html,82,37.9066716841656,37.9066716841656,37.9066716841656,under,-7.593328315834398,42.0,4.093328315834398,3.5,win,10.0,9.090909090909092,19.090909090909093
Los Angeles Lakers,2021-22,2022,33,49,0.40243903,0.5965724628085811,8,extra_trees,52.5,33,49,under,+400,https://www.basketball-reference.com/leagues/NBA_2022_preseason_odds.html,82,48.918941950303655,48.918941950303655,48.918941950303655,under,-3.5810580496963453,33.0,15.918941950303655,19.5,win,10.0,9.090909090909092,19.090909090909093
Memphis Grizzlies,2021-22,2022,56,26,0.68292683,0.43926863733672034,8,extra_trees,41.5,56,26,over,+10000,https://www.basketball-reference.com/leagues/NBA_2022_preseason_odds.html,82,36.02002826161107,36.02002826161107,36.02002826161107,under,-5.479971738388933,56.0,19.979971738388933,14.5,loss,10.0,-10.0,0.0
Miami Heat,2021-22,2022,53,29,0.64634144,0.6073811551846336,8,extra_trees,48.5,53,29,over,+2500,https://www.basketball-reference.com/leagues/NBA_2022_preseason_odds.html,82,49.80525472513996,49.80525472513996,49.80525472513996,over,1.3052547251399602,53.0,3.19474527486004,4.5,win,10.0,9.090909090909092,19.090909090909093
Milwaukee Bucks,2021-22,2022,51,31,0.6219512,0.6497645811750331,8,extra_trees,54.5,51,31,under,+900,https://www.basketball-reference.com/leagues/NBA_2022_preseason_odds.html,82,53.28069565635271,53.28069565635271,53.28069565635271,under,-1.2193043436472877,51.0,2.2806956563527123,3.5,win,10.0,9.090909090909092,19.090909090909093
Minnesota Timberwolves,2021-22,2022,46,36,0.5609756,0.5230602615867616,8,extra_trees,35.5,46,36,over,+25000,https://www.basketball-reference.com/leagues/NBA_2022_preseason_odds.html,82,42.89094145011445,42.89094145011445,42.89094145011445,over,7.390941450114447,46.0,3.109058549885553,10.5,win,10.0,9.090909090909092,19.090909090909093
New Orleans Pelicans,2021-22,2022,36,46,0.4390244,0.5161732223730341,8,extra_trees,39.5,36,46,under,+10000,https://www.basketball-reference.com/leagues/NBA_2022_preseason_odds.html,82,42.32620423458879,42.32620423458879,42.32620423458879,over,2.8262042345887934,36.0,6.326204234588793,3.5,loss,10.0,-10.0,0.0
New York Knicks,2021-22,2022,37,45,0.4512195,0.4959605572297119,8,extra_trees,41.5,37,45,under,+8000,https://www.basketball-reference.com/leagues/NBA_2022_preseason_odds.html,82,40.668765692836374,40.668765692836374,40.668765692836374,under,-0.8312343071636263,37.0,3.6687656928363737,4.5,win,10.0,9.090909090909092,19.090909090909093
Oklahoma City Thunder,2021-22,2022,24,58,0.29268292,0.3953648658442282,8,extra_trees,23.5,24,58,over,+50000,https://www.basketball-reference.com/leagues/NBA_2022_preseason_odds.html,82,32.41991899922671,32.41991899922671,32.41991899922671,over,8.91991899922671,24.0,8.41991899922671,0.5,win,10.0,9.090909090909092,19.090909090909093
Orlando Magic,2021-22,2022,22,60,0.2682927,0.4020233842371944,8,extra_trees,22.5,22,60,under,+50000,https://www.basketball-reference.com/leagues/NBA_2022_preseason_odds.html,82,32.965917507449944,32.965917507449944,32.965917507449944,over,10.465917507449944,22.0,10.965917507449944,0.5,loss,10.0,-10.0,0.0
Philadelphia 76ers,2021-22,2022,51,31,0.6219512,0.4986454411219712,8,extra_trees,50.5,51,31,over,+1600,https://www.basketball-reference.com/leagues/NBA_2022_preseason_odds.html,82,40.88892617200164,40.88892617200164,40.88892617200164,under,-9.61107382799836,51.0,10.11107382799836,0.5,loss,10.0,-10.0,0.0
Phoenix Suns,2021-22,2022,64,18,0.7804878,0.6553087059826865,8,extra_trees,51.5,64,18,over,+1500,https://www.basketball-reference.com/leagues/NBA_2022_preseason_odds.html,82,53.735313890580294,53.735313890580294,53.735313890580294,over,2.2353138905802936,64.0,10.264686109419706,12.5,win,10.0,9.090909090909092,19.090909090909093
Portland Trail Blazers,2021-22,2022,27,55,0.3292683,0.5880624452420948,8,extra_trees,44.5,27,55,under,+5000,https://www.basketball-reference.com/leagues/NBA_2022_preseason_odds.html,82,48.22112050985178,48.22112050985178,48.22112050985178,over,3.7211205098517794,27.0,21.22112050985178,17.5,loss,10.0,-10.0,0.0
Sacramento Kings,2021-22,2022,30,52,0.36585367,0.4755498959050497,8,extra_trees,36.5,30,52,under,+25000,https://www.basketball-reference.com/leagues/NBA_2022_preseason_odds.html,82,38.99509146421408,38.99509146421408,38.99509146421408,over,2.4950914642140773,30.0,8.995091464214077,6.5,loss,10.0,-10.0,0.0
San Antonio Spurs,2021-22,2022,34,48,0.41463414,0.43775565457575377,8,extra_trees,28.5,34,48,over,+30000,https://www.basketball-reference.com/leagues/NBA_2022_preseason_odds.html,82,35.89596367521181,35.89596367521181,35.89596367521181,over,7.39596367521181,34.0,1.89596367521181,5.5,win,10.0,9.090909090909092,19.090909090909093
Toronto Raptors,2021-22,2022,48,34,0.58536583,0.4923927177725573,8,extra_trees,35.5,48,34,over,+15000,https://www.basketball-reference.com/leagues/NBA_2022_preseason_odds.html,82,40.376202857349696,40.376202857349696,40.376202857349696,over,4.876202857349696,48.0,7.623797142650304,12.5,win,10.0,9.090909090909092,19.090909090909093
Utah Jazz,2021-22,2022,49,33,0.597561,0.585309364763739,8,extra_trees,52.5,49,33,under,+1600,https://www.basketball-reference.com/leagues/NBA_2022_preseason_odds.html,82,47.9953679106266,47.9953679106266,47.9953679106266,under,-4.504632089373402,49.0,1.004632089373402,3.5,win,10.0,9.090909090909092,19.090909090909093
Washington Wizards,2021-22,2022,35,47,0.42682928,0.4921943321176433,8,extra_trees,33.5,35,47,over,+15000,https://www.basketball-reference.com/leagues/NBA_2022_preseason_odds.html,82,40.35993523364675,40.35993523364675,40.35993523364675,over,6.859935233646752,35.0,5.359935233646752,1.5,win,10.0,9.090909090909092,19.090909090909093
Atlanta Hawks,2022-23,2023,41,41,0.5,0.6271378024767104,9,extra_trees,46.5,41,41,under,+5000,https://www.basketball-reference.com/leagues/NBA_2023_preseason_odds.html,82,51.42529980309025,51.42529980309025,51.42529980309025,over,4.9252998030902475,41.0,10.425299803090248,5.5,loss,10.0,-10.0,0.0
Boston Celtics,2022-23,2023,57,25,0.69512194,0.5821846987790401,9,extra_trees,54.5,57,25,over,+500,https://www.basketball-reference.com/leagues/NBA_2023_preseason_odds.html,82,47.73914529988129,47.73914529988129,47.73914529988129,under,-6.760854700118713,57.0,9.260854700118713,2.5,loss,10.0,-10.0,0.0
Brooklyn Nets,2022-23,2023,45,37,0.5487805,0.5515035783264555,9,extra_trees,50.5,45,37,under,+700,https://www.basketball-reference.com/leagues/NBA_2023_preseason_odds.html,82,45.223293422769345,45.223293422769345,45.223293422769345,under,-5.276706577230655,45.0,0.22329342276934483,5.5,win,10.0,9.090909090909092,19.090909090909093
Charlotte Hornets,2022-23,2023,27,55,0.3292683,0.48705373991727857,9,extra_trees,34.5,27,55,under,+15000,https://www.basketball-reference.com/leagues/NBA_2023_preseason_odds.html,82,39.938406673216846,39.938406673216846,39.938406673216846,over,5.438406673216846,27.0,12.938406673216846,7.5,loss,10.0,-10.0,0.0
Chicago Bulls,2022-23,2023,40,42,0.4878049,0.6067503540721212,9,extra_trees,41.5,40,42,under,+4000,https://www.basketball-reference.com/leagues/NBA_2023_preseason_odds.html,82,49.753529033913935,49.753529033913935,49.753529033913935,over,8.253529033913935,40.0,9.753529033913935,1.5,loss,10.0,-10.0,0.0
Cleveland Cavaliers,2022-23,2023,51,31,0.6219512,0.5967162603062445,9,extra_trees,46.5,51,31,over,+3000,https://www.basketball-reference.com/leagues/NBA_2023_preseason_odds.html,82,48.930733345112046,48.930733345112046,48.930733345112046,over,2.4307333451120456,51.0,2.0692666548879544,4.5,win,10.0,9.090909090909092,19.090909090909093
Dallas Mavericks,2022-23,2023,38,44,0.46341464,0.5337099603671854,9,extra_trees,48.5,38,44,under,+2500,https://www.basketball-reference.com/leagues/NBA_2023_preseason_odds.html,82,43.764216750109206,43.764216750109206,43.764216750109206,under,-4.735783249890794,38.0,5.764216750109206,10.5,win,10.0,9.090909090909092,19.090909090909093
Denver Nuggets,2022-23,2023,53,29,0.64634144,0.5427901231277665,9,extra_trees,51.5,53,29,over,+1800,https://www.basketball-reference.com/leagues/NBA_2023_preseason_odds.html,82,44.50879009647686,44.50879009647686,44.50879009647686,under,-6.991209903523142,53.0,8.491209903523142,1.5,loss,10.0,-10.0,0.0
Detroit Pistons,2022-23,2023,17,65,0.20731707,0.4230928904536195,9,extra_trees,29.5,17,65,under,+50000,https://www.basketball-reference.com/leagues/NBA_2023_preseason_odds.html,82,34.6936170171968,34.6936170171968,34.6936170171968,over,5.1936170171968,17.0,17.6936170171968,12.5,loss,10.0,-10.0,0.0
Golden State Warriors,2022-23,2023,44,38,0.5365854,0.576186516693369,9,extra_trees,52.5,44,38,under,+600,https://www.basketball-reference.com/leagues/NBA_2023_preseason_odds.html,82,47.24729436885625,47.24729436885625,47.24729436885625,under,-5.252705631143748,44.0,3.2472943688562523,8.5,win,10.0,9.090909090909092,19.090909090909093
Houston Rockets,2022-23,2023,22,60,0.2682927,0.3864554661159171,9,extra_trees,23.5,22,60,under,+50000,https://www.basketball-reference.com/leagues/NBA_2023_preseason_odds.html,82,31.6893482215052,31.6893482215052,31.6893482215052,over,8.189348221505199,22.0,9.689348221505199,1.5,loss,10.0,-10.0,0.0
Indiana Pacers,2022-23,2023,35,47,0.42682928,0.46825073550327934,9,extra_trees,24.5,35,47,over,+50000,https://www.basketball-reference.com/leagues/NBA_2023_preseason_odds.html,82,38.39656031126891,38.39656031126891,38.39656031126891,over,13.896560311268907,35.0,3.3965603112689067,10.5,win,10.0,9.090909090909092,19.090909090909093
Los Angeles Clippers,2022-23,2023,44,38,0.5365854,0.6183746812834143,9,extra_trees,52.5,44,38,under,+700,https://www.basketball-reference.com/leagues/NBA_2023_preseason_odds.html,82,50.70672386523997,50.70672386523997,50.70672386523997,under,-1.7932761347600277,44.0,6.706723865239972,8.5,win,10.0,9.090909090909092,19.090909090909093
Los Angeles Lakers,2022-23,2023,43,39,0.5243902,0.5578582009242554,9,extra_trees,44.5,43,39,under,+1800,https://www.basketball-reference.com/leagues/NBA_2023_preseason_odds.html,82,45.74437247578894,45.74437247578894,45.74437247578894,over,1.2443724757889427,43.0,2.7443724757889427,1.5,loss,10.0,-10.0,0.0
Memphis Grizzlies,2022-23,2023,51,31,0.6219512,0.5746105190850123,9,extra_trees,49.5,51,31,over,+2000,https://www.basketball-reference.com/leagues/NBA_2023_preseason_odds.html,82,47.118062564971005,47.118062564971005,47.118062564971005,under,-2.381937435028995,51.0,3.881937435028995,1.5,loss,10.0,-10.0,0.0
Miami Heat,2022-23,2023,44,38,0.5365854,0.6507077666823544,9,extra_trees,49.5,44,38,under,+1600,https://www.basketball-reference.com/leagues/NBA_2023_preseason_odds.html,82,53.35803686795306,53.35803686795306,53.35803686795306,over,3.8580368679530608,44.0,9.35803686795306,5.5,loss,10.0,-10.0,0.0
Milwaukee Bucks,2022-23,2023,58,24,0.70731705,0.5586202818211643,9,extra_trees,53.5,58,24,over,+650,https://www.basketball-reference.com/leagues/NBA_2023_preseason_odds.html,82,45.806863109335474,45.806863109335474,45.806863109335474,under,-7.693136890664526,58.0,12.193136890664526,4.5,loss,10.0,-10.0,0.0
Minnesota Timberwolves,2022-23,2023,42,40,0.5121951,0.6386700132106807,9,extra_trees,49.5,42,40,under,+2800,https://www.basketball-reference.com/leagues/NBA_2023_preseason_odds.html,82,52.37094108327582,52.37094108327582,52.37094108327582,over,2.8709410832758167,42.0,10.370941083275817,7.5,loss,10.0,-10.0,0.0
New Orleans Pelicans,2022-23,2023,42,40,0.5121951,0.5386982031230827,9,extra_trees,45.5,42,40,under,+4000,https://www.basketball-reference.com/leagues/NBA_2023_preseason_odds.html,82,44.17325265609278,44.17325265609278,44.17325265609278,under,-1.326747343907222,42.0,2.173252656092778,3.5,win,10.0,9.090909090909092,19.090909090909093
New York Knicks,2022-23,2023,47,35,0.5731707,0.5339583589320447,9,extra_trees,38.5,47,35,over,+6600,https://www.basketball-reference.com/leagues/NBA_2023_preseason_odds.html,82,43.78458543242766,43.78458543242766,43.78458543242766,over,5.2845854324276615,47.0,3.2154145675723385,8.5,win,10.0,9.090909090909092,19.090909090909093
Oklahoma City Thunder,2022-23,2023,40,42,0.4878049,0.4633268746565913,9,extra_trees,23.5,40,42,over,+50000,https://www.basketball-reference.com/leagues/NBA_2023_preseason_odds.html,82,37.99280372184049,37.99280372184049,37.99280372184049,over,14.492803721840488,40.0,2.007196278159512,16.5,win,10.0,9.090909090909092,19.090909090909093
Orlando Magic,2022-23,2023,34,48,0.41463414,0.4449183771481872,9,extra_trees,26.5,34,48,over,+50000,https://www.basketball-reference.com/leagues/NBA_2023_preseason_odds.html,82,36.48330692615135,36.48330692615135,36.48330692615135,over,9.98330692615135,34.0,2.48330692615135,7.5,win,10.0,9.090909090909092,19.090909090909093
Philadelphia 76ers,2022-23,2023,54,28,0.6585366,0.6242955525332365,9,extra_trees,50.5,54,28,over,+1400,https://www.basketball-reference.com/leagues/NBA_2023_preseason_odds.html,82,51.1922353077254,51.1922353077254,51.1922353077254,over,0.6922353077253973,54.0,2.8077646922746027,3.5,win,10.0,9.090909090909092,19.090909090909093
Phoenix Suns,2022-23,2023,45,37,0.5487805,0.6468433770004252,9,extra_trees,52.5,45,37,under,+1000,https://www.basketball-reference.com/leagues/NBA_2023_preseason_odds.html,82,53.041156914034865,53.041156914034865,53.041156914034865,over,0.5411569140348647,45.0,8.041156914034865,7.5,loss,10.0,-10.0,0.0
Portland Trail Blazers,2022-23,2023,33,49,0.40243903,0.5855909051425978,9,extra_trees,39.5,33,49,under,+8000,https://www.basketball-reference.com/leagues/NBA_2023_preseason_odds.html,82,48.01845422169302,48.01845422169302,48.01845422169302,over,8.51845422169302,33.0,15.01845422169302,6.5,loss,10.0,-10.0,0.0
Sacramento Kings,2022-23,2023,48,34,0.58536583,0.4647247054722142,9,extra_trees,34.5,48,34,over,+50000,https://www.basketball-reference.com/leagues/NBA_2023_preseason_odds.html,82,38.10742584872156,38.10742584872156,38.10742584872156,over,3.6074258487215616,48.0,9.892574151278438,13.5,win,10.0,9.090909090909092,19.090909090909093
San Antonio Spurs,2022-23,2023,22,60,0.2682927,0.3579271479742922,9,extra_trees,22.5,22,60,under,+50000,https://www.basketball-reference.com/leagues/NBA_2023_preseason_odds.html,82,29.350026133891962,29.350026133891962,29.350026133891962,over,6.850026133891962,22.0,7.350026133891962,0.5,loss,10.0,-10.0,0.0
Toronto Raptors,2022-23,2023,41,41,0.5,0.5503075619067136,9,extra_trees,46.5,41,41,under,+4000,https://www.basketball-reference.com/leagues/NBA_2023_preseason_odds.html,82,45.125220076350516,45.125220076350516,45.125220076350516,under,-1.3747799236494842,41.0,4.125220076350516,5.5,win,10.0,9.090909090909092,19.090909090909093
Utah Jazz,2022-23,2023,37,45,0.4512195,0.37776403343871273,9,extra_trees,23.5,37,45,over,+50000,https://www.basketball-reference.com/leagues/NBA_2023_preseason_odds.html,82,30.976650741974446,30.976650741974446,30.976650741974446,over,7.476650741974446,37.0,6.023349258025554,13.5,win,10.0,9.090909090909092,19.090909090909093
Washington Wizards,2022-23,2023,35,47,0.42682928,0.5517941451300354,9,extra_trees,35.5,35,47,under,+25000,https://www.basketball-reference.com/leagues/NBA_2023_preseason_odds.html,82,45.24711990066291,45.24711990066291,45.24711990066291,over,9.74711990066291,35.0,10.24711990066291,0.5,loss,10.0,-10.0,0.0
Atlanta Hawks,2023-24,2024,36,46,0.4390244,0.5609887207274902,10,extra_trees,42.5,36,46,under,+8000,https://www.basketball-reference.com/leagues/NBA_2024_preseason_odds.html,82,46.001075099654194,46.001075099654194,46.001075099654194,over,3.5010750996541944,36.0,10.001075099654194,6.5,loss,10.0,-10.0,0.0
Boston Celtics,2023-24,2024,64,18,0.7804878,0.6208193867418625,10,extra_trees,54.5,64,18,over,+450,https://www.basketball-reference.com/leagues/NBA_2024_preseason_odds.html,82,50.90718971283273,50.90718971283273,50.90718971283273,under,-3.592810287167268,64.0,13.092810287167268,9.5,loss,10.0,-10.0,0.0
Brooklyn Nets,2023-24,2024,32,50,0.3902439,0.5093006076070362,10,extra_trees,37.5,32,50,under,+12500,https://www.basketball-reference.com/leagues/NBA_2024_preseason_odds.html,82,41.76264982377697,41.76264982377697,41.76264982377697,over,4.262649823776968,32.0,9.762649823776968,5.5,loss,10.0,-10.0,0.0
Charlotte Hornets,2023-24,2024,21,61,0.25609756,0.4540905936225702,10,extra_trees,31.5,21,61,under,+50000,https://www.basketball-reference.com/leagues/NBA_2024_preseason_odds.html,82,37.235428677050756,37.235428677050756,37.235428677050756,over,5.735428677050756,21.0,16.235428677050756,10.5,loss,10.0,-10.0,0.0
Chicago Bulls,2023-24,2024,39,43,0.47560975,0.5546746753185239,10,extra_trees,37.5,39,43,over,+12500,https://www.basketball-reference.com/leagues/NBA_2024_preseason_odds.html,82,45.48332337611896,45.48332337611896,45.48332337611896,over,7.98332337611896,39.0,6.48332337611896,1.5,win,10.0,9.090909090909092,19.090909090909093
Cleveland Cavaliers,2023-24,2024,48,34,0.58536583,0.602328202699555,10,extra_trees,50.5,48,34,under,+2500,https://www.basketball-reference.com/leagues/NBA_2024_preseason_odds.html,82,49.39091262136351,49.39091262136351,49.39091262136351,under,-1.109087378636488,48.0,1.390912621363512,2.5,win,10.0,9.090909090909092,19.090909090909093
Dallas Mavericks,2023-24,2024,50,32,0.6097561,0.5482264234132964,10,extra_trees,45.5,50,32,over,+2500,https://www.basketball-reference.com/leagues/NBA_2024_preseason_odds.html,82,44.95456671989031,44.95456671989031,44.95456671989031,under,-0.545433280109691,50.0,5.045433280109691,4.5,loss,10.0,-10.0,0.0
Denver Nuggets,2023-24,2024,57,25,0.69512194,0.6435377801077632,10,extra_trees,52.5,57,25,over,+450,https://www.basketball-reference.com/leagues/NBA_2024_preseason_odds.html,82,52.77009796883658,52.77009796883658,52.77009796883658,over,0.27009796883658055,57.0,4.2299020311634195,4.5,win,10.0,9.090909090909092,19.090909090909093
Detroit Pistons,2023-24,2024,14,68,0.17073171,0.4726149057143729,10,extra_trees,28.5,14,68,under,+50000,https://www.basketball-reference.com/leagues/NBA_2024_preseason_odds.html,82,38.75442226857858,38.75442226857858,38.75442226857858,over,10.25442226857858,14.0,24.75442226857858,14.5,loss,10.0,-10.0,0.0
Golden State Warriors,2023-24,2024,46,36,0.5609756,0.563983242305689,10,extra_trees,48.5,46,36,under,+1200,https://www.basketball-reference.com/leagues/NBA_2024_preseason_odds.html,82,46.2466258690665,46.2466258690665,46.2466258690665,under,-2.2533741309335014,46.0,0.24662586906649864,2.5,win,10.0,9.090909090909092,19.090909090909093
Houston Rockets,2023-24,2024,41,41,0.5,0.5066898364298719,10,extra_trees,31.5,41,41,over,+25000,https://www.basketball-reference.com/leagues/NBA_2024_preseason_odds.html,82,41.548566587249496,41.548566587249496,41.548566587249496,over,10.048566587249496,41.0,0.5485665872494963,9.5,win,10.0,9.090909090909092,19.090909090909093
Indiana Pacers,2023-24,2024,47,35,0.5731707,0.5031676693520681,10,extra_trees,38.5,47,35,over,+25000,https://www.basketball-reference.com/leagues/NBA_2024_preseason_odds.html,82,41.25974888686959,41.25974888686959,41.25974888686959,over,2.7597488868695876,47.0,5.740251113130412,8.5,win,10.0,9.090909090909092,19.090909090909093
Los Angeles Clippers,2023-24,2024,51,31,0.6219512,0.6241200693084291,10,extra_trees,46.5,51,31,over,+2200,https://www.basketball-reference.com/leagues/NBA_2024_preseason_odds.html,82,51.17784568329119,51.17784568329119,51.17784568329119,over,4.6778456832911885,51.0,0.17784568329118855,4.5,win,10.0,9.090909090909092,19.090909090909093
Los Angeles Lakers,2023-24,2024,47,35,0.5731707,0.6381406690906333,10,extra_trees,47.5,47,35,under,+1500,https://www.basketball-reference.com/leagues/NBA_2024_preseason_odds.html,82,52.32753486543193,52.32753486543193,52.32753486543193,over,4.827534865431929,47.0,5.327534865431929,0.5,loss,10.0,-10.0,0.0
Memphis Grizzlies,2023-24,2024,27,55,0.3292683,0.5986145211230969,10,extra_trees,45.5,27,55,under,+2200,https://www.basketball-reference.com/leagues/NBA_2024_preseason_odds.html,82,49.086390732093946,49.086390732093946,49.086390732093946,over,3.586390732093946,27.0,22.086390732093946,18.5,loss,10.0,-10.0,0.0
Miami Heat,2023-24,2024,46,36,0.5609756,0.5690759298170281,10,extra_trees,45.5,46,36,over,+1600,https://www.basketball-reference.com/leagues/NBA_2024_preseason_odds.html,82,46.66422624499631,46.66422624499631,46.66422624499631,over,1.164226244996307,46.0,0.664226244996307,0.5,win,10.0,9.090909090909092,19.090909090909093
Milwaukee Bucks,2023-24,2024,49,33,0.597561,0.63812060214212,10,extra_trees,54.5,49,33,under,+600,https://www.basketball-reference.com/leagues/NBA_2024_preseason_odds.html,82,52.32588937565384,52.32588937565384,52.32588937565384,under,-2.174110624346163,49.0,3.325889375653837,5.5,win,10.0,9.090909090909092,19.090909090909093
Minnesota Timberwolves,2023-24,2024,56,26,0.68292683,0.5853094849229288,10,extra_trees,44.5,56,26,over,+6600,https://www.basketball-reference.com/leagues/NBA_2024_preseason_odds.html,82,47.99537776368016,47.99537776368016,47.99537776368016,over,3.4953777636801604,56.0,8.00462223631984,11.5,win,10.0,9.090909090909092,19.090909090909093
New Orleans Pelicans,2023-24,2024,49,33,0.597561,0.5675929947924063,10,extra_trees,44.5,49,33,over,+4000,https://www.basketball-reference.com/leagues/NBA_2024_preseason_odds.html,82,46.54262557297732,46.54262557297732,46.54262557297732,over,2.0426255729773217,49.0,2.4573744270226783,4.5,win,10.0,9.090909090909092,19.090909090909093
New York Knicks,2023-24,2024,50,32,0.6097561,0.5817474677860379,10,extra_trees,45.5,50,32,over,+5000,https://www.basketball-reference.com/leagues/NBA_2024_preseason_odds.html,82,47.70329235845511,47.70329235845511,47.70329235845511,over,2.2032923584551085,50.0,2.2967076415448915,4.5,win,10.0,9.090909090909092,19.090909090909093
Oklahoma City Thunder,2023-24,2024,57,25,0.69512194,0.5651906119705032,10,extra_trees,44.5,57,25,over,+10000,https://www.basketball-reference.com/leagues/NBA_2024_preseason_odds.html,82,46.345630181581264,46.345630181581264,46.345630181581264,over,1.8456301815812637,57.0,10.654369818418736,12.5,win,10.0,9.090909090909092,19.090909090909093
Orlando Magic,2023-24,2024,47,35,0.5731707,0.5032307410404426,10,extra_trees,37.5,47,35,over,+25000,https://www.basketball-reference.com/leagues/NBA_2024_preseason_odds.html,82,41.2649207653163,41.2649207653163,41.2649207653163,over,3.7649207653162975,47.0,5.7350792346837025,9.5,win,10.0,9.090909090909092,19.090909090909093
Philadelphia 76ers,2023-24,2024,47,35,0.5731707,0.6072535355970627,10,extra_trees,48.5,47,35,under,+1800,https://www.basketball-reference.com/leagues/NBA_2024_preseason_odds.html,82,49.79478991895915,49.79478991895915,49.79478991895915,over,1.2947899189591467,47.0,2.7947899189591467,1.5,loss,10.0,-10.0,0.0
Phoenix Suns,2023-24,2024,49,33,0.597561,0.5850430336174358,10,extra_trees,51.5,49,33,under,+600,https://www.basketball-reference.com/leagues/NBA_2024_preseason_odds.html,82,47.97352875662974,47.97352875662974,47.97352875662974,under,-3.52647124337026,49.0,1.0264712433702599,2.5,win,10.0,9.090909090909092,19.090909090909093
Portland Trail Blazers,2023-24,2024,21,61,0.25609756,0.5369985173645222,10,extra_trees,28.5,21,61,under,+12500,https://www.basketball-reference.com/leagues/NBA_2024_preseason_odds.html,82,44.03387842389082,44.03387842389082,44.03387842389082,over,15.533878423890819,21.0,23.03387842389082,7.5,loss,10.0,-10.0,0.0
Sacramento Kings,2023-24,2024,46,36,0.5609756,0.5805511460531069,10,extra_trees,44.5,46,36,over,+3500,https://www.basketball-reference.com/leagues/NBA_2024_preseason_odds.html,82,47.60519397635476,47.60519397635476,47.60519397635476,over,3.1051939763547622,46.0,1.6051939763547622,1.5,win,10.0,9.090909090909092,19.090909090909093
San Antonio Spurs,2023-24,2024,22,60,0.2682927,0.45537393567780476,10,extra_trees,28.5,22,60,under,+15000,https://www.basketball-reference.com/leagues/NBA_2024_preseason_odds.html,82,37.34066272557999,37.34066272557999,37.34066272557999,over,8.840662725579989,22.0,15.340662725579989,6.5,loss,10.0,-10.0,0.0
Toronto Raptors,2023-24,2024,25,57,0.30487806,0.5334323939749694,10,extra_trees,36.5,25,57,under,+8000,https://www.basketball-reference.com/leagues/NBA_2024_preseason_odds.html,82,43.741456305947494,43.741456305947494,43.741456305947494,over,7.241456305947494,25.0,18.741456305947494,11.5,loss,10.0,-10.0,0.0
Utah Jazz,2023-24,2024,31,51,0.37804878,0.49649193783368534,10,extra_trees,35.5,31,51,under,+25000,https://www.basketball-reference.com/leagues/NBA_2024_preseason_odds.html,82,40.7123389023622,40.7123389023622,40.7123389023622,over,5.212338902362198,31.0,9.712338902362198,4.5,loss,10.0,-10.0,0.0
Washington Wizards,2023-24,2024,15,67,0.18292683,0.4598895254981244,10,extra_trees,24.5,15,67,under,+50000,https://www.basketball-reference.com/leagues/NBA_2024_preseason_odds.html,82,37.7109410908462,37.7109410908462,37.7109410908462,over,13.210941090846198,15.0,22.710941090846198,9.5,loss,10.0,-10.0,0.0
Atlanta Hawks,2024-25,2025,40,42,0.4878049,0.4832584005810724,11,extra_trees,36.5,40,42,over,+50000,https://www.basketball-reference.com/leagues/NBA_2025_preseason_odds.html,82,39.627188847647936,39.627188847647936,39.627188847647936,over,3.127188847647936,40.0,0.37281115235206386,3.5,win,10.0,9.090909090909092,19.090909090909093
Boston Celtics,2024-25,2025,61,21,0.74390244,0.6159711229289185,11,extra_trees,58.5,61,21,over,+325,https://www.basketball-reference.com/leagues/NBA_2025_preseason_odds.html,82,50.50963208017132,50.50963208017132,50.50963208017132,under,-7.990367919828678,61.0,10.490367919828678,2.5,loss,10.0,-10.0,0.0
Brooklyn Nets,2024-25,2025,26,56,0.31707317,0.43092761177196603,11,extra_trees,19.5,26,56,over,+100000,https://www.basketball-reference.com/leagues/NBA_2025_preseason_odds.html,82,35.33606416530122,35.33606416530122,35.33606416530122,over,15.836064165301217,26.0,9.336064165301217,6.5,win,10.0,9.090909090909092,19.090909090909093
Charlotte Hornets,2024-25,2025,19,63,0.23170732,0.4660752916870351,11,extra_trees,30.5,19,63,under,+100000,https://www.basketball-reference.com/leagues/NBA_2025_preseason_odds.html,82,38.21817391833688,38.21817391833688,38.21817391833688,over,7.7181739183368805,19.0,19.21817391833688,11.5,loss,10.0,-10.0,0.0
Chicago Bulls,2024-25,2025,39,43,0.47560975,0.46584030887399575,11,extra_trees,28.5,39,43,over,+100000,https://www.basketball-reference.com/leagues/NBA_2025_preseason_odds.html,82,38.19890532766765,38.19890532766765,38.19890532766765,over,9.698905327667653,39.0,0.8010946723323471,10.5,win,10.0,9.090909090909092,19.090909090909093
Cleveland Cavaliers,2024-25,2025,64,18,0.7804878,0.5781958155580966,11,extra_trees,48.5,64,18,over,+3500,https://www.basketball-reference.com/leagues/NBA_2025_preseason_odds.html,82,47.41205687576392,47.41205687576392,47.41205687576392,under,-1.0879431242360766,64.0,16.587943124236077,15.5,loss,10.0,-10.0,0.0
Dallas Mavericks,2024-25,2025,39,43,0.47560975,0.593525272275352,11,extra_trees,49.5,39,43,under,+1100,https://www.basketball-reference.com/leagues/NBA_2025_preseason_odds.html,82,48.66907232657886,48.66907232657886,48.66907232657886,under,-0.8309276734211366,39.0,9.669072326578863,10.5,win,10.0,9.090909090909092,19.090909090909093
Denver Nuggets,2024-25,2025,50,32,0.6097561,0.6219262789759842,11,extra_trees,51.5,50,32,under,+1100,https://www.basketball-reference.com/leagues/NBA_2025_preseason_odds.html,82,50.997954876030704,50.997954876030704,50.997954876030704,under,-0.502045123969296,50.0,0.997954876030704,1.5,win,10.0,9.090909090909092,19.090909090909093
Detroit Pistons,2024-25,2025,44,38,0.5365854,0.4486546989827615,11,extra_trees,25.5,44,38,over,+100000,https://www.basketball-reference.com/leagues/NBA_2025_preseason_odds.html,82,36.78968531658644,36.78968531658644,36.78968531658644,over,11.289685316586443,44.0,7.210314683413557,18.5,win,10.0,9.090909090909092,19.090909090909093
Golden State Warriors,2024-25,2025,48,34,0.58536583,0.5408822009722625,11,extra_trees,43.5,48,34,over,+4000,https://www.basketball-reference.com/leagues/NBA_2025_preseason_odds.html,82,44.35234047972552,44.35234047972552,44.35234047972552,over,0.8523404797255196,48.0,3.6476595202744804,4.5,win,10.0,9.090909090909092,19.090909090909093
Houston Rockets,2024-25,2025,52,30,0.63414633,0.5264313489865347,11,extra_trees,43.5,52,30,over,+8000,https://www.basketball-reference.com/leagues/NBA_2025_preseason_odds.html,82,43.167370616895845,43.167370616895845,43.167370616895845,under,-0.33262938310415535,52.0,8.832629383104155,8.5,loss,10.0,-10.0,0.0
Indiana Pacers,2024-25,2025,50,32,0.6097561,0.5869697532239686,11,extra_trees,46.5,50,32,over,+6600,https://www.basketball-reference.com/leagues/NBA_2025_preseason_odds.html,82,48.13151976436543,48.13151976436543,48.13151976436543,over,1.6315197643654287,50.0,1.8684802356345713,3.5,win,10.0,9.090909090909092,19.090909090909093
Los Angeles Clippers,2024-25,2025,50,32,0.6097561,0.554791570543103,11,extra_trees,35.5,50,32,over,+12500,https://www.basketball-reference.com/leagues/NBA_2025_preseason_odds.html,82,45.49290878453445,45.49290878453445,45.49290878453445,over,9.99290878453445,50.0,4.50709121546555,14.5,win,10.0,9.090909090909092,19.090909090909093
Los Angeles Lakers,2024-25,2025,50,32,0.6097561,0.5918211775263443,11,extra_trees,43.5,50,32,over,+4000,https://www.basketball-reference.com/leagues/NBA_2025_preseason_odds.html,82,48.529336557160235,48.529336557160235,48.529336557160235,over,5.029336557160235,50.0,1.470663442839765,6.5,win,10.0,9.090909090909092,19.090909090909093
Memphis Grizzlies,2024-25,2025,48,34,0.58536583,0.5661588411410169,11,extra_trees,47.5,48,34,over,+3500,https://www.basketball-reference.com/leagues/NBA_2025_preseason_odds.html,82,46.42502497356338,46.42502497356338,46.42502497356338,under,-1.0749750264366185,48.0,1.5749750264366185,0.5,loss,10.0,-10.0,0.0
Miami Heat,2024-25,2025,37,45,0.4512195,0.5709418524932628,11,extra_trees,44.5,37,45,under,+5000,https://www.basketball-reference.com/leagues/NBA_2025_preseason_odds.html,82,46.817231904447546,46.817231904447546,46.817231904447546,over,2.317231904447546,37.0,9.817231904447546,7.5,loss,10.0,-10.0,0.0
Milwaukee Bucks,2024-25,2025,48,34,0.58536583,0.6167205370438373,11,extra_trees,49.5,48,34,under,+1400,https://www.basketball-reference.com/leagues/NBA_2025_preseason_odds.html,82,50.57108403759466,50.57108403759466,50.57108403759466,over,1.0710840375946589,48.0,2.571084037594659,1.5,loss,10.0,-10.0,0.0
Minnesota Timberwolves,2024-25,2025,49,33,0.597561,0.5759299350714479,11,extra_trees,51.5,49,33,under,+1100,https://www.basketball-reference.com/leagues/NBA_2025_preseason_odds.html,82,47.226254675858726,47.226254675858726,47.226254675858726,under,-4.273745324141274,49.0,1.7737453241412737,2.5,win,10.0,9.090909090909092,19.090909090909093
New Orleans Pelicans,2024-25,2025,21,61,0.25609756,0.5429945308665532,11,extra_trees,46.5,21,61,under,+5000,https://www.basketball-reference.com/leagues/NBA_2025_preseason_odds.html,82,44.52555153105737,44.52555153105737,44.52555153105737,under,-1.974448468942633,21.0,23.525551531057367,25.5,win,10.0,9.090909090909092,19.090909090909093
New York Knicks,2024-25,2025,51,31,0.6219512,0.5921324518337824,11,extra_trees,53.5,51,31,under,+700,https://www.basketball-reference.com/leagues/NBA_2025_preseason_odds.html,82,48.55486105037016,48.55486105037016,48.55486105037016,under,-4.945138949629843,51.0,2.4451389496298432,2.5,win,10.0,9.090909090909092,19.090909090909093
Oklahoma City Thunder,2024-25,2025,68,14,0.8292683,0.595387393922742,11,extra_trees,57.5,68,14,over,+675,https://www.basketball-reference.com/leagues/NBA_2025_preseason_odds.html,82,48.821766301664844,48.821766301664844,48.821766301664844,under,-8.678233698335156,68.0,19.178233698335156,10.5,loss,10.0,-10.0,0.0
Orlando Magic,2024-25,2025,41,41,0.5,0.5286109840411807,11,extra_trees,47.5,41,41,under,+4000,https://www.basketball-reference.com/leagues/NBA_2025_preseason_odds.html,82,43.34610069137682,43.34610069137682,43.34610069137682,under,-4.153899308623181,41.0,2.3461006913768188,6.5,win,10.0,9.090909090909092,19.090909090909093
Philadelphia 76ers,2024-25,2025,24,58,0.29268292,0.5941300258651497,11,extra_trees,50.5,24,58,under,+1000,https://www.basketball-reference.com/leagues/NBA_2025_preseason_odds.html,82,48.71866212094228,48.71866212094228,48.71866212094228,under,-1.7813378790577232,24.0,24.718662120942277,26.5,win,10.0,9.090909090909092,19.090909090909093
Phoenix Suns,2024-25,2025,36,46,0.4390244,0.6223352111658238,11,extra_trees,48.5,36,46,under,+1500,https://www.basketball-reference.com/leagues/NBA_2025_preseason_odds.html,82,51.03148731559755,51.03148731559755,51.03148731559755,over,2.531487315597552,36.0,15.031487315597552,12.5,loss,10.0,-10.0,0.0
Portland Trail Blazers,2024-25,2025,36,46,0.4390244,0.42184780884954715,11,extra_trees,21.5,36,46,over,+100000,https://www.basketball-reference.com/leagues/NBA_2025_preseason_odds.html,82,34.59152032566286,34.59152032566286,34.59152032566286,over,13.091520325662863,36.0,1.408479674337137,14.5,win,10.0,9.090909090909092,19.090909090909093
Sacramento Kings,2024-25,2025,40,42,0.4878049,0.5772127086095022,11,extra_trees,46.5,40,42,under,+6600,https://www.basketball-reference.com/leagues/NBA_2025_preseason_odds.html,82,47.331442105979185,47.331442105979185,47.331442105979185,over,0.8314421059791854,40.0,7.331442105979185,6.5,loss,10.0,-10.0,0.0
San Antonio Spurs,2024-25,2025,34,48,0.41463414,0.5263582620980711,11,extra_trees,35.5,34,48,under,+15000,https://www.basketball-reference.com/leagues/NBA_2025_preseason_odds.html,82,43.16137749204183,43.16137749204183,43.16137749204183,over,7.661377492041829,34.0,9.16137749204183,1.5,loss,10.0,-10.0,0.0
Toronto Raptors,2024-25,2025,30,52,0.36585367,0.4373228866739644,11,extra_trees,29.5,30,52,over,+100000,https://www.basketball-reference.com/leagues/NBA_2025_preseason_odds.html,82,35.86047670726508,35.86047670726508,35.86047670726508,over,6.360476707265079,30.0,5.860476707265079,0.5,win,10.0,9.090909090909092,19.090909090909093
Utah Jazz,2024-25,2025,17,65,0.20731707,0.4439194515058655,11,extra_trees,28.5,17,65,under,+50000,https://www.basketball-reference.com/leagues/NBA_2025_preseason_odds.html,82,36.40139502348097,36.40139502348097,36.40139502348097,over,7.901395023480973,17.0,19.401395023480973,11.5,loss,10.0,-10.0,0.0
Washington Wizards,2024-25,2025,18,64,0.2195122,0.4311089218580957,11,extra_trees,20.5,18,64,under,+100000,https://www.basketball-reference.com/leagues/NBA_2025_preseason_odds.html,82,35.35093159236385,35.35093159236385,35.35093159236385,over,14.85093159236385,18.0,17.35093159236385,2.5,loss,10.0,-10.0,0.0
Atlanta Hawks,2025-26,2026,46,36,0.5609756,0.5304650505269377,12,extra_trees,46.5,46,36,under,+4000,https://www.basketball-reference.com/leagues/NBA_2026_preseason_odds.html,82,43.498134143208894,43.498134143208894,43.498134143208894,under,-3.001865856791106,46.0,2.501865856791106,0.5,win,10.0,9.090909090909092,19.090909090909093
Boston Celtics,2025-26,2026,56,26,0.68292683,0.6003682798247331,12,extra_trees,41.5,56,26,over,+6000,https://www.basketball-reference.com/leagues/NBA_2026_preseason_odds.html,82,49.23019894562811,49.23019894562811,49.23019894562811,over,7.730198945628111,56.0,6.769801054371889,14.5,win,10.0,9.090909090909092,19.090909090909093
Brooklyn Nets,2025-26,2026,20,62,0.24390244,0.41227497905311133,12,extra_trees,19.5,20,62,over,+100000,https://www.basketball-reference.com/leagues/NBA_2026_preseason_odds.html,82,33.80654828235513,33.80654828235513,33.80654828235513,over,14.30654828235513,20.0,13.80654828235513,0.5,win,10.0,9.090909090909092,19.090909090909093
Charlotte Hornets,2025-26,2026,44,38,0.5365854,0.4373477280554703,12,extra_trees,27.5,44,38,over,+100000,https://www.basketball-reference.com/leagues/NBA_2026_preseason_odds.html,82,35.86251370054856,35.86251370054856,35.86251370054856,over,8.362513700548561,44.0,8.137486299451439,16.5,win,10.0,9.090909090909092,19.090909090909093
Chicago Bulls,2025-26,2026,31,51,0.37804878,0.4384882681576326,12,extra_trees,33.5,31,51,under,+50000,https://www.basketball-reference.com/leagues/NBA_2026_preseason_odds.html,82,35.95603798892587,35.95603798892587,35.95603798892587,over,2.456037988925871,31.0,4.956037988925871,2.5,loss,10.0,-10.0,0.0
Cleveland Cavaliers,2025-26,2026,52,30,0.63414633,0.5787277352857906,12,extra_trees,56.5,52,30,under,+750,https://www.basketball-reference.com/leagues/NBA_2026_preseason_odds.html,82,47.455674293434825,47.455674293434825,47.455674293434825,under,-9.044325706565175,52.0,4.544325706565175,4.5,win,10.0,9.090909090909092,19.090909090909093
Dallas Mavericks,2025-26,2026,26,56,0.31707317,0.6121415115431142,12,extra_trees,41.5,26,56,under,+3500,https://www.basketball-reference.com/leagues/NBA_2026_preseason_odds.html,82,50.19560394653537,50.19560394653537,50.19560394653537,over,8.695603946535371,26.0,24.19560394653537,15.5,loss,10.0,-10.0,0.0
Denver Nuggets,2025-26,2026,54,28,0.6585366,0.6065884905707288,12,extra_trees,53.5,54,28,over,+550,https://www.basketball-reference.com/leagues/NBA_2026_preseason_odds.html,82,49.740256226799765,49.740256226799765,49.740256226799765,under,-3.759743773200235,54.0,4.259743773200235,0.5,loss,10.0,-10.0,0.0
Detroit Pistons,2025-26,2026,60,22,0.73170733,0.5062042546819866,12,extra_trees,46.5,60,22,over,+3300,https://www.basketball-reference.com/leagues/NBA_2026_preseason_odds.html,82,41.5087488839229,41.5087488839229,41.5087488839229,under,-4.991251116077102,60.0,18.491251116077102,13.5,loss,10.0,-10.0,0.0
Golden State Warriors,2025-26,2026,37,45,0.4512195,0.5353620540398191,12,extra_trees,47.5,37,45,under,+2500,https://www.basketball-reference.com/leagues/NBA_2026_preseason_odds.html,82,43.89968843126516,43.89968843126516,43.89968843126516,under,-3.6003115687348384,37.0,6.899688431265162,10.5,win,10.0,9.090909090909092,19.090909090909093
Houston Rockets,2025-26,2026,52,30,0.63414633,0.5945564486430135,12,extra_trees,52.5,52,30,under,+1400,https://www.basketball-reference.com/leagues/NBA_2026_preseason_odds.html,82,48.753628788727106,48.753628788727106,48.753628788727106,under,-3.746371211272894,52.0,3.246371211272894,0.5,win,10.0,9.090909090909092,19.090909090909093
Indiana Pacers,2025-26,2026,19,63,0.23170732,0.5772139317486017,12,extra_trees,37.5,19,63,under,+10000,https://www.basketball-reference.com/leagues/NBA_2026_preseason_odds.html,82,47.33154240338534,47.33154240338534,47.33154240338534,over,9.831542403385342,19.0,28.331542403385342,18.5,loss,10.0,-10.0,0.0
Los Angeles Clippers,2025-26,2026,42,40,0.5121951,0.6211304952094949,12,extra_trees,49.5,42,40,under,+1800,https://www.basketball-reference.com/leagues/NBA_2026_preseason_odds.html,82,50.93270060717858,50.93270060717858,50.93270060717858,over,1.4327006071785817,42.0,8.932700607178582,7.5,loss,10.0,-10.0,0.0
Los Angeles Lakers,2025-26,2026,53,29,0.64634144,0.5981664506207551,12,extra_trees,46.5,53,29,over,+1600,https://www.basketball-reference.com/leagues/NBA_2026_preseason_odds.html,82,49.04964895090192,49.04964895090192,49.04964895090192,over,2.5496489509019185,53.0,3.9503510490980815,6.5,win,10.0,9.090909090909092,19.090909090909093
Memphis Grizzlies,2025-26,2026,25,57,0.30487806,0.5684466489799871,12,extra_trees,39.5,25,57,under,+12500,https://www.basketball-reference.com/leagues/NBA_2026_preseason_odds.html,82,46.61262521635894,46.61262521635894,46.61262521635894,over,7.112625216358943,25.0,21.612625216358943,14.5,loss,10.0,-10.0,0.0
Miami Heat,2025-26,2026,43,39,0.5243902,0.5644245054713845,12,extra_trees,37.5,43,39,over,+20000,https://www.basketball-reference.com/leagues/NBA_2026_preseason_odds.html,82,46.28280944865352,46.28280944865352,46.28280944865352,over,8.782809448653524,43.0,3.2828094486535235,5.5,win,10.0,9.090909090909092,19.090909090909093
Milwaukee Bucks,2025-26,2026,32,50,0.3902439,0.5492173644264776,12,extra_trees,43.5,32,50,under,+5500,https://www.basketball-reference.com/leagues/NBA_2026_preseason_odds.html,82,45.035823882971165,45.035823882971165,45.035823882971165,over,1.5358238829711652,32.0,13.035823882971165,11.5,loss,10.0,-10.0,0.0
Minnesota Timberwolves,2025-26,2026,49,33,0.597561,0.5956770043704079,12,extra_trees,49.5,49,33,under,+1300,https://www.basketball-reference.com/leagues/NBA_2026_preseason_odds.html,82,48.84551435837345,48.84551435837345,48.84551435837345,under,-0.6544856416265503,49.0,0.15448564162655032,0.5,win,10.0,9.090909090909092,19.090909090909093
New Orleans Pelicans,2025-26,2026,26,56,0.31707317,0.4569904285639684,12,extra_trees,30.5,26,56,under,+30000,https://www.basketball-reference.com/leagues/NBA_2026_preseason_odds.html,82,37.47321514224541,37.47321514224541,37.47321514224541,over,6.973215142245408,26.0,11.473215142245408,4.5,loss,10.0,-10.0,0.0
New York Knicks,2025-26,2026,53,29,0.64634144,0.609999856858976,12,extra_trees,53.5,53,29,under,+900,https://www.basketball-reference.com/leagues/NBA_2026_preseason_odds.html,82,50.01998826243603,50.01998826243603,50.01998826243603,under,-3.48001173756397,53.0,2.98001173756397,0.5,win,10.0,9.090909090909092,19.090909090909093
Oklahoma City Thunder,2025-26,2026,64,18,0.7804878,0.6092797806254251,12,extra_trees,62.5,64,18,over,+240,https://www.basketball-reference.com/leagues/NBA_2026_preseason_odds.html,82,49.96094201128486,49.96094201128486,49.96094201128486,under,-12.539057988715143,64.0,14.039057988715143,1.5,loss,10.0,-10.0,0.0
Orlando Magic,2025-26,2026,45,37,0.5487805,0.5427689807681971,12,extra_trees,51.5,45,37,under,+1800,https://www.basketball-reference.com/leagues/NBA_2026_preseason_odds.html,82,44.507056422992164,44.507056422992164,44.507056422992164,under,-6.992943577007836,45.0,0.49294357700783564,6.5,win,10.0,9.090909090909092,19.090909090909093
Philadelphia 76ers,2025-26,2026,45,37,0.5487805,0.5686202891424705,12,extra_trees,43.5,45,37,over,+4000,https://www.basketball-reference.com/leagues/NBA_2026_preseason_odds.html,82,46.62686370968258,46.62686370968258,46.62686370968258,over,3.1268637096825813,45.0,1.6268637096825813,1.5,win,10.0,9.090909090909092,19.090909090909093
Phoenix Suns,2025-26,2026,45,37,0.5487805,0.47212286736581227,12,extra_trees,30.5,45,37,over,+50000,https://www.basketball-reference.com/leagues/NBA_2026_preseason_odds.html,82,38.71407512399661,38.71407512399661,38.71407512399661,over,8.214075123996608,45.0,6.285924876003392,14.5,win,10.0,9.090909090909092,19.090909090909093
Portland Trail Blazers,2025-26,2026,42,40,0.5121951,0.5329016596055861,12,extra_trees,35.5,42,40,over,+50000,https://www.basketball-reference.com/leagues/NBA_2026_preseason_odds.html,82,43.697936087658064,43.697936087658064,43.697936087658064,over,8.197936087658064,42.0,1.6979360876580643,6.5,win,10.0,9.090909090909092,19.090909090909093
Sacramento Kings,2025-26,2026,22,60,0.2682927,0.5321357575248414,12,extra_trees,35.5,22,60,under,+50000,https://www.basketball-reference.com/leagues/NBA_2026_preseason_odds.html,82,43.635132117036996,43.635132117036996,43.635132117036996,over,8.135132117036996,22.0,21.635132117036996,13.5,loss,10.0,-10.0,0.0
San Antonio Spurs,2025-26,2026,62,20,0.75609756,0.5288820066030946,12,extra_trees,44.5,62,20,over,+6600,https://www.basketball-reference.com/leagues/NBA_2026_preseason_odds.html,82,43.36832454145376,43.36832454145376,43.36832454145376,under,-1.1316754585462405,62.0,18.63167545854624,17.5,loss,10.0,-10.0,0.0
Toronto Raptors,2025-26,2026,46,36,0.5609756,0.5373079853433715,12,extra_trees,39.5,46,36,over,+10000,https://www.basketball-reference.com/leagues/NBA_2026_preseason_odds.html,82,44.059254798156466,44.059254798156466,44.059254798156466,over,4.559254798156466,46.0,1.9407452018435336,6.5,win,10.0,9.090909090909092,19.090909090909093
Utah Jazz,2025-26,2026,22,60,0.2682927,0.3995744544731012,12,extra_trees,18.5,22,60,over,+100000,https://www.basketball-reference.com/leagues/NBA_2026_preseason_odds.html,82,32.7651052667943,32.7651052667943,32.7651052667943,over,14.2651052667943,22.0,10.7651052667943,3.5,win,10.0,9.090909090909092,19.090909090909093
Washington Wizards,2025-26,2026,17,65,0.20731707,0.3870049033754046,12,extra_trees,20.5,17,65,under,+100000,https://www.basketball-reference.com/leagues/NBA_2026_preseason_odds.html,82,31.734402076783176,31.734402076783176,31.734402076783176,over,11.234402076783176,17.0,14.734402076783176,3.5,loss,10.0,-10.0,0.0
