team,season,season_end_year,wins,losses,win_pct,predicted_wins,predicted_win_pct,selected_model,lasso_alpha,rank_blend,training_seasons,prior_season_wins,prior_three_mean_wins,actual_normalized_wins,league_mean_wins,win_total_line
Atlanta Hawks,2016-17,2017,43,39,0.5243902,44.209930712338135,0.5391454964919284,rank_calibrated_lasso,0.5359821146546927,0.6,3,47.999998059999996,48.666666533333334,42.9999964,41.0,43.5
Boston Celtics,2016-17,2017,53,29,0.64634144,48.30433586453712,0.5890772666406966,rank_calibrated_lasso,0.5359821146546927,0.6,3,47.999998059999996,37.666666926666664,52.999998080000005,41.0,52.5
Brooklyn Nets,2016-17,2017,20,62,0.24390244,17.421396738603725,0.2124560577878503,rank_calibrated_lasso,0.5359821146546927,0.6,3,20.99999992,34.3333344,20.00000008,41.0,21.5
Charlotte Hornets,2016-17,2017,36,46,0.4390244,39.63945746753306,0.4834080178967446,rank_calibrated_lasso,0.5359821146546927,0.6,3,47.999998059999996,41.33333164,36.000000799999995,41.0,42.5
Chicago Bulls,2016-17,2017,41,41,0.5,51.02461186833457,0.6222513642479826,rank_calibrated_lasso,0.5359821146546927,0.6,3,41.9999982,46.666665486666666,41.0,41.0,39.0
Cleveland Cavaliers,2016-17,2017,51,31,0.6219512,56.59617233931748,0.6901972236502131,rank_calibrated_lasso,0.5359821146546927,0.6,3,56.99999908,47.66666587333333,50.9999984,41.0,56.5
Dallas Mavericks,2016-17,2017,33,49,0.40243903,33.14576203282659,0.4042166101564218,rank_calibrated_lasso,0.5359821146546927,0.6,3,41.9999982,47.00000013333334,33.000000459999995,41.0,39.5
Denver Nuggets,2016-17,2017,40,42,0.4878049,31.034641298253423,0.3784712353445539,rank_calibrated_lasso,0.5359821146546927,0.6,3,33.000000459999995,33.00000073333333,40.0000018,41.0,37.0
Detroit Pistons,2016-17,2017,37,45,0.4512195,44.63832544996173,0.5443698225605088,rank_calibrated_lasso,0.5359821146546927,0.6,3,44.0000028,35.00000068666667,36.999999,41.0,44.5
Golden State Warriors,2016-17,2017,67,15,0.81707317,67.77504336118217,0.826524919038807,rank_calibrated_lasso,0.5359821146546927,0.6,3,72.9999998,63.66666604666667,66.99999994,41.0,66.5
Houston Rockets,2016-17,2017,55,27,0.6707317,39.031481009514685,0.4759936708477401,rank_calibrated_lasso,0.5359821146546927,0.6,3,41.0,50.333333753333335,54.9999994,41.0,44.0
Indiana Pacers,2016-17,2017,42,40,0.5121951,42.86801981211589,0.5227807294160475,rank_calibrated_lasso,0.5359821146546927,0.6,3,45.000001,46.33333384666667,41.9999982,41.0,44.5
Los Angeles Clippers,2016-17,2017,51,31,0.6219512,54.53421006521389,0.6650513422587059,rank_calibrated_lasso,0.5359821146546927,0.6,3,52.999998080000005,55.33333240666667,50.9999984,41.0,53.5
Los Angeles Lakers,2016-17,2017,26,56,0.31707317,22.24948894756198,0.271335231067829,rank_calibrated_lasso,0.5359821146546927,0.6,3,16.99999974,21.666666753333335,25.999999940000002,41.0,24.5
Memphis Grizzlies,2016-17,2017,43,39,0.5243902,41.53768142696405,0.5065570905727323,rank_calibrated_lasso,0.5359821146546927,0.6,3,41.9999982,48.99999926666667,42.9999964,41.0,42.5
Miami Heat,2016-17,2017,41,41,0.5,32.131016986803004,0.3918416705707683,rank_calibrated_lasso,0.5359821146546927,0.6,3,47.999998059999996,46.33333275333333,41.0,41.0,34.5
Milwaukee Bucks,2016-17,2017,42,40,0.5121951,34.35282738487983,0.4189369193278028,rank_calibrated_lasso,0.5359821146546927,0.6,3,33.000000459999995,29.66666684,41.9999982,41.0,34.5
Minnesota Timberwolves,2016-17,2017,31,51,0.37804878,40.92823734668397,0.4991248456912679,rank_calibrated_lasso,0.5359821146546927,0.6,3,28.99999946,28.333333446666668,30.999999959999997,41.0,41.5
New Orleans Pelicans,2016-17,2017,34,48,0.41463414,47.302284563271925,0.5768571288203893,rank_calibrated_lasso,0.5359821146546927,0.6,3,30.000000940000003,36.333333806666666,33.99999948,41.0,36.5
New York Knicks,2016-17,2017,31,51,0.37804878,38.54812506991248,0.4700990862184449,rank_calibrated_lasso,0.5359821146546927,0.6,3,31.999999799999998,28.666666180000004,30.999999959999997,41.0,38.5
Oklahoma City Thunder,2016-17,2017,47,35,0.5731707,49.41614481880554,0.6026359124244578,rank_calibrated_lasso,0.5359821146546927,0.6,3,54.9999994,53.00000026666667,46.999997400000005,41.0,45.0
Orlando Magic,2016-17,2017,29,53,0.35365853,26.0039213301005,0.3171209918304939,rank_calibrated_lasso,0.5359821146546927,0.6,3,35.00000096,27.666667160000003,28.99999946,41.0,37.5
Philadelphia 76ers,2016-17,2017,28,54,0.34146342,19.993053669302263,0.2438177276744178,rank_calibrated_lasso,0.5359821146546927,0.6,3,10.00000004,15.666666893333334,28.00000044,41.0,23.5
Phoenix Suns,2016-17,2017,24,58,0.29268292,28.378140772456792,0.3460748874689853,rank_calibrated_lasso,0.5359821146546927,0.6,3,22.999999600000002,36.66666572,23.99999944,41.0,29.5
Portland Trail Blazers,2016-17,2017,41,41,0.5,45.62612947475712,0.5564162131067941,rank_calibrated_lasso,0.5359821146546927,0.6,3,44.0000028,49.66666746666667,41.0,41.0,45.5
Sacramento Kings,2016-17,2017,32,50,0.3902439,36.17299692085153,0.4411341087908723,rank_calibrated_lasso,0.5359821146546927,0.6,3,33.000000459999995,30.00000012,31.999999799999998,41.0,33.5
San Antonio Spurs,2016-17,2017,61,21,0.74390244,60.72476207555019,0.7405458789701242,rank_calibrated_lasso,0.5359821146546927,0.6,3,66.99999994,61.33333308666666,61.00000008000001,41.0,57.5
Toronto Raptors,2016-17,2017,51,31,0.6219512,51.547510905882675,0.628628181779057,rank_calibrated_lasso,0.5359821146546927,0.6,3,56.00000006,51.000000039999996,50.9999984,41.0,50.5
Utah Jazz,2016-17,2017,51,31,0.6219512,46.771817810944746,0.5703880220846921,rank_calibrated_lasso,0.5359821146546927,0.6,3,40.0000018,34.333334400000005,50.9999984,41.0,47.5
Washington Wizards,2016-17,2017,49,33,0.597561,37.22022066876775,0.4539051301069238,rank_calibrated_lasso,0.5359821146546927,0.6,3,41.0,43.66666733333333,49.000002,41.0,42.5
Atlanta Hawks,2017-18,2018,24,58,0.29268292,26.89746014829862,0.3280178066865685,rank_calibrated_lasso,0.6000763381800931,0.41,4,42.9999964,50.33333184,23.99999944,41.0,25.5
Boston Celtics,2017-18,2018,55,27,0.6707317,50.08080347266456,0.6107415057642019,rank_calibrated_lasso,0.6000763381800931,0.41,4,52.999998080000005,46.99999931333334,54.9999994,41.0,53.5
Brooklyn Nets,2017-18,2018,28,54,0.34146342,22.33695405425166,0.272401878710386,rank_calibrated_lasso,0.6000763381800931,0.41,4,20.00000008,26.33333349333333,28.00000044,41.0,27.5
Charlotte Hornets,2017-18,2018,36,46,0.4390244,38.911235217175445,0.474527258746042,rank_calibrated_lasso,0.6000763381800931,0.41,4,36.000000799999995,38.99999977333333,36.000000799999995,41.0,42.5
Chicago Bulls,2017-18,2018,27,55,0.3292683,24.720742864991458,0.3014724739633104,rank_calibrated_lasso,0.6000763381800931,0.41,4,41.0,44.3333328,27.0000006,41.0,22.0
Cleveland Cavaliers,2017-18,2018,50,32,0.6097561,53.173663405786016,0.6484593098266588,rank_calibrated_lasso,0.6000763381800931,0.41,4,50.9999984,53.66666518666667,50.0000002,41.0,53.5
Dallas Mavericks,2017-18,2018,24,58,0.29268292,31.448674697493654,0.3835204231401665,rank_calibrated_lasso,0.6000763381800931,0.41,4,33.000000459999995,41.66666628666667,23.99999944,41.0,35.5
Denver Nuggets,2017-18,2018,46,36,0.5609756,45.26372170843443,0.5519966062004199,rank_calibrated_lasso,0.6000763381800931,0.41,4,40.0000018,34.333334400000005,45.999999200000005,41.0,45.5
Detroit Pistons,2017-18,2018,39,43,0.47560975,35.51420940552616,0.4331001147015385,rank_calibrated_lasso,0.6000763381800931,0.41,4,36.999999,37.6666672,38.9999995,41.0,38.5
Golden State Warriors,2017-18,2018,58,24,0.70731705,64.70421631278819,0.7890758086925389,rank_calibrated_lasso,0.6000763381800931,0.41,4,66.99999994,68.99999989333332,57.9999981,41.0,67.5
Houston Rockets,2017-18,2018,65,17,0.79268295,56.653208543707066,0.6908927871183789,rank_calibrated_lasso,0.6000763381800931,0.41,4,54.9999994,50.666666486666664,65.0000019,41.0,55.5
Indiana Pacers,2017-18,2018,48,34,0.58536583,37.50041655983083,0.4573221531686687,rank_calibrated_lasso,0.6000763381800931,0.41,4,41.9999982,41.66666656,47.999998059999996,41.0,31.5
Los Angeles Clippers,2017-18,2018,42,40,0.5121951,48.749005080031075,0.5945000619515984,rank_calibrated_lasso,0.6000763381800931,0.41,4,50.9999984,53.33333217999999,41.9999982,41.0,43.5
Los Angeles Lakers,2017-18,2018,35,47,0.42682928,32.81723171354445,0.4002101428481031,rank_calibrated_lasso,0.6000763381800931,0.41,4,25.999999940000002,21.333333200000002,35.00000096,41.0,33.5
Memphis Grizzlies,2017-18,2018,22,60,0.2682927,40.95728756519124,0.4994791166486736,rank_calibrated_lasso,0.6000763381800931,0.41,4,42.9999964,46.66666466666667,22.0000014,41.0,37.5
Miami Heat,2017-18,2018,44,38,0.5365854,42.69084346954453,0.5206200423115187,rank_calibrated_lasso,0.6000763381800931,0.41,4,41.0,41.99999902,44.0000028,41.0,43.5
Milwaukee Bucks,2017-18,2018,44,38,0.5365854,43.79674884962576,0.534106693288119,rank_calibrated_lasso,0.6000763381800931,0.41,4,41.9999982,38.666666219999996,44.0000028,41.0,47.5
Minnesota Timberwolves,2017-18,2018,47,35,0.5731707,46.595304785138126,0.5682354242090015,rank_calibrated_lasso,0.6000763381800931,0.41,4,30.999999959999997,25.333332833333333,46.999997400000005,41.0,48.5
New Orleans Pelicans,2017-18,2018,48,34,0.58536583,44.61145420605922,0.5440421244641368,rank_calibrated_lasso,0.6000763381800931,0.41,4,33.99999948,36.333333806666666,47.999998059999996,41.0,39.5
New York Knicks,2017-18,2018,29,53,0.35365853,32.19917179005938,0.3926728267080412,rank_calibrated_lasso,0.6000763381800931,0.41,4,30.999999959999997,26.6666665,28.99999946,41.0,30.5
Oklahoma City Thunder,2017-18,2018,48,34,0.58536583,51.839484005349426,0.6321888293335296,rank_calibrated_lasso,0.6000763381800931,0.41,4,46.999997400000005,48.99999926666667,47.999998059999996,41.0,53.5
Orlando Magic,2017-18,2018,25,57,0.30487806,28.01219651421712,0.3416121526124039,rank_calibrated_lasso,0.6000763381800931,0.41,4,28.99999946,29.666667113333336,25.00000092,41.0,33.5
Philadelphia 76ers,2017-18,2018,52,30,0.63414633,36.41211397201188,0.4440501703903888,rank_calibrated_lasso,0.6000763381800931,0.41,4,28.00000044,18.66666696,51.99999906,41.0,39.5
Phoenix Suns,2017-18,2018,21,61,0.25609756,33.932753299776884,0.4138140646314254,rank_calibrated_lasso,0.6000763381800931,0.41,4,23.99999944,28.666666180000004,20.99999992,41.0,28.5
Portland Trail Blazers,2017-18,2018,49,33,0.597561,39.47443704793111,0.4813955737552574,rank_calibrated_lasso,0.6000763381800931,0.41,4,41.0,45.333333733333326,49.000002,41.0,42.5
Sacramento Kings,2017-18,2018,27,55,0.3292683,29.296377500261404,0.3572728963446512,rank_calibrated_lasso,0.6000763381800931,0.41,4,31.999999799999998,31.33333324,27.0000006,41.0,27.5
San Antonio Spurs,2017-18,2018,47,35,0.5731707,53.86224762964258,0.6568566784102754,rank_calibrated_lasso,0.6000763381800931,0.41,4,61.00000008000001,60.999999806666665,46.999997400000005,41.0,55.0
Toronto Raptors,2017-18,2018,59,23,0.7195122,46.28640272091724,0.5644683258648444,rank_calibrated_lasso,0.6000763381800931,0.41,4,50.9999984,52.00000015333333,59.000000400000005,41.0,48.5
Utah Jazz,2017-18,2018,48,34,0.58536583,42.122175471464985,0.5136850667251828,rank_calibrated_lasso,0.6000763381800931,0.41,4,50.9999984,43.000000226666664,47.999998059999996,41.0,40.5
Washington Wizards,2017-18,2018,43,39,0.5243902,47.880987689776454,0.5839144840216641,rank_calibrated_lasso,0.6000763381800931,0.41,4,49.000002,45.333333733333326,42.9999964,41.0,48.5
Atlanta Hawks,2018-19,2019,29,53,0.35365853,24.91842443177655,0.3038832247777628,rank_calibrated_lasso,0.6000763381800931,0.4,5,23.99999944,38.3333313,28.99999946,41.0,23.5
Boston Celtics,2018-19,2019,49,33,0.597561,58.81013219973699,0.717196734143134,rank_calibrated_lasso,0.6000763381800931,0.4,5,54.9999994,51.99999851333334,49.000002,41.0,59.0
Brooklyn Nets,2018-19,2019,42,40,0.5121951,30.96332205567333,0.3776014884838211,rank_calibrated_lasso,0.6000763381800931,0.4,5,28.00000044,23.000000146666668,41.9999982,41.0,32.0
Charlotte Hornets,2018-19,2019,39,43,0.47560975,34.433886636885234,0.4199254467912833,rank_calibrated_lasso,0.6000763381800931,0.4,5,36.000000799999995,39.999999886666664,38.9999995,41.0,35.5
Chicago Bulls,2018-19,2019,22,60,0.2682927,31.833004742550017,0.3882073749091465,rank_calibrated_lasso,0.6000763381800931,0.4,5,27.0000006,36.66666626666667,22.0000014,41.0,30.0
Cleveland Cavaliers,2018-19,2019,19,63,0.23170732,36.821821615304515,0.4490466050646892,rank_calibrated_lasso,0.6000763381800931,0.4,5,50.0000002,52.66666589333334,19.00000024,41.0,30.5
Dallas Mavericks,2018-19,2019,33,49,0.40243903,35.514386121999905,0.4331022697804866,rank_calibrated_lasso,0.6000763381800931,0.4,5,23.99999944,32.999999366666664,33.000000459999995,41.0,35.5
Denver Nuggets,2018-19,2019,54,28,0.6585366,44.50826729262694,0.5427837474710603,rank_calibrated_lasso,0.6000763381800931,0.4,5,45.999999200000005,39.66666715333333,54.0000012,41.0,47.5
Detroit Pistons,2018-19,2019,41,41,0.5,39.70049508572521,0.4841523790942099,rank_calibrated_lasso,0.6000763381800931,0.4,5,38.9999995,40.000000433333334,41.0,41.0,38.5
Golden State Warriors,2018-19,2019,57,25,0.69512194,62.74486387349222,0.7651812667499052,rank_calibrated_lasso,0.6000763381800931,0.4,5,57.9999981,65.99999928,56.99999908,41.0,62.5
Houston Rockets,2018-19,2019,53,29,0.64634144,56.58971911993676,0.6901185258528874,rank_calibrated_lasso,0.6000763381800931,0.4,5,65.0000019,53.666667100000005,52.999998080000005,41.0,56.5
Indiana Pacers,2018-19,2019,48,34,0.58536583,42.246105969829614,0.5151964142662148,rank_calibrated_lasso,0.6000763381800931,0.4,5,47.999998059999996,44.99999908666666,47.999998059999996,41.0,47.5
Los Angeles Clippers,2018-19,2019,48,34,0.58536583,33.35635888508868,0.406784864452301,rank_calibrated_lasso,0.6000763381800931,0.4,5,41.9999982,48.66666489333334,47.999998059999996,41.0,37.0
Los Angeles Lakers,2018-19,2019,37,45,0.4512195,46.79249829092764,0.5706402230600932,rank_calibrated_lasso,0.6000763381800931,0.4,5,35.00000096,26.000000213333333,36.999999,41.0,48.5
Memphis Grizzlies,2018-19,2019,33,49,0.40243903,31.287296173331452,0.3815523923577006,rank_calibrated_lasso,0.6000763381800931,0.4,5,22.0000014,35.666665333333334,33.000000459999995,41.0,34.5
Miami Heat,2018-19,2019,39,43,0.47560975,40.984174526447006,0.4998070064200854,rank_calibrated_lasso,0.6000763381800931,0.4,5,44.0000028,44.33333362,38.9999995,41.0,43.0
Milwaukee Bucks,2018-19,2019,60,22,0.73170733,48.3170539771385,0.5892323655748597,rank_calibrated_lasso,0.6000763381800931,0.4,5,44.0000028,39.66666715333333,60.00000106,41.0,48.0
Minnesota Timberwolves,2018-19,2019,36,46,0.4390244,47.822532158082254,0.5832016116839299,rank_calibrated_lasso,0.6000763381800931,0.4,5,46.999997400000005,35.66666560666667,36.000000799999995,41.0,41.5
New Orleans Pelicans,2018-19,2019,33,49,0.40243903,47.348410488405904,0.577419640102511,rank_calibrated_lasso,0.6000763381800931,0.4,5,47.999998059999996,37.33333282666667,33.000000459999995,41.0,45.5
New York Knicks,2018-19,2019,17,65,0.20731707,21.30599906069124,0.259829256837698,rank_calibrated_lasso,0.6000763381800931,0.4,5,28.99999946,30.666666406666664,16.99999974,41.0,28.5
Oklahoma City Thunder,2018-19,2019,49,33,0.597561,50.61772250535553,0.6172892988457992,rank_calibrated_lasso,0.6000763381800931,0.4,5,47.999998059999996,49.999998286666674,49.000002,41.0,48.5
Orlando Magic,2018-19,2019,42,40,0.5121951,29.492938626416557,0.3596699832489824,rank_calibrated_lasso,0.6000763381800931,0.4,5,25.00000092,29.666667113333336,41.9999982,41.0,31.0
Philadelphia 76ers,2018-19,2019,51,31,0.6219512,49.337662174981475,0.6016788070119692,rank_calibrated_lasso,0.6000763381800931,0.4,5,51.99999906,29.999999846666668,50.9999984,41.0,53.5
Phoenix Suns,2018-19,2019,19,63,0.23170732,28.291044231180024,0.3450127345265856,rank_calibrated_lasso,0.6000763381800931,0.4,5,20.99999992,22.66666632,19.00000024,41.0,29.0
Portland Trail Blazers,2018-19,2019,53,29,0.64634144,42.5505635992656,0.5189093121861659,rank_calibrated_lasso,0.6000763381800931,0.4,5,49.000002,44.66666826666667,52.999998080000005,41.0,42.0
Sacramento Kings,2018-19,2019,39,43,0.47560975,26.255550175491983,0.3201896362864876,rank_calibrated_lasso,0.6000763381800931,0.4,5,27.0000006,30.666666953333333,38.9999995,41.0,26.0
San Antonio Spurs,2018-19,2019,48,34,0.58536583,44.76853615226457,0.545957757954446,rank_calibrated_lasso,0.6000763381800931,0.4,5,46.999997400000005,58.333332473333336,47.999998059999996,41.0,43.5
Toronto Raptors,2018-19,2019,58,24,0.70731705,52.36899198611811,0.6386462437331477,rank_calibrated_lasso,0.6000763381800931,0.4,5,59.000000400000005,55.33333295333333,57.9999981,41.0,55.5
Utah Jazz,2018-19,2019,50,32,0.6097561,45.716682550210905,0.5575205189050111,rank_calibrated_lasso,0.6000763381800931,0.4,5,47.999998059999996,46.33333275333333,50.0000002,41.0,49.5
Washington Wizards,2018-19,2019,32,50,0.3902439,43.856545055133026,0.5348359153065003,rank_calibrated_lasso,0.6000763381800931,0.4,5,42.9999964,44.3333328,31.999999799999998,41.0,45.5
Atlanta Hawks,2019-20,2020,20,47,0.29850745,33.23307029600624,0.4052813450732468,rank_calibrated_lasso,0.6000763381800931,0.38,6,28.99999946,31.99999843333333,24.477610900000002,41.0,33.5
Boston Celtics,2019-20,2020,48,24,0.6666667,45.91831073978143,0.5599793992656272,rank_calibrated_lasso,0.6000763381800931,0.38,6,49.000002,52.33333316,54.666669399999996,41.0,48.5
Brooklyn Nets,2019-20,2020,35,37,0.4861111,43.091489096562086,0.5255059645922205,rank_calibrated_lasso,0.6000763381800931,0.38,6,41.9999982,29.999999573333337,39.8611102,41.0,43.5
Charlotte Hornets,2019-20,2020,23,42,0.35384616,23.297153128421353,0.2841116235173336,rank_calibrated_lasso,0.6000763381800931,0.38,6,38.9999995,37.00000036666666,29.01538512,41.0,23.5
Chicago Bulls,2019-20,2020,22,43,0.33846155,32.59494132694815,0.3974992844749774,rank_calibrated_lasso,0.6000763381800931,0.38,6,22.0000014,30.000000666666665,27.7538471,41.0,33.5
Cleveland Cavaliers,2019-20,2020,19,46,0.2923077,24.77508374672599,0.3021351676429998,rank_calibrated_lasso,0.6000763381800931,0.38,6,19.00000024,39.99999961333334,23.9692314,41.0,24.5
Dallas Mavericks,2019-20,2020,43,32,0.5733333,38.53756983251684,0.4699703638111809,rank_calibrated_lasso,0.6000763381800931,0.38,6,33.000000459999995,30.000000119999996,47.0133306,41.0,40.5
Denver Nuggets,2019-20,2020,46,27,0.63013697,48.15845477183005,0.5872982289247566,rank_calibrated_lasso,0.6000763381800931,0.38,6,54.0000012,46.6666674,51.67123154,41.0,53.0
Detroit Pistons,2019-20,2020,20,46,0.3030303,40.33829493364983,0.4919304260201198,rank_calibrated_lasso,0.6000763381800931,0.38,6,41.0,38.9999995,24.8484846,41.0,37.5
Golden State Warriors,2019-20,2020,15,50,0.23076923,51.21000133044363,0.6245122113468735,rank_calibrated_lasso,0.6000763381800931,0.38,6,56.99999908,60.66666570666667,18.92307686,41.0,47.5
Houston Rockets,2019-20,2020,44,28,0.6111111,56.37884146312228,0.6875468471112473,rank_calibrated_lasso,0.6000763381800931,0.38,6,52.999998080000005,57.66666646000001,50.1111102,41.0,54.0
Indiana Pacers,2019-20,2020,45,28,0.6164383,44.27813630051253,0.5399772719574698,rank_calibrated_lasso,0.6000763381800931,0.38,6,47.999998059999996,45.99999810666666,50.5479406,41.0,46.5
Los Angeles Clippers,2019-20,2020,49,23,0.6805556,46.74001272656519,0.5700001552020145,rank_calibrated_lasso,0.6000763381800931,0.38,6,47.999998059999996,46.99999822,55.805559200000005,41.0,53.5
Los Angeles Lakers,2019-20,2020,52,19,0.73239434,58.77200771311934,0.7167318013795042,rank_calibrated_lasso,0.6000763381800931,0.38,6,36.999999,32.666666633333335,60.056335880000006,41.0,50.5
Memphis Grizzlies,2019-20,2020,34,39,0.46575344,27.154136619217493,0.3311480075514328,rank_calibrated_lasso,0.6000763381800931,0.38,6,33.000000459999995,32.666666086666666,38.19178208,41.0,27.5
Miami Heat,2019-20,2020,44,29,0.60273975,37.73922310889971,0.4602344281573135,rank_calibrated_lasso,0.6000763381800931,0.38,6,38.9999995,41.3333341,49.424659500000004,41.0,43.5
Milwaukee Bucks,2019-20,2020,56,17,0.7671233,53.56874640640005,0.6532773952000006,rank_calibrated_lasso,0.6000763381800931,0.38,6,60.00000106,48.66666735333333,62.904110599999996,41.0,57.5
Minnesota Timberwolves,2019-20,2020,19,45,0.296875,35.31227836041055,0.4306375409806164,rank_calibrated_lasso,0.6000763381800931,0.38,6,36.000000799999995,37.999999386666666,24.34375,41.0,35.5
New Orleans Pelicans,2019-20,2020,30,42,0.41666666,36.3202344428431,0.4429296883273549,rank_calibrated_lasso,0.6000763381800931,0.38,6,33.000000459999995,38.333332666666664,34.16666612,41.0,37.5
New York Knicks,2019-20,2020,21,45,0.3181818,26.165246575991787,0.3190883728779486,rank_calibrated_lasso,0.6000763381800931,0.38,6,16.99999974,25.666666386666666,26.0909076,41.0,26.5
Oklahoma City Thunder,2019-20,2020,44,28,0.6111111,42.14223684086848,0.5139297175715668,rank_calibrated_lasso,0.6000763381800931,0.38,6,49.000002,47.999999153333334,50.1111102,41.0,32.5
Orlando Magic,2019-20,2020,33,40,0.4520548,36.93989126884367,0.4504864788883373,rank_calibrated_lasso,0.6000763381800931,0.38,6,41.9999982,31.99999952666667,37.0684936,41.0,41.5
Philadelphia 76ers,2019-20,2020,43,30,0.5890411,52.92371244885855,0.6454111274251043,rank_calibrated_lasso,0.6000763381800931,0.38,6,50.9999984,43.66666596666666,48.3013702,41.0,54.5
Phoenix Suns,2019-20,2020,34,39,0.46575344,30.904163781057164,0.3768800461104532,rank_calibrated_lasso,0.6000763381800931,0.38,6,19.00000024,21.3333332,38.19178208,41.0,29.5
Portland Trail Blazers,2019-20,2020,35,39,0.47297296,49.31535190981475,0.6014067306074969,rank_calibrated_lasso,0.6000763381800931,0.38,6,52.999998080000005,47.66666669333333,38.78378272,41.0,46.5
Sacramento Kings,2019-20,2020,31,41,0.43055555,41.13388193176451,0.5016327064849331,rank_calibrated_lasso,0.6000763381800931,0.38,6,38.9999995,32.666666633333335,35.3055551,41.0,37.5
San Antonio Spurs,2019-20,2020,32,39,0.45070422,45.26128261500908,0.5519668611586473,rank_calibrated_lasso,0.6000763381800931,0.38,6,47.999998059999996,51.99999851333334,36.957746039999996,41.0,46.5
Toronto Raptors,2019-20,2020,53,19,0.7361111,47.7143281680635,0.5818820508300427,rank_calibrated_lasso,0.6000763381800931,0.38,6,57.9999981,55.99999896666667,60.3611102,41.0,46.5
Utah Jazz,2019-20,2020,44,28,0.6111111,50.92659929755075,0.6210560889945214,rank_calibrated_lasso,0.6000763381800931,0.38,6,50.0000002,49.66666555333333,50.1111102,41.0,53.5
Washington Wizards,2019-20,2020,25,47,0.3472222,28.36298143975003,0.3458900175579272,rank_calibrated_lasso,0.6000763381800931,0.38,6,31.999999799999998,41.333332733333336,28.472220399999998,41.0,27.0
Atlanta Hawks,2020-21,2021,41,31,0.5694444,31.33588503518959,0.3821449394535316,rank_calibrated_lasso,0.6000763381800931,0.4,7,24.477610900000002,25.825869933333337,46.694440799999995,41.0,34.5
Boston Celtics,2020-21,2021,36,36,0.5,48.51695677132215,0.5916702045283189,rank_calibrated_lasso,0.6000763381800931,0.4,7,54.666669399999996,52.888890266666664,41.0,41.0,44.5
Brooklyn Nets,2020-21,2021,48,24,0.6666667,56.33655313215753,0.6870311357580187,rank_calibrated_lasso,0.6000763381800931,0.4,7,39.8611102,36.62036961333333,54.666669399999996,41.0,45.5
Charlotte Hornets,2020-21,2021,33,39,0.45833334,27.423909944494156,0.3344379261523678,rank_calibrated_lasso,0.6000763381800931,0.4,7,29.01538512,34.67179514,37.58333388,41.0,26.5
Chicago Bulls,2020-21,2021,31,41,0.43055555,29.471171523932895,0.3594045307796694,rank_calibrated_lasso,0.6000763381800931,0.4,7,27.7538471,25.584616366666665,35.3055551,41.0,29.5
Cleveland Cavaliers,2020-21,2021,22,50,0.30555555,30.92447920798073,0.3771277952192772,rank_calibrated_lasso,0.6000763381800931,0.4,7,23.9692314,30.989743946666668,25.0555551,41.0,22.5
Dallas Mavericks,2020-21,2021,42,30,0.5833333,47.997307977866896,0.585333024120328,rank_calibrated_lasso,0.6000763381800931,0.4,7,47.0133306,34.671110166666665,47.833330600000004,41.0,42.5
Denver Nuggets,2020-21,2021,47,25,0.6527778,47.276117252208074,0.5765380152708302,rank_calibrated_lasso,0.6000763381800931,0.4,7,51.67123154,50.55707731333333,53.527779599999995,41.0,44.5
Detroit Pistons,2020-21,2021,20,52,0.2777778,23.08667573286568,0.2815448260105571,rank_calibrated_lasso,0.6000763381800931,0.4,7,24.8484846,34.9494947,22.777779600000002,41.0,23.5
Golden State Warriors,2020-21,2021,39,33,0.5416667,38.60568737674562,0.4708010655700685,rank_calibrated_lasso,0.6000763381800931,0.4,7,18.92307686,44.64102468000001,44.416669399999996,41.0,37.5
Houston Rockets,2020-21,2021,17,55,0.2361111,49.50927115685797,0.6037715994738777,rank_calibrated_lasso,0.6000763381800931,0.4,7,50.1111102,56.03703672666666,19.3611102,41.0,34.5
Indiana Pacers,2020-21,2021,34,38,0.4722222,39.931664204979725,0.4869715146948747,rank_calibrated_lasso,0.6000763381800931,0.4,7,50.5479406,48.849312239999996,38.7222204,41.0,38.5
Los Angeles Clippers,2020-21,2021,47,25,0.6527778,54.504883130583195,0.6646936967144292,rank_calibrated_lasso,0.6000763381800931,0.4,7,55.805559200000005,48.60185182,53.527779599999995,41.0,46.5
Los Angeles Lakers,2020-21,2021,42,30,0.5833333,60.198098087892106,0.7341231474133184,rank_calibrated_lasso,0.6000763381800931,0.4,7,60.056335880000006,44.01877861333333,47.833330600000004,41.0,47.5
Memphis Grizzlies,2020-21,2021,38,34,0.5277778,35.5774751025584,0.4338716475921756,rank_calibrated_lasso,0.6000763381800931,0.4,7,38.19178208,31.06392798,43.277779599999995,41.0,31.5
Miami Heat,2020-21,2021,40,32,0.5555556,45.22171028526369,0.5514842717715084,rank_calibrated_lasso,0.6000763381800931,0.4,7,49.424659500000004,44.141553933333334,45.555559200000005,41.0,43.5
Milwaukee Bucks,2020-21,2021,46,26,0.6388889,53.4427131370776,0.6517404041107024,rank_calibrated_lasso,0.6000763381800931,0.4,7,62.904110599999996,55.63470482,52.3888898,41.0,49.5
Minnesota Timberwolves,2020-21,2021,23,49,0.31944445,33.59880572500515,0.4097415332317701,rank_calibrated_lasso,0.6000763381800931,0.4,7,24.34375,35.7812494,26.1944449,41.0,29.5
New Orleans Pelicans,2020-21,2021,31,41,0.43055555,40.4517051719683,0.4933134777069304,rank_calibrated_lasso,0.6000763381800931,0.4,7,34.16666612,38.38888821333333,35.3055551,41.0,36.5
New York Knicks,2020-21,2021,41,31,0.5694444,24.569734248673143,0.2996309054716237,rank_calibrated_lasso,0.6000763381800931,0.4,7,26.0909076,24.030302266666666,46.694440799999995,41.0,21.5
Oklahoma City Thunder,2020-21,2021,22,50,0.30555555,26.485611041468168,0.3229952566032703,rank_calibrated_lasso,0.6000763381800931,0.4,7,50.1111102,49.03703675333333,25.0555551,41.0,22.5
Orlando Magic,2020-21,2021,21,51,0.29166666,32.73535966132323,0.3992117031868686,rank_calibrated_lasso,0.6000763381800931,0.4,7,37.0684936,34.689497573333334,23.916666120000002,41.0,31.5
Philadelphia 76ers,2020-21,2021,49,23,0.6805556,47.70219607876883,0.5817340985215712,rank_calibrated_lasso,0.6000763381800931,0.4,7,48.3013702,50.43378922,55.805559200000005,41.0,43.5
Phoenix Suns,2020-21,2021,51,21,0.7083333,41.63732889539287,0.507772303602352,rank_calibrated_lasso,0.6000763381800931,0.4,7,38.19178208,26.063927413333335,58.083330600000004,41.0,38.5
Portland Trail Blazers,2020-21,2021,42,30,0.5833333,44.86764945622001,0.5471664567831708,rank_calibrated_lasso,0.6000763381800931,0.4,7,38.78378272,46.927927600000004,47.833330600000004,41.0,40.5
Sacramento Kings,2020-21,2021,31,41,0.43055555,36.83379491827231,0.4491926209545404,rank_calibrated_lasso,0.6000763381800931,0.4,7,35.3055551,33.768518400000005,35.3055551,41.0,28.5
San Antonio Spurs,2020-21,2021,33,39,0.45833334,39.52766397296397,0.4820446825971216,rank_calibrated_lasso,0.6000763381800931,0.4,7,36.957746039999996,43.985913833333335,37.58333388,41.0,28.5
Toronto Raptors,2020-21,2021,27,45,0.375,50.73265598158902,0.6186909266047441,rank_calibrated_lasso,0.6000763381800931,0.4,7,60.3611102,59.12036956666666,30.75,41.0,42.5
Utah Jazz,2020-21,2021,52,20,0.7222222,45.87410850814393,0.5594403476602918,rank_calibrated_lasso,0.6000763381800931,0.4,7,50.1111102,49.37036948666667,59.222220400000005,41.0,41.5
Washington Wizards,2020-21,2021,34,38,0.4722222,41.08666143337592,0.5010568467484868,rank_calibrated_lasso,0.6000763381800931,0.4,7,28.472220399999998,34.49073886666667,38.7222204,41.0,32.5
Atlanta Hawks,2021-22,2022,43,39,0.5243902,49.80319858879884,0.6073560803512054,rank_calibrated_lasso,0.6000763381800931,0.38,8,46.694440799999995,33.39068372,42.9999964,41.0,47.5
Boston Celtics,2021-22,2022,51,31,0.6219512,44.91065500174463,0.5476909146554223,rank_calibrated_lasso,0.6000763381800931,0.38,8,41.0,48.2222238,50.9999984,41.0,45.5
Brooklyn Nets,2021-22,2022,44,38,0.5365854,60.58386590951126,0.7388276330428203,rank_calibrated_lasso,0.6000763381800931,0.38,8,54.666669399999996,45.50925926666667,44.0000028,41.0,56.5
Charlotte Hornets,2021-22,2022,43,39,0.5243902,37.37943386576309,0.4558467544605254,rank_calibrated_lasso,0.6000763381800931,0.38,8,37.58333388,35.199572833333335,42.9999964,41.0,38.5
Chicago Bulls,2021-22,2022,46,36,0.5609756,41.46280116029688,0.5056439165889864,rank_calibrated_lasso,0.6000763381800931,0.38,8,35.3055551,28.353134533333332,45.999999200000005,41.0,42.5
Cleveland Cavaliers,2021-22,2022,44,38,0.5365854,32.12285219675786,0.3917420999604617,rank_calibrated_lasso,0.6000763381800931,0.38,8,25.0555551,22.674928913333332,44.0000028,41.0,26.5
Dallas Mavericks,2021-22,2022,52,30,0.63414633,45.2170394936654,0.5514273108983586,rank_calibrated_lasso,0.6000763381800931,0.38,8,47.833330600000004,42.61555388666667,51.99999906,41.0,48.5
Denver Nuggets,2021-22,2022,48,34,0.58536583,47.02160512889506,0.5734342088889641,rank_calibrated_lasso,0.6000763381800931,0.38,8,53.527779599999995,53.066337446666665,47.999998059999996,41.0,47.5
Detroit Pistons,2021-22,2022,23,59,0.2804878,22.446447989493706,0.2737371706035817,rank_calibrated_lasso,0.6000763381800931,0.38,8,22.777779600000002,29.54208806666667,22.999999600000002,41.0,24.5
Golden State Warriors,2021-22,2022,53,29,0.64634144,40.95957637681764,0.4995070289855809,rank_calibrated_lasso,0.6000763381800931,0.38,8,44.416669399999996,40.11324844666667,52.999998080000005,41.0,48.5
Houston Rockets,2021-22,2022,20,62,0.24390244,26.843217939647023,0.3273563163371588,rank_calibrated_lasso,0.6000763381800931,0.38,8,19.3611102,40.82407282666667,20.00000008,41.0,27.5
Indiana Pacers,2021-22,2022,25,57,0.30487806,36.69884104976718,0.4475468420703314,rank_calibrated_lasso,0.6000763381800931,0.38,8,38.7222204,45.75671968666666,25.00000092,41.0,42.5
Los Angeles Clippers,2021-22,2022,42,40,0.5121951,42.37869690746942,0.5168133769203588,rank_calibrated_lasso,0.6000763381800931,0.38,8,53.527779599999995,52.44444562,41.9999982,41.0,45.5
Los Angeles Lakers,2021-22,2022,33,49,0.40243903,52.999347189809605,0.6463335023147513,rank_calibrated_lasso,0.6000763381800931,0.38,8,47.833330600000004,48.296555160000004,33.000000459999995,41.0,52.5
Memphis Grizzlies,2021-22,2022,56,26,0.68292683,39.470957700289,0.4813531426864512,rank_calibrated_lasso,0.6000763381800931,0.38,8,43.277779599999995,38.15652071333333,56.00000006,41.0,41.5
Miami Heat,2021-22,2022,53,29,0.64634144,45.6365612201429,0.5565434295139379,rank_calibrated_lasso,0.6000763381800931,0.38,8,45.555559200000005,44.66007273333333,52.999998080000005,41.0,48.5
Milwaukee Bucks,2021-22,2022,51,31,0.6219512,55.450972275322,0.6762313692112439,rank_calibrated_lasso,0.6000763381800931,0.38,8,52.3888898,58.43100048666667,50.9999984,41.0,54.5
Minnesota Timberwolves,2021-22,2022,46,36,0.5609756,38.22299292593512,0.4661340600723794,rank_calibrated_lasso,0.6000763381800931,0.38,8,26.1944449,28.84606523333333,45.999999200000005,41.0,35.5
New Orleans Pelicans,2021-22,2022,36,46,0.4390244,31.5534761978688,0.3847984902179122,rank_calibrated_lasso,0.6000763381800931,0.38,8,35.3055551,34.15740722666666,36.000000799999995,41.0,39.5
New York Knicks,2021-22,2022,37,45,0.4512195,47.23711917090975,0.5760624289135335,rank_calibrated_lasso,0.6000763381800931,0.38,8,46.694440799999995,29.92844938,36.999999,41.0,41.5
Oklahoma City Thunder,2021-22,2022,24,58,0.29268292,25.70733853743465,0.3135041285053006,rank_calibrated_lasso,0.6000763381800931,0.38,8,25.0555551,41.3888891,23.99999944,41.0,23.5
Orlando Magic,2021-22,2022,22,60,0.2682927,24.815814293791096,0.3026318816315987,rank_calibrated_lasso,0.6000763381800931,0.38,8,23.916666120000002,34.32838597333333,22.0000014,41.0,22.5
Philadelphia 76ers,2021-22,2022,51,31,0.6219512,48.635975791560945,0.5931216559946457,rank_calibrated_lasso,0.6000763381800931,0.38,8,55.805559200000005,51.70230926666667,50.9999984,41.0,50.5
Phoenix Suns,2021-22,2022,64,18,0.7804878,52.05096420170193,0.6347678561183162,rank_calibrated_lasso,0.6000763381800931,0.38,8,58.083330600000004,38.42503764,63.999999599999995,41.0,51.5
Portland Trail Blazers,2021-22,2022,27,55,0.3292683,47.92906689706868,0.5845008158179107,rank_calibrated_lasso,0.6000763381800931,0.38,8,47.833330600000004,46.53903713333333,27.0000006,41.0,44.5
Sacramento Kings,2021-22,2022,30,52,0.36585367,35.106331976224354,0.4281259997100531,rank_calibrated_lasso,0.6000763381800931,0.38,8,35.3055551,36.53703656666667,30.000000940000003,41.0,36.5
San Antonio Spurs,2021-22,2022,34,48,0.41463414,30.6648962284154,0.3739621491270171,rank_calibrated_lasso,0.6000763381800931,0.38,8,37.58333388,40.847025993333325,33.99999948,41.0,28.5
Toronto Raptors,2021-22,2022,48,34,0.58536583,33.615745655045245,0.4099481177444542,rank_calibrated_lasso,0.6000763381800931,0.38,8,30.75,49.70370276666666,47.999998059999996,41.0,35.5
Utah Jazz,2021-22,2022,49,33,0.597561,51.15080008867503,0.6237902449838418,rank_calibrated_lasso,0.6000763381800931,0.38,8,59.222220400000005,53.111110266666664,49.000002,41.0,52.5
Washington Wizards,2021-22,2022,35,47,0.42682928,40.04604768236552,0.488366435150799,rank_calibrated_lasso,0.6000763381800931,0.38,8,38.7222204,33.06481353333333,35.00000096,41.0,33.5
Atlanta Hawks,2022-23,2023,41,41,0.5,46.79541296288144,0.5706757678400176,rank_calibrated_lasso,0.6000763381800931,0.38,9,42.9999964,38.05734936666667,41.0,41.0,46.5
Boston Celtics,2022-23,2023,57,25,0.69512194,53.21072413001761,0.6489112698782635,rank_calibrated_lasso,0.6000763381800931,0.38,9,50.9999984,48.88888926666667,56.99999908,41.0,54.5
Brooklyn Nets,2022-23,2023,45,37,0.5487805,46.54181030183638,0.5675830524614193,rank_calibrated_lasso,0.6000763381800931,0.38,9,44.0000028,46.17592746666667,45.000001,41.0,50.5
Charlotte Hornets,2022-23,2023,27,55,0.3292683,37.743503952155734,0.4602866335628748,rank_calibrated_lasso,0.6000763381800931,0.38,9,42.9999964,36.53290513333334,27.0000006,41.0,34.5
Chicago Bulls,2022-23,2023,40,42,0.4878049,42.780813727506654,0.5217172405793494,rank_calibrated_lasso,0.6000763381800931,0.38,9,45.999999200000005,36.3531338,40.0000018,41.0,41.5
Cleveland Cavaliers,2022-23,2023,51,31,0.6219512,47.15150974683671,0.5750184115467891,rank_calibrated_lasso,0.6000763381800931,0.38,9,44.0000028,31.008263100000004,50.9999984,41.0,46.5
Dallas Mavericks,2022-23,2023,38,44,0.46341464,45.74940256806904,0.5579195435130371,rank_calibrated_lasso,0.6000763381800931,0.38,9,51.99999906,48.94888675333334,38.00000048,41.0,48.5
Denver Nuggets,2022-23,2023,53,29,0.64634144,44.51535186792079,0.5428701447307414,rank_calibrated_lasso,0.6000763381800931,0.38,9,47.999998059999996,51.06633639999999,52.999998080000005,41.0,51.5
Detroit Pistons,2022-23,2023,17,65,0.20731707,26.489217548778463,0.3230392383997373,rank_calibrated_lasso,0.6000763381800931,0.38,9,22.999999600000002,23.542087933333335,16.99999974,41.0,29.5
Golden State Warriors,2022-23,2023,44,38,0.5365854,55.185285411647634,0.672991285507898,rank_calibrated_lasso,0.6000763381800931,0.38,9,52.999998080000005,38.779914780000006,44.0000028,41.0,52.5
Houston Rockets,2022-23,2023,22,60,0.2682927,23.18584792155329,0.2827542429457718,rank_calibrated_lasso,0.6000763381800931,0.38,9,20.00000008,29.82407349333333,22.0000014,41.0,23.5
Indiana Pacers,2022-23,2023,35,47,0.42682928,28.76995782869786,0.3508531442524129,rank_calibrated_lasso,0.6000763381800931,0.38,9,25.00000092,38.09005397333333,35.00000096,41.0,24.5
Los Angeles Clippers,2022-23,2023,44,38,0.5365854,44.87690017127234,0.54727927038137,rank_calibrated_lasso,0.6000763381800931,0.38,9,41.9999982,50.44444566666667,44.0000028,41.0,52.5
Los Angeles Lakers,2022-23,2023,43,39,0.5243902,41.212464249516046,0.5025910274331226,rank_calibrated_lasso,0.6000763381800931,0.38,9,33.000000459999995,46.96322231333334,42.9999964,41.0,44.5
Memphis Grizzlies,2022-23,2023,51,31,0.6219512,49.81400492275595,0.607487864911658,rank_calibrated_lasso,0.6000763381800931,0.38,9,56.00000006,45.82318724666666,50.9999984,41.0,49.5
Miami Heat,2022-23,2023,44,38,0.5365854,48.06345423339915,0.5861396857731603,rank_calibrated_lasso,0.6000763381800931,0.38,9,52.999998080000005,49.32673892666667,44.0000028,41.0,49.5
Milwaukee Bucks,2022-23,2023,58,24,0.70731705,52.31258196641445,0.6379583166635908,rank_calibrated_lasso,0.6000763381800931,0.38,9,50.9999984,55.4309996,57.9999981,41.0,53.5
Minnesota Timberwolves,2022-23,2023,42,40,0.5121951,43.31701622272716,0.5282562953991117,rank_calibrated_lasso,0.6000763381800931,0.38,9,45.999999200000005,32.179398033333335,41.9999982,41.0,49.5
New Orleans Pelicans,2022-23,2023,42,40,0.5121951,40.234088030675984,0.4906596101301949,rank_calibrated_lasso,0.6000763381800931,0.38,9,36.000000799999995,35.15740734,41.9999982,41.0,45.5
New York Knicks,2022-23,2023,47,35,0.5731707,38.927591498109976,0.474726725586707,rank_calibrated_lasso,0.6000763381800931,0.38,9,36.999999,36.595115799999995,46.999997400000005,41.0,38.5
Oklahoma City Thunder,2022-23,2023,40,42,0.4878049,29.578005647845504,0.3607073859493354,rank_calibrated_lasso,0.6000763381800931,0.38,9,23.99999944,33.05555491333333,40.0000018,41.0,23.5
Orlando Magic,2022-23,2023,34,48,0.41463414,27.828151761437898,0.3393677044077792,rank_calibrated_lasso,0.6000763381800931,0.38,9,22.0000014,27.661720373333335,33.99999948,41.0,26.5
Philadelphia 76ers,2022-23,2023,54,28,0.6585366,50.87187723987984,0.620388746827803,rank_calibrated_lasso,0.6000763381800931,0.38,9,50.9999984,51.70230926666667,54.0000012,41.0,50.5
Phoenix Suns,2022-23,2023,45,37,0.5487805,57.49453671213136,0.7011528867333093,rank_calibrated_lasso,0.6000763381800931,0.38,9,63.999999599999995,53.42503742666667,45.000001,41.0,52.5
Portland Trail Blazers,2022-23,2023,33,49,0.40243903,36.872097948726534,0.4496597310820309,rank_calibrated_lasso,0.6000763381800931,0.38,9,27.0000006,37.87237130666667,33.000000459999995,41.0,39.5
Sacramento Kings,2022-23,2023,48,34,0.58536583,32.391444411743535,0.3950176147773602,rank_calibrated_lasso,0.6000763381800931,0.38,9,30.000000940000003,33.537037046666676,47.999998059999996,41.0,34.5
San Antonio Spurs,2022-23,2023,22,60,0.2682927,25.189460539897382,0.3071885431694803,rank_calibrated_lasso,0.6000763381800931,0.38,9,33.99999948,36.1803598,22.0000014,41.0,22.5
Toronto Raptors,2022-23,2023,41,41,0.5,41.993525066848285,0.5121161593518083,rank_calibrated_lasso,0.6000763381800931,0.38,9,47.999998059999996,46.370369419999996,41.0,41.0,46.5
Utah Jazz,2022-23,2023,37,45,0.4512195,33.604619466112624,0.4098124325135686,rank_calibrated_lasso,0.6000763381800931,0.38,9,49.000002,52.777777533333335,36.999999,41.0,23.5
Washington Wizards,2022-23,2023,35,47,0.42682928,35.622550612915944,0.4344213489379993,rank_calibrated_lasso,0.6000763381800931,0.38,9,35.00000096,34.06481392,35.00000096,41.0,35.5
Atlanta Hawks,2023-24,2024,36,46,0.4390244,41.1690504391632,0.5020615907215025,rank_calibrated_lasso,0.6000763381800931,0.35,10,41.0,43.5648124,36.000000799999995,41.0,42.5
Boston Celtics,2023-24,2024,64,18,0.7804878,56.19593251412364,0.6853162501722395,rank_calibrated_lasso,0.6000763381800931,0.35,10,56.99999908,49.66666582666667,63.999999599999995,41.0,54.5
Brooklyn Nets,2023-24,2024,32,50,0.3902439,35.748965793199275,0.4359629974780399,rank_calibrated_lasso,0.6000763381800931,0.35,10,45.000001,47.888891066666666,31.999999799999998,41.0,37.5
Charlotte Hornets,2023-24,2024,21,61,0.25609756,24.93912049053928,0.3041356157382839,rank_calibrated_lasso,0.6000763381800931,0.35,10,27.0000006,35.86111029333333,20.99999992,41.0,31.5
Chicago Bulls,2023-24,2024,39,43,0.47560975,35.265986328469005,0.4300730040057196,rank_calibrated_lasso,0.6000763381800931,0.35,10,40.0000018,40.435185366666666,38.9999995,41.0,37.5
Cleveland Cavaliers,2023-24,2024,48,34,0.58536583,46.13947515710481,0.5626765263061563,rank_calibrated_lasso,0.6000763381800931,0.35,10,50.9999984,40.018518766666666,47.999998059999996,41.0,50.5
Dallas Mavericks,2023-24,2024,50,32,0.6097561,41.44294650968552,0.5054017867034819,rank_calibrated_lasso,0.6000763381800931,0.35,10,38.00000048,45.944443379999996,50.0000002,41.0,45.5
Denver Nuggets,2023-24,2024,57,25,0.69512194,50.42871364309513,0.6149843127206723,rank_calibrated_lasso,0.6000763381800931,0.35,10,52.999998080000005,51.509258579999994,56.99999908,41.0,52.5
Detroit Pistons,2023-24,2024,14,68,0.17073171,26.34528678661895,0.3212839852026701,rank_calibrated_lasso,0.6000763381800931,0.35,10,16.99999974,20.925926313333335,14.00000022,41.0,28.5
Golden State Warriors,2023-24,2024,46,36,0.5609756,51.13138743871649,0.623553505350201,rank_calibrated_lasso,0.6000763381800931,0.35,10,44.0000028,47.13889009333334,45.999999200000005,41.0,48.5
Houston Rockets,2023-24,2024,41,41,0.5,29.55227407796466,0.3603935863166422,rank_calibrated_lasso,0.6000763381800931,0.35,10,22.0000014,20.45370389333333,41.0,41.0,31.5
Indiana Pacers,2023-24,2024,47,35,0.5731707,38.16501766514215,0.4654270446968555,rank_calibrated_lasso,0.6000763381800931,0.35,10,35.00000096,32.90740742666667,46.999997400000005,41.0,38.5
Los Angeles Clippers,2023-24,2024,51,31,0.6219512,47.74268381179699,0.5822278513633778,rank_calibrated_lasso,0.6000763381800931,0.35,10,44.0000028,46.5092602,50.9999984,41.0,46.5
Los Angeles Lakers,2023-24,2024,47,35,0.5731707,51.98695156064533,0.6339872141542113,rank_calibrated_lasso,0.6000763381800931,0.35,10,42.9999964,41.277775819999995,46.999997400000005,41.0,47.5
Memphis Grizzlies,2023-24,2024,27,55,0.3292683,44.79216662014744,0.5462459343920419,rank_calibrated_lasso,0.6000763381800931,0.35,10,50.9999984,50.09259268666667,27.0000006,41.0,45.5
Miami Heat,2023-24,2024,46,36,0.5609756,44.23707740133699,0.5394765536748414,rank_calibrated_lasso,0.6000763381800931,0.35,10,44.0000028,47.51852002666667,45.999999200000005,41.0,45.5
Milwaukee Bucks,2023-24,2024,49,33,0.597561,59.34414770704612,0.7237091183786112,rank_calibrated_lasso,0.6000763381800931,0.35,10,57.9999981,53.796295433333334,49.000002,41.0,54.5
Minnesota Timberwolves,2023-24,2024,56,26,0.68292683,40.597030765062726,0.4950857410373503,rank_calibrated_lasso,0.6000763381800931,0.35,10,41.9999982,38.0648141,56.00000006,41.0,44.5
New Orleans Pelicans,2023-24,2024,49,33,0.597561,42.729684510303656,0.5210937135402884,rank_calibrated_lasso,0.6000763381800931,0.35,10,41.9999982,37.76851803333333,49.000002,41.0,44.5
New York Knicks,2023-24,2024,50,32,0.6097561,43.82780622737477,0.5344854417972533,rank_calibrated_lasso,0.6000763381800931,0.35,10,46.999997400000005,43.5648124,50.0000002,41.0,45.5
Oklahoma City Thunder,2023-24,2024,57,25,0.69512194,39.22410595117197,0.4783427555020971,rank_calibrated_lasso,0.6000763381800931,0.35,10,40.0000018,29.68518544666667,56.99999908,41.0,44.5
Orlando Magic,2023-24,2024,47,35,0.5731707,32.40342848264106,0.3951637619834275,rank_calibrated_lasso,0.6000763381800931,0.35,10,33.99999948,26.638889000000002,46.999997400000005,41.0,37.5
Philadelphia 76ers,2023-24,2024,47,35,0.5731707,46.90186765993049,0.5719739958528108,rank_calibrated_lasso,0.6000763381800931,0.35,10,54.0000012,53.60185293333333,46.999997400000005,41.0,48.5
Phoenix Suns,2023-24,2024,49,33,0.597561,48.92082335175798,0.5965954067287559,rank_calibrated_lasso,0.6000763381800931,0.35,10,45.000001,55.69444373333334,49.000002,41.0,51.5
Portland Trail Blazers,2023-24,2024,21,61,0.25609756,34.40161813627485,0.4195319284911566,rank_calibrated_lasso,0.6000763381800931,0.35,10,33.000000459999995,35.94444388666667,20.99999992,41.0,28.5
Sacramento Kings,2023-24,2024,46,36,0.5609756,45.28458313913815,0.5522510138919287,rank_calibrated_lasso,0.6000763381800931,0.35,10,47.999998059999996,37.768518033333336,45.999999200000005,41.0,44.5
San Antonio Spurs,2023-24,2024,22,60,0.2682927,26.929673627460772,0.328410653993424,rank_calibrated_lasso,0.6000763381800931,0.35,10,22.0000014,31.19444492,22.0000014,41.0,28.5
Toronto Raptors,2023-24,2024,25,57,0.30487806,37.541546015666405,0.4578237318983708,rank_calibrated_lasso,0.6000763381800931,0.35,10,41.0,39.91666602,25.00000092,41.0,36.5
Utah Jazz,2023-24,2024,31,51,0.37804878,36.55219031308907,0.4457584184523057,rank_calibrated_lasso,0.6000763381800931,0.35,10,36.999999,48.40740713333334,30.999999959999997,41.0,35.5
Washington Wizards,2023-24,2024,15,67,0.18292683,28.553673903066436,0.3482155354032492,rank_calibrated_lasso,0.6000763381800931,0.35,10,35.00000096,36.240740773333336,15.000000060000001,41.0,24.5
Atlanta Hawks,2024-25,2025,40,42,0.4878049,35.55095892782526,0.4335482796076251,rank_calibrated_lasso,0.6000763381800931,0.4,11,36.000000799999995,39.99999906666667,40.0000018,41.0,36.5
Boston Celtics,2024-25,2025,61,21,0.74390244,61.17295310184721,0.7460116231932586,rank_calibrated_lasso,0.6000763381800931,0.4,11,63.999999599999995,57.33333236000001,61.00000008000001,41.0,58.5
Brooklyn Nets,2024-25,2025,26,56,0.31707317,25.771104346022355,0.3142817603173458,rank_calibrated_lasso,0.6000763381800931,0.4,11,31.999999799999998,40.33333453333333,25.999999940000002,41.0,19.5
Charlotte Hornets,2024-25,2025,19,63,0.23170732,29.091743026159776,0.3547773539775582,rank_calibrated_lasso,0.6000763381800931,0.4,11,20.99999992,30.333332306666666,19.00000024,41.0,30.5
Chicago Bulls,2024-25,2025,39,43,0.47560975,33.503834175400485,0.4085833436024449,rank_calibrated_lasso,0.6000763381800931,0.4,11,38.9999995,41.66666683333334,38.9999995,41.0,28.5
Cleveland Cavaliers,2024-25,2025,64,18,0.7804878,43.303642293502286,0.5280931987012474,rank_calibrated_lasso,0.6000763381800931,0.4,11,47.999998059999996,47.66666641999999,63.999999599999995,41.0,48.5
Dallas Mavericks,2024-25,2025,39,43,0.47560975,54.43924160479452,0.6638931903023721,rank_calibrated_lasso,0.6000763381800931,0.4,11,50.0000002,46.66666658,38.9999995,41.0,49.5
Denver Nuggets,2024-25,2025,50,32,0.6097561,48.97163188013457,0.5972150229284703,rank_calibrated_lasso,0.6000763381800931,0.4,11,56.99999908,52.66666507333333,50.0000002,41.0,51.5
Detroit Pistons,2024-25,2025,44,38,0.5365854,26.885342435368333,0.3278700296996138,rank_calibrated_lasso,0.6000763381800931,0.4,11,14.00000022,17.999999853333335,44.0000028,41.0,25.5
Golden State Warriors,2024-25,2025,48,34,0.58536583,42.48463465676523,0.5181053006922589,rank_calibrated_lasso,0.6000763381800931,0.4,11,45.999999200000005,47.66666669333333,47.999998059999996,41.0,43.5
Houston Rockets,2024-25,2025,52,30,0.63414633,38.700154949464896,0.4719531091398158,rank_calibrated_lasso,0.6000763381800931,0.4,11,41.0,27.66666716,51.99999906,41.0,43.5
Indiana Pacers,2024-25,2025,50,32,0.6097561,46.009311749837714,0.5610891676809477,rank_calibrated_lasso,0.6000763381800931,0.4,11,46.999997400000005,35.66666642666667,50.0000002,41.0,46.5
Los Angeles Clippers,2024-25,2025,50,32,0.6097561,41.4315969712361,0.5052633776980012,rank_calibrated_lasso,0.6000763381800931,0.4,11,50.9999984,45.66666646666667,50.0000002,41.0,35.5
Los Angeles Lakers,2024-25,2025,50,32,0.6097561,49.490969858834376,0.6035484129126143,rank_calibrated_lasso,0.6000763381800931,0.4,11,46.999997400000005,40.999998086666665,50.0000002,41.0,43.5
Memphis Grizzlies,2024-25,2025,48,34,0.58536583,36.927150032440295,0.450331097956589,rank_calibrated_lasso,0.6000763381800931,0.4,11,27.0000006,44.66666635333333,47.999998059999996,41.0,47.5
Miami Heat,2024-25,2025,37,45,0.4512195,42.91403759547915,0.5233419218960872,rank_calibrated_lasso,0.6000763381800931,0.4,11,45.999999200000005,47.66666669333333,36.999999,41.0,44.5
Milwaukee Bucks,2024-25,2025,48,34,0.58536583,51.520191677137454,0.6282950204528958,rank_calibrated_lasso,0.6000763381800931,0.4,11,49.000002,52.666666166666666,47.999998059999996,41.0,49.5
Minnesota Timberwolves,2024-25,2025,49,33,0.597561,48.21143035621948,0.5879442726368229,rank_calibrated_lasso,0.6000763381800931,0.4,11,56.00000006,47.999999153333334,49.000002,41.0,51.5
New Orleans Pelicans,2024-25,2025,21,61,0.25609756,45.61665674192706,0.5563006919747202,rank_calibrated_lasso,0.6000763381800931,0.4,11,49.000002,42.33333366666667,20.99999992,41.0,46.5
New York Knicks,2024-25,2025,51,31,0.6219512,50.08576515573836,0.6108020140943702,rank_calibrated_lasso,0.6000763381800931,0.4,11,50.0000002,44.66666553333334,50.9999984,41.0,53.5
Oklahoma City Thunder,2024-25,2025,68,14,0.8292683,52.7791005634546,0.6436475678470073,rank_calibrated_lasso,0.6000763381800931,0.4,11,56.99999908,40.333333440000004,68.00000059999999,41.0,57.5
Orlando Magic,2024-25,2025,41,41,0.5,41.01269104366785,0.5001547688252177,rank_calibrated_lasso,0.6000763381800931,0.4,11,46.999997400000005,34.33333276,41.0,41.0,47.5
Philadelphia 76ers,2024-25,2025,24,58,0.29268292,46.51927753107607,0.5673082625740984,rank_calibrated_lasso,0.6000763381800931,0.4,11,46.999997400000005,50.66666566666667,23.99999944,41.0,50.5
Phoenix Suns,2024-25,2025,36,46,0.4390244,50.52393361093051,0.616145531840616,rank_calibrated_lasso,0.6000763381800931,0.4,11,49.000002,52.66666753333333,36.000000799999995,41.0,48.5
Portland Trail Blazers,2024-25,2025,36,46,0.4390244,30.208170596206973,0.3683923243439875,rank_calibrated_lasso,0.6000763381800931,0.4,11,20.99999992,27.000000326666665,36.000000799999995,41.0,21.5
Sacramento Kings,2024-25,2025,40,42,0.4878049,44.55368577134343,0.5433376313578467,rank_calibrated_lasso,0.6000763381800931,0.4,11,45.999999200000005,41.333332733333336,40.0000018,41.0,46.5
San Antonio Spurs,2024-25,2025,34,48,0.41463414,32.98830615043609,0.4022964164687327,rank_calibrated_lasso,0.6000763381800931,0.4,11,22.0000014,26.000000759999995,33.99999948,41.0,35.5
Toronto Raptors,2024-25,2025,30,52,0.36585367,24.089778089484746,0.2937777815790822,rank_calibrated_lasso,0.6000763381800931,0.4,11,25.00000092,37.99999966,30.000000940000003,41.0,29.5
Utah Jazz,2024-25,2025,17,65,0.20731707,31.228786156978916,0.3808388555729136,rank_calibrated_lasso,0.6000763381800931,0.4,11,30.999999959999997,39.000000320000005,16.99999974,41.0,28.5
Washington Wizards,2024-25,2025,18,64,0.2195122,22.66514514315351,0.2764042090628477,rank_calibrated_lasso,0.6000763381800931,0.4,11,15.000000060000001,28.333333993333337,18.000000399999998,41.0,20.5
Atlanta Hawks,2025-26,2026,46,36,0.5609756,42.75582325197813,0.52141247868266,rank_calibrated_lasso,0.6349428024593587,0.43,12,40.0000018,39.00000086666666,45.999999200000005,41.0,46.5
Boston Celtics,2025-26,2026,56,26,0.68292683,53.543213616674166,0.6529660197155386,rank_calibrated_lasso,0.6349428024593587,0.43,12,61.00000008000001,60.66666625333334,56.00000006,41.0,41.5
Brooklyn Nets,2025-26,2026,20,62,0.24390244,23.145873232025835,0.2822667467320224,rank_calibrated_lasso,0.6349428024593587,0.43,12,25.999999940000002,34.333333579999994,20.00000008,41.0,19.5
Charlotte Hornets,2025-26,2026,44,38,0.5365854,27.067436289301135,0.3300906864548918,rank_calibrated_lasso,0.6349428024593587,0.43,12,19.00000024,22.33333358666667,44.0000028,41.0,27.5
Chicago Bulls,2025-26,2026,31,51,0.37804878,28.74833976995489,0.3505895093896937,rank_calibrated_lasso,0.6349428024593587,0.43,12,38.9999995,39.3333336,30.999999959999997,41.0,33.5
Cleveland Cavaliers,2025-26,2026,52,30,0.63414633,48.04516921464173,0.5859166977395333,rank_calibrated_lasso,0.6349428024593587,0.43,12,63.999999599999995,54.33333202,51.99999906,41.0,56.5
Dallas Mavericks,2025-26,2026,26,56,0.31707317,46.183281102129854,0.563210745147925,rank_calibrated_lasso,0.6349428024593587,0.43,12,38.9999995,42.333333393333334,25.999999940000002,41.0,41.5
Denver Nuggets,2025-26,2026,54,28,0.6585366,50.20255701281025,0.6122263050342713,rank_calibrated_lasso,0.6349428024593587,0.43,12,50.0000002,53.333332453333334,54.0000012,41.0,53.5
Detroit Pistons,2025-26,2026,60,22,0.73170733,39.00077349876666,0.4756191890093495,rank_calibrated_lasso,0.6349428024593587,0.43,12,44.0000028,25.00000092,60.00000106,41.0,46.5
Golden State Warriors,2025-26,2026,37,45,0.4512195,45.481427478853846,0.5546515546201688,rank_calibrated_lasso,0.6349428024593587,0.43,12,47.999998059999996,46.000000019999995,36.999999,41.0,47.5
Houston Rockets,2025-26,2026,52,30,0.63414633,49.16623253861804,0.5995882016904639,rank_calibrated_lasso,0.6349428024593587,0.43,12,51.99999906,38.33333348666667,51.99999906,41.0,52.5
Indiana Pacers,2025-26,2026,19,63,0.23170732,47.51283006776086,0.5794247569239129,rank_calibrated_lasso,0.6349428024593587,0.43,12,50.0000002,43.999999519999996,19.00000024,41.0,37.5
Los Angeles Clippers,2025-26,2026,42,40,0.5121951,50.69224505809214,0.6181981104645383,rank_calibrated_lasso,0.6349428024593587,0.43,12,50.0000002,48.3333338,41.9999982,41.0,49.5
Los Angeles Lakers,2025-26,2026,53,29,0.64634144,52.42609720912916,0.639342648891819,rank_calibrated_lasso,0.6349428024593587,0.43,12,50.0000002,46.66666466666667,52.999998080000005,41.0,46.5
Memphis Grizzlies,2025-26,2026,25,57,0.30487806,41.51506681151477,0.5062813025794484,rank_calibrated_lasso,0.6349428024593587,0.43,12,47.999998059999996,41.99999902,25.00000092,41.0,39.5
Miami Heat,2025-26,2026,43,39,0.5243902,39.91950666366573,0.4868232519959235,rank_calibrated_lasso,0.6349428024593587,0.43,12,36.999999,42.33333366666667,42.9999964,41.0,37.5
Milwaukee Bucks,2025-26,2026,32,50,0.3902439,43.93303967510887,0.535768776525718,rank_calibrated_lasso,0.6349428024593587,0.43,12,47.999998059999996,51.66666605333333,31.999999799999998,41.0,43.5
Minnesota Timberwolves,2025-26,2026,49,33,0.597561,48.61739326650312,0.5928950398354039,rank_calibrated_lasso,0.6349428024593587,0.43,12,49.000002,49.00000008666666,49.000002,41.0,49.5
New Orleans Pelicans,2025-26,2026,26,56,0.31707317,32.20968134559247,0.3928009920194203,rank_calibrated_lasso,0.6349428024593587,0.43,12,20.99999992,37.33333337333333,25.999999940000002,41.0,30.5
New York Knicks,2025-26,2026,53,29,0.64634144,54.882956540736785,0.6693043480577656,rank_calibrated_lasso,0.6349428024593587,0.43,12,50.9999984,49.333332000000006,52.999998080000005,41.0,53.5
Oklahoma City Thunder,2025-26,2026,64,18,0.7804878,60.40794591194256,0.7366822672188117,rank_calibrated_lasso,0.6349428024593587,0.43,12,68.00000059999999,55.000000493333324,63.999999599999995,41.0,62.5
Orlando Magic,2025-26,2026,45,37,0.5487805,42.06503324585738,0.5129882103153339,rank_calibrated_lasso,0.6349428024593587,0.43,12,41.0,40.66666562666666,45.000001,41.0,51.5
Philadelphia 76ers,2025-26,2026,45,37,0.5487805,33.950348336439355,0.4140286382492604,rank_calibrated_lasso,0.6349428024593587,0.43,12,23.99999944,41.666666013333334,45.000001,41.0,43.5
Phoenix Suns,2025-26,2026,45,37,0.5487805,30.81376302606209,0.375777597878806,rank_calibrated_lasso,0.6349428024593587,0.43,12,36.000000799999995,43.3333346,45.000001,41.0,30.5
Portland Trail Blazers,2025-26,2026,42,40,0.5121951,38.03278383515296,0.4638144370140605,rank_calibrated_lasso,0.6349428024593587,0.43,12,36.000000799999995,30.000000393333334,41.9999982,41.0,35.5
Sacramento Kings,2025-26,2026,22,60,0.2682927,40.70456035258587,0.4963970774705594,rank_calibrated_lasso,0.6349428024593587,0.43,12,40.0000018,44.66666635333334,22.0000014,41.0,35.5
San Antonio Spurs,2025-26,2026,62,20,0.75609756,36.586886972298245,0.4461815484426615,rank_calibrated_lasso,0.6349428024593587,0.43,12,33.99999948,26.000000759999995,61.99999991999999,41.0,44.5
Toronto Raptors,2025-26,2026,46,36,0.5609756,34.51702852490513,0.4209393722549406,rank_calibrated_lasso,0.6349428024593587,0.43,12,30.000000940000003,32.00000062,45.999999200000005,41.0,39.5
Utah Jazz,2025-26,2026,22,60,0.2682927,25.12307164877125,0.3063789225459908,rank_calibrated_lasso,0.6349428024593587,0.43,12,16.99999974,28.3333329,22.0000014,41.0,18.5
Washington Wizards,2025-26,2026,17,65,0.20731707,21.52569336953923,0.2625084557260881,rank_calibrated_lasso,0.6349428024593587,0.43,12,18.000000399999998,22.66666714,16.99999974,41.0,20.5
