repetition,rows,maeWins,rmseWins,r2,biasWins,predictionStdWins,actualStdWins,predictionRangeWins,actualRangeWins
0,300,11.339173703032424,14.020257092614594,-0.3610331832970264,0.01263916197770738,5.625473341605697,12.01770725259019,35.00465016987995,54.00000037999999
1,300,9.645323997126912,12.40601988044,-0.06566745908509009,0.01094141747983958,5.735628677051551,12.01770725259019,34.598401340681896,54.00000037999999
2,300,10.594407213546763,13.104884890576505,-0.18911314520108546,0.011748316003008389,5.735918414835057,12.01770725259019,34.974464706166614,54.00000037999999
3,300,10.090029173176623,12.675492338153028,-0.11246519688155843,0.01240151352043359,5.754481928218964,12.01770725259019,36.049985577849924,54.00000037999999
4,300,9.953701219740127,12.317822256682277,-0.050569105031197825,0.008820728620299955,5.879763412243443,12.01770725259019,34.22567635209707,54.00000037999999
5,300,10.533438000567864,13.21992019015355,-0.21008095415548667,0.0074246556131927,5.803200567448109,12.01770725259019,37.71001541352287,54.00000037999999
6,300,10.46395389102201,13.058418807318903,-0.18069560096041215,0.012300482539623302,5.65512600516744,12.01770725259019,34.01988801898425,54.00000037999999
7,300,10.918293783332631,13.5985488763926,-0.2803888751416108,0.009556327985824021,5.763919597145642,12.01770725259019,35.873213350111484,54.00000037999999
8,300,10.276704297856801,12.819593214870729,-0.13790301487732903,0.0167878163584878,5.659739541820886,12.01770725259019,36.48060566412668,54.00000037999999
9,300,11.493903775871292,14.074641969732287,-0.37161261615421903,0.013817209700340954,5.750554460538412,12.01770725259019,33.51163747485348,54.00000037999999
10,300,10.71222410307117,13.249148386404276,-0.21543765549039562,0.01555266236260465,5.867577062102925,12.01770725259019,35.467161842749384,54.00000037999999
11,300,10.21142543821106,12.66618168082874,-0.11083149653225832,0.01941594192502425,5.763453790023406,12.01770725259019,35.69795900859377,54.00000037999999
12,300,10.596115019489984,13.038831231361147,-0.17715618015755896,0.01437593333217792,5.73930297773968,12.01770725259019,39.31354761205678,54.00000037999999
13,300,10.968332801589527,13.67324826934504,-0.29449434604103186,0.016596876338133556,5.631686907586319,12.01770725259019,34.10174723036699,54.00000037999999
14,300,10.226596804710022,12.806282730862877,-0.1355412898802053,0.011196124597425468,5.673132005631398,12.01770725259019,34.69220045298054,54.00000037999999
15,300,9.78729411274074,11.973246957151911,0.007385444264437657,0.001947434150482709,5.81394832448885,12.01770725259019,36.70511415682742,54.00000037999999
16,300,11.482237155099904,14.161679337855443,-0.3886291312865715,0.017288701634420464,5.826212577295363,12.01770725259019,38.31415082384744,54.00000037999999
17,300,10.516652466177108,12.640048665386143,-0.10625246387544185,0.014081942082531355,5.6823738594269,12.01770725259019,38.76057309668211,54.00000037999999
18,300,10.976599381365103,13.639330947232764,-0.2880801677323559,0.010954495353746055,5.734099226621451,12.01770725259019,37.289991261886314,54.00000037999999
19,300,10.443735049948897,12.927370829946664,-0.15711673032936013,0.01831826056057436,5.845610559890041,12.01770725259019,39.85451811152657,54.00000037999999
20,300,10.52898272375903,12.887626620007689,-0.15001273424106398,0.010901676783333702,5.7399678198872826,12.01770725259019,34.97110128199292,54.00000037999999
21,300,10.763686501743889,13.316994075211745,-0.22791745223586468,0.017531576153785422,5.6556267015183765,12.01770725259019,34.990661568288054,54.00000037999999
22,300,10.998484933533987,13.417055864939929,-0.2464395332923146,0.012994396119678958,5.599211613774238,12.01770725259019,36.13321215163174,54.00000037999999
23,300,10.515172738323669,13.200188360947982,-0.2064713572618011,0.012699654510115815,5.724177363272155,12.01770725259019,35.42055416571754,54.00000037999999
24,300,11.012162393486431,13.576109284190501,-0.2761667042361531,0.010766549389664502,5.779119655036929,12.01770725259019,37.51420181561547,54.00000037999999
25,300,9.93165784419446,12.334978749414157,-0.05349764758966424,0.014747658777048294,5.8580588057249825,12.01770725259019,39.54901776842062,54.00000037999999
26,300,9.767806086050257,12.223139625179924,-0.0344804900175657,0.014174952121980161,5.4840797115402955,12.01770725259019,34.28332237794535,54.00000037999999
27,300,10.732347951688556,13.405296209054923,-0.24425555543332123,0.013841987673070608,5.532608840302958,12.01770725259019,34.12979914285033,54.00000037999999
28,300,10.365439335578342,12.8804662168687,-0.14873518834941568,0.007793015609575491,5.8262016923071585,12.01770725259019,34.57469050649726,54.00000037999999
29,300,10.254270974579267,13.0516502046705,-0.17947193241046255,0.014154981441155302,5.564875920325585,12.01770725259019,36.05605954917437,54.00000037999999
30,300,11.428808615459147,13.932411514032221,-0.34403118601992433,0.019217299411204133,5.724749196818367,12.01770725259019,35.82331798053202,54.00000037999999
31,300,10.912831446206427,13.52319246496052,-0.26623763381047216,0.012221836138115035,5.58427268996349,12.01770725259019,34.39710261285704,54.00000037999999
32,300,10.212267710844547,12.594424051675219,-0.09828077769101085,0.018057520120301655,5.830383016055149,12.01770725259019,38.40607649511629,54.00000037999999
33,300,10.687280565930205,13.265169291265837,-0.21837885344828556,0.013894084761154796,5.690953846679901,12.01770725259019,35.82925441789153,54.00000037999999
34,300,11.309148418094319,13.933061991497201,-0.34415668940555966,0.01091521759480924,5.762862680003125,12.01770725259019,36.16622149119699,54.00000037999999
35,300,10.85398270188159,13.574952946185398,-0.2759493198316927,0.012332806946958784,5.725078332781507,12.01770725259019,36.42331229740127,54.00000037999999
36,300,10.747243023892008,13.727166224690608,-0.30472367879569173,0.015274075446208724,5.77886096456613,12.01770725259019,36.42900874511503,54.00000037999999
37,300,10.988012601629181,13.212601439827464,-0.20874148632750833,0.013664290603866919,5.528499277352801,12.01770725259019,34.17362145747896,54.00000037999999
38,300,11.035076319204727,13.679666376099108,-0.29570988058581826,0.016802604201371737,5.659638375623351,12.01770725259019,34.509885289269846,54.00000037999999
39,300,10.97550252916013,13.56283619212931,-0.27367255845521354,0.016250160824029875,5.825783076884674,12.01770725259019,37.5430579178514,54.00000037999999
40,300,10.288167515301334,12.456145090094747,-0.07429628892680862,0.015270565482208969,5.64236393588358,12.01770725259019,34.77020049497336,54.00000037999999
41,300,10.209304722260454,12.79790748192071,-0.13405649818932575,0.013183955208988594,5.5660625067281035,12.01770725259019,35.96745991162973,54.00000037999999
42,300,11.117857179431427,13.872727499591724,-0.3325406614318589,0.0165890930488798,5.83119179861171,12.01770725259019,37.170865447619505,54.00000037999999
43,300,10.668423652505,13.35434657948748,-0.2348154226836825,0.018828164591425178,5.768836258742118,12.01770725259019,36.780578266733926,54.00000037999999
44,300,10.693874781410601,13.225744179685101,-0.21114738286056123,0.012242959486318601,5.607901496301527,12.01770725259019,35.11377614850265,54.00000037999999
45,300,10.08394348123489,12.803443675664203,-0.13503786400448226,0.015602950620230397,5.66527161289935,12.01770725259019,35.659402471238664,54.00000037999999
46,300,11.115450920548097,13.926004537189883,-0.34279533439408083,0.02007161900007438,5.793372339687277,12.01770725259019,36.606968665089475,54.00000037999999
47,300,9.863258947028426,12.363784258663062,-0.05842379631364669,0.012516231000698591,5.76693031870074,12.01770725259019,33.99967793465486,54.00000037999999
48,300,10.899509662874847,13.57312194750141,-0.27560514125863156,0.013201991920711163,5.758633226285337,12.01770725259019,38.29607777513865,54.00000037999999
49,300,10.683987971643932,13.412393610026927,-0.24557344027841999,0.014048871005000964,5.7263586044763795,12.01770725259019,36.683582476227414,54.00000037999999
50,300,10.713476014681525,13.347023877865198,-0.233461600427191,0.013874382017781777,5.706230475721811,12.01770725259019,37.10154790307003,54.00000037999999
51,300,11.077382904094195,13.869762956243045,-0.33197120564666904,0.020745962866595243,5.869330460689188,12.01770725259019,37.14089299936889,54.00000037999999
52,300,10.961977019184008,13.440121106342115,-0.2507287217057803,0.017848856596355135,5.74156661590438,12.01770725259019,36.519209861780155,54.00000037999999
53,300,11.110651074127391,13.609735843736626,-0.2824963882903826,0.016624166828058524,5.584378735810988,12.01770725259019,35.75657067717898,54.00000037999999
54,300,10.803021820145451,13.461213052538696,-0.2546574069248928,0.015022163251316651,5.908059929288021,12.01770725259019,40.02548306911581,54.00000037999999
55,300,10.503497813461124,13.090115762512726,-0.18643440849450688,0.01466365343401036,5.655137405989121,12.01770725259019,38.79490778875242,54.00000037999999
56,300,11.335042166302177,14.169749351731499,-0.39021219908888405,0.0162242452286135,5.895048407176956,12.01770725259019,40.39335683528833,54.00000037999999
57,300,10.847544998188368,13.183535528623723,-0.20342920489848249,0.018896210148646588,5.613315326840421,12.01770725259019,33.678388568097716,54.00000037999999
58,300,10.383967335921964,13.049819556331745,-0.17914108583194333,0.017217537570148263,5.834962135495545,12.01770725259019,38.99160232005926,54.00000037999999
59,300,11.226713803269009,13.879712681757326,-0.33388291841064754,0.013505025879737372,5.9039258038213625,12.01770725259019,39.04612752589093,54.00000037999999
60,300,11.413108456913625,14.134692812769197,-0.38334182482151435,0.014258821179241998,5.636231161538912,12.01770725259019,32.56478631600528,54.00000037999999
61,300,11.933027134162721,14.585184409495495,-0.47292491350243826,0.022432591438747807,5.784910859260491,12.01770725259019,35.7416720985453,54.00000037999999
62,300,10.246829947645352,12.450472286946033,-0.07331799530649152,0.017749372242628805,5.613837973367095,12.01770725259019,36.97190500980521,54.00000037999999
63,300,10.962032162906631,13.618922013664822,-0.2842282669809899,0.012549793628382584,5.728752047029105,12.01770725259019,35.0574749822408,54.00000037999999
64,300,11.550969435580376,14.126620244869754,-0.38176217507760724,0.015599350966210039,5.622599264716724,12.01770725259019,35.4150486498866,54.00000037999999
65,300,9.645567027923557,12.063114360071058,-0.007570976477154767,0.004073392148545558,5.734150072344931,12.01770725259019,36.58002555573964,54.00000037999999
66,300,10.954666665788363,13.63745788726678,-0.2877264134694262,0.018015215587997287,5.7108764012957005,12.01770725259019,38.73305904075947,54.00000037999999
67,300,11.304894650285208,13.863207420909125,-0.33071239238597294,0.017015102514850267,5.52556890634446,12.01770725259019,34.94470651369943,54.00000037999999
68,300,10.346612108490238,12.660048028803605,-0.10975590732818397,0.013195583103435347,5.669424124651593,12.01770725259019,37.932246380340914,54.00000037999999
69,300,11.016465257747349,13.518050217642664,-0.26527483318214595,0.013148895354182101,5.852607805641515,12.01770725259019,37.245243648210355,54.00000037999999
70,300,10.308296921747699,12.885080258216867,-0.14955833572729094,0.012407120534754448,5.614841598038139,12.01770725259019,33.645499474528975,54.00000037999999
71,300,11.222132984975579,13.947369927731682,-0.3469187503208906,0.012414191900749702,5.675636257488328,12.01770725259019,35.61264900419266,54.00000037999999
72,300,11.530387903546517,14.02509625103068,-0.36197287959198854,0.019847126289082483,5.686708153932171,12.01770725259019,39.40123988685846,54.00000037999999
73,300,10.680567602271555,13.17015546483695,-0.20098770679003386,0.01616995592383803,5.613744231092923,12.01770725259019,34.597703354885454,54.00000037999999
74,300,9.58444920747773,11.885738670918183,0.021841769594670435,0.009848878639933006,5.568956407501532,12.01770725259019,34.49064088172002,54.00000037999999
75,300,10.220403549186601,12.689949766407182,-0.1150043578929909,0.005138072331121251,5.59994149031279,12.01770725259019,34.76589277967929,54.00000037999999
76,300,9.885643481025939,12.215311182938388,-0.03315582586912402,0.01625584599009308,5.609378125202508,12.01770725259019,35.006888824066216,54.00000037999999
77,300,11.75286451831974,14.155612974258533,-0.38743970667756256,0.017389720131612153,5.643726416647662,12.01770725259019,33.42211496443852,54.00000037999999
78,300,10.850496736079794,13.341538224852114,-0.23244789850879788,0.011402162932120739,5.78040311252863,12.01770725259019,35.44022767515783,54.00000037999999
79,300,9.826396181555799,11.920149471919466,0.016169773415165234,0.013918866958713198,5.502221720019673,12.01770725259019,38.710202989791696,54.00000037999999
80,300,11.800237274731892,14.583535398519667,-0.4725918725238769,0.016913173535442094,5.82935425650066,12.01770725259019,37.092136293219895,54.00000037999999
81,300,10.685015781760951,13.361570103192042,-0.2361516364495777,0.01474452212391455,5.670815345830954,12.01770725259019,39.29390815369369,54.00000037999999
82,300,11.32004833728031,13.958818431802172,-0.34913085677617417,0.013786023833329821,5.811006258241045,12.01770725259019,37.208371692963254,54.00000037999999
83,300,11.846923867957287,14.620409162457245,-0.4800480415619697,0.018101060241329788,5.850697919045387,12.01770725259019,38.723695726435444,54.00000037999999
84,300,10.48989168805944,13.026620484014765,-0.174952420340736,0.013152067851459618,5.873396909080934,12.01770725259019,38.47784694376954,54.00000037999999
85,300,11.004671867883781,13.655367084437788,-0.29111081097947644,0.015240275890797376,5.727186370600484,12.01770725259019,35.44200906624997,54.00000037999999
86,300,9.904420664278097,12.47297663477255,-0.07720156703313696,0.01913788801133002,5.5299838136017865,12.01770725259019,34.423667501178954,54.00000037999999
87,300,11.182916592412916,13.80545445326084,-0.3196482126945548,0.01241485248780337,5.757495514020116,12.01770725259019,36.62592943630544,54.00000037999999
88,300,10.418275282762647,12.935335701124998,-0.15854302574655055,0.014109481235529298,5.753121185371896,12.01770725259019,38.32728246484538,54.00000037999999
89,300,10.949644045248466,13.267028670803231,-0.2187204378535481,0.013833236533221686,5.748406359427309,12.01770725259019,36.69816692660263,54.00000037999999
90,300,10.801557027373313,13.373482932760046,-0.23835686058713423,0.012350433597097777,5.602871904949058,12.01770725259019,36.13820311013855,54.00000037999999
91,300,11.68694659135328,14.226780254340072,-0.4014254688783836,0.019176712792506278,5.579881629043384,12.01770725259019,36.682050086324644,54.00000037999999
92,300,10.846782479271512,13.455800332002015,-0.25364862048905,0.0159376025229099,5.949934724565048,12.01770725259019,37.55594467665699,54.00000037999999
93,300,10.114466339370178,12.585028767115194,-0.09664278113088787,0.015297017427435182,5.59406854990928,12.01770725259019,36.227442144898006,54.00000037999999
94,300,10.103062236396315,12.393195965919332,-0.06346546918804141,0.013362991336290975,5.579900588651518,12.01770725259019,34.532348951125215,54.00000037999999
95,300,10.86982567936445,13.423924906350914,-0.2477161228112401,0.01601194933750821,5.638995507486687,12.01770725259019,34.80189784936732,54.00000037999999
96,300,10.3691036120101,12.993278257425457,-0.16894542963965486,0.019068228158624738,5.876328872385618,12.01770725259019,38.959139777831325,54.00000037999999
97,300,10.901818080150809,13.385090661404487,-0.2405074968526777,0.00966604866006301,5.671587349999619,12.01770725259019,33.86313986936173,54.00000037999999
98,300,10.749433952611161,13.524686108020955,-0.26651736235939105,0.023024342628687435,5.8348352808979245,12.01770725259019,39.456662059375425,54.00000037999999
99,300,11.292716380673003,13.696495034052338,-0.2988997932671156,0.01276855091615539,5.63376765472671,12.01770725259019,34.889685224895196,54.00000037999999
100,300,10.560325641558562,12.885462188918593,-0.1496264855750331,0.019757541213612343,5.6585015837501835,12.01770725259019,33.250067420924324,54.00000037999999
101,300,11.47108443455776,14.166563276292075,-0.3895870895169895,0.02170965227556575,5.817953097640134,12.01770725259019,37.591976051885595,54.00000037999999
102,300,10.48179210626079,13.083820629450369,-0.18529355279616655,0.015239648528875922,5.787961900516655,12.01770725259019,35.856002806534974,54.00000037999999
103,300,10.63123792553926,13.139380885120922,-0.1953815907344736,0.016836330352760977,5.654313790305128,12.01770725259019,35.202624234658266,54.00000037999999
104,300,11.705375997561275,14.307951964805032,-0.4174629167535706,0.016230744233890513,5.655941012031333,12.01770725259019,34.0456527913016,54.00000037999999
105,300,10.662070289178319,13.376517622867595,-0.23891893640783768,0.016968033637301486,5.626807311341552,12.01770725259019,35.01255899331764,54.00000037999999
106,300,10.832453100636904,13.462028980207137,-0.25480950922264367,0.013119579159711599,5.6506032196735525,12.01770725259019,35.82632461193941,54.00000037999999
107,300,10.950299731930045,13.581938751408716,-0.27726289004512883,0.013276188360659979,5.671854191152918,12.01770725259019,36.25839572428454,54.00000037999999
108,300,10.979985686064458,13.56673159126566,-0.2744042896960688,0.011774630919877987,5.607364624821839,12.01770725259019,34.939007308401074,54.00000037999999
109,300,10.042945554552919,12.39854723989081,-0.06438405770062916,0.015222782520764457,5.635874497675801,12.01770725259019,35.54413778261494,54.00000037999999
110,300,11.51545623032979,14.308241850486931,-0.4175203542355719,0.014334584416097015,5.727956432426501,12.01770725259019,36.09135176686027,54.00000037999999
111,300,10.042976476152981,12.511014536889107,-0.08378170702386845,0.011397194504708068,5.736733835989603,12.01770725259019,36.48996014317369,54.00000037999999
112,300,11.000903012718062,13.607134246106213,-0.28200611857442626,0.013686810964021976,5.80945543354249,12.01770725259019,38.3105949557911,54.00000037999999
113,300,10.60261798256998,13.076185345536102,-0.18391056041218246,0.013479633226432596,5.591173661556155,12.01770725259019,34.04216336860349,54.00000037999999
114,300,10.596235405335513,13.132714611638736,-0.19416894316817102,0.020212058169858882,5.794423447258449,12.01770725259019,39.274162268402755,54.00000037999999
115,300,9.236162912493949,11.590870622445346,0.06977314007486324,0.010971483721942217,5.706766036995242,12.01770725259019,36.29864305687201,54.00000037999999
116,300,10.336931243617387,12.69604967948667,-0.11607655510041592,0.01776006121627314,5.7045774925726915,12.01770725259019,35.99295735312653,54.00000037999999
117,300,10.877759286237767,13.292171541066661,-0.22334410546939942,0.017592433129062925,5.73962452469229,12.01770725259019,34.528356496858564,54.00000037999999
118,300,10.869324892522053,13.318152920816976,-0.22813116843163628,0.014030295999182934,5.514785459224472,12.01770725259019,35.76404055090326,54.00000037999999
119,300,11.233476412872811,14.047667816463882,-0.366360243062269,0.01612912490589147,5.773423886989285,12.01770725259019,33.913610912157274,54.00000037999999
120,300,11.04184348803352,13.347053175161967,-0.2334670154366425,0.01744417477379682,5.84872554171499,12.01770725259019,38.87184410757493,54.00000037999999
121,300,11.827890744817386,14.337578390701648,-0.42333906695134305,0.01968068523715972,5.603132688704093,12.01770725259019,35.7851472370921,54.00000037999999
122,300,10.039788447536596,12.593050378803017,-0.09804121195486304,0.00949687788433407,5.726662299579305,12.01770725259019,35.77321153098997,54.00000037999999
123,300,11.247768480504538,13.686722045850365,-0.29704682235125657,0.021946767376684034,5.661081499930944,12.01770725259019,35.01144094709096,54.00000037999999
124,300,9.94058468670651,12.263889271403386,-0.0413895139227225,0.013522247226767021,5.739909243332204,12.01770725259019,35.3446129223139,54.00000037999999
125,300,10.403749081825957,13.00200165689981,-0.17051556472399154,0.014304571731711527,5.671144129942134,12.01770725259019,35.2228712107336,54.00000037999999
126,300,11.03267759254149,13.396114255054279,-0.242551634173354,0.020918661104911914,5.702780237772626,12.01770725259019,35.726802475295,54.00000037999999
127,300,11.168891117434127,13.90735179720135,-0.339200615163753,0.014493334988990322,5.73943920233256,12.01770725259019,35.04727933821752,54.00000037999999
128,300,10.393041171968665,12.749345758995352,-0.12546646071092793,0.01639617188972191,5.792108795599038,12.01770725259019,35.71631868585894,54.00000037999999
129,300,9.906041328230625,12.483806545526289,-0.07907298262120799,0.010768174464046112,5.891648250255029,12.01770725259019,38.01985956788409,54.00000037999999
130,300,11.909145546618026,14.418442299474753,-0.43943960081397204,0.023840403016503798,5.88287168777823,12.01770725259019,38.02334061462555,54.00000037999999
131,300,11.031144097186624,13.763973164656836,-0.3117298252528593,0.01289822719491332,5.803576671785423,12.01770725259019,39.371849652040105,54.00000037999999
132,300,10.204434827010259,12.524916395200215,-0.0861915756159044,0.012119098509748731,5.782244151260875,12.01770725259019,35.20856540731469,54.00000037999999
133,300,10.938660713825668,13.209482179903688,-0.20817082901463624,0.010350526260917856,5.634611430942075,12.01770725259019,36.78536749996246,54.00000037999999
134,300,10.501837846347392,13.080619687730671,-0.18471366232151154,0.012434040312090791,5.692314908698757,12.01770725259019,34.83888828263893,54.00000037999999
135,300,11.001540923455583,13.692989041126308,-0.2982349004425626,0.00948196812560474,5.794976028100224,12.01770725259019,38.08665173788547,54.00000037999999
136,300,9.927896732653464,12.638421386771684,-0.10596764454495511,0.01437655171804863,5.769932011637539,12.01770725259019,33.579830170631794,54.00000037999999
137,300,10.403938058872784,12.980349206457412,-0.1666202526650047,0.013781740191673298,5.6079748460487675,12.01770725259019,33.305963830316756,54.00000037999999
138,300,11.511718893095482,14.30620896280106,-0.41711758567849033,0.010528638621051094,5.500717566377652,12.01770725259019,34.42991194702115,54.00000037999999
139,300,10.590739979544617,13.00830128837995,-0.1716500981976985,0.012893161184227904,5.523539754624527,12.01770725259019,35.32827342506758,54.00000037999999
140,300,11.083981088447908,13.644637062037736,-0.2890825674435775,0.02333987807349011,5.8210787293816555,12.01770725259019,35.25045974755909,54.00000037999999
141,300,10.593468199884263,13.069090155520621,-0.18262611984946497,0.01562548185573076,5.5510401119131005,12.01770725259019,36.314178202731796,54.00000037999999
142,300,10.9909580049615,13.69635709747115,-0.29887363111480436,0.013036073346944654,5.633578953948711,12.01770725259019,34.414817649554564,54.00000037999999
143,300,10.439390379105932,12.901237861440613,-0.15244318438278937,0.0006038454719233736,5.809535895126759,12.01770725259019,40.68187794698635,54.00000037999999
144,300,10.767318263230745,13.230929459571064,-0.21209725292793147,0.017590158301739482,5.750342744149206,12.01770725259019,39.7716220632728,54.00000037999999
145,300,10.76534299415175,13.244895585969521,-0.21465750207273948,0.013688341400268141,5.758366902522391,12.01770725259019,35.438773086333086,54.00000037999999
146,300,9.604129278718858,11.740367566374506,0.0456225992308269,0.008265923567615872,5.593651342213378,12.01770725259019,35.57528988335687,54.00000037999999
147,300,10.457495698624623,13.043560716984704,-0.17801029857262263,0.012346938916598282,5.831309334490509,12.01770725259019,38.08673637145574,54.00000037999999
148,300,10.595818875120989,12.988599820763385,-0.1681037863723096,0.013716843900972732,5.692722422014266,12.01770725259019,37.23795524858386,54.00000037999999
149,300,10.222125419961909,12.526989226874973,-0.08655112749456872,0.015277494878679564,5.869596621701712,12.01770725259019,40.39976095772404,54.00000037999999
150,300,10.308491121532303,13.019681462184987,-0.17370100612663353,0.008255101837819651,5.648454170982875,12.01770725259019,35.97396972187983,54.00000037999999
151,300,10.3804219868639,12.873261398725637,-0.14745043464008822,0.009909887266294356,5.6986178614850775,12.01770725259019,35.49357007766575,54.00000037999999
152,300,10.819105666553641,13.623024099353527,-0.2850020151184025,0.014290096546231866,5.961925416894233,12.01770725259019,37.86269553703205,54.00000037999999
153,300,10.3514886414233,12.973209254199613,-0.16533718671861175,0.017149198438860425,5.846727343465277,12.01770725259019,35.52466201807362,54.00000037999999
154,300,10.906807860171348,13.278243212809459,-0.22078166322158443,0.016945518864525996,5.6362056034051085,12.01770725259019,34.27405347070491,54.00000037999999
155,300,10.600863064210346,13.106470203060898,-0.18940085927907502,0.012281298128784522,5.608316889551201,12.01770725259019,34.48053935695876,54.00000037999999
156,300,11.31900802024291,13.678984497856343,-0.2955807115940772,0.016232652743869737,5.919617989755654,12.01770725259019,39.40432573883188,54.00000037999999
157,300,11.139913742835441,13.799819987048036,-0.31857124765121525,0.014702758087906389,5.744044202858228,12.01770725259019,37.13969994459408,54.00000037999999
158,300,10.845880250593922,13.430353725628112,-0.24891149037465432,0.011542713038830593,5.852774479740433,12.01770725259019,40.63167949810862,54.00000037999999
159,300,11.157916048020988,13.923846525193506,-0.34237920011673273,0.01339520569857689,5.841203330199297,12.01770725259019,36.30117701065548,54.00000037999999
160,300,10.448363053988075,12.78157287270373,-0.13116343962261867,0.014708879480505754,5.588120703767988,12.01770725259019,34.417097116354086,54.00000037999999
161,300,10.713171064008288,13.39554449727597,-0.24244594107610862,0.0182417369774785,5.724580635991888,12.01770725259019,35.46713843776712,54.00000037999999
162,300,10.58170885141645,13.110151998375278,-0.1900691926324516,0.006311419088030626,5.647185173102647,12.01770725259019,35.49229117147942,54.00000037999999
163,300,10.584007131631534,13.094350261009613,-0.18720212780359757,0.021449411978662358,5.673044227137647,12.01770725259019,36.144151647181346,54.00000037999999
164,300,11.140743936839526,13.525340417619589,-0.2666399107876618,0.021964226135182965,5.569228721296212,12.01770725259019,34.57996483687289,54.00000037999999
165,300,10.574676020229163,13.126644300321699,-0.19306524113495782,0.014821087718357474,5.503015666724211,12.01770725259019,36.2432608498828,54.00000037999999
166,300,10.383471256638753,12.92730124117385,-0.1571042727124794,0.014061502013828123,5.724077617592495,12.01770725259019,34.20777858708294,54.00000037999999
167,300,9.777608572268642,12.3020470256396,-0.04787993520090694,0.013914321593802157,5.645681722093284,12.01770725259019,35.80523193208599,54.00000037999999
168,300,11.067132942842575,13.530927455966324,-0.2676865724120343,0.011572242249050622,5.757920373147557,12.01770725259019,38.49800496529575,54.00000037999999
169,300,11.249555375908349,13.901705344803048,-0.33811339200502766,0.019444314554836382,5.719201624790157,12.01770725259019,34.75290719846444,54.00000037999999
170,300,10.135466911512225,12.64884371965485,-0.1077924793713716,0.01576302723858138,5.582707520335954,12.01770725259019,33.80629170701706,54.00000037999999
171,300,11.38994762060816,13.625541669153185,-0.28547700234119766,0.017370366248459786,5.81115109997411,12.01770725259019,36.85327570510763,54.00000037999999
172,300,9.9755790133967,12.40447996570996,-0.06540292054890107,0.01427908102399132,5.580361313618239,12.01770725259019,32.5736231767334,54.00000037999999
173,300,10.827452879215699,13.312782937347762,-0.22714098390304294,0.019703136690578636,5.863717765786468,12.01770725259019,38.68527859425667,54.00000037999999
174,300,10.720763615896848,13.31710151804098,-0.22793726623542132,0.013084340161176478,5.914506063635693,12.01770725259019,41.14743776572135,54.00000037999999
175,300,10.35055305962627,12.982981890040866,-0.1670935301407237,0.008025294590921845,5.659962309321074,12.01770725259019,37.937505200031026,54.00000037999999
176,300,10.629203725326315,13.016675298310822,-0.17315906810176207,0.016322944907295436,5.6586525064190365,12.01770725259019,33.7576818629539,54.00000037999999
177,300,9.981958835241349,12.429652888439602,-0.0697314402821474,0.017167415277427586,5.845530012175034,12.01770725259019,37.16670859279941,54.00000037999999
178,300,11.333755014082845,14.260542023644492,-0.40808484563139436,0.015687760797831535,5.74182432776333,12.01770725259019,38.16385070567448,54.00000037999999
179,300,11.703749273524378,14.290101533522478,-0.41392830313265927,0.018936505445567738,5.538352886618493,12.01770725259019,32.89270641758975,54.00000037999999
180,300,10.91966698123643,13.404542860188116,-0.24411571038113933,0.013168781008106608,5.647053356779291,12.01770725259019,34.60416041548608,54.00000037999999
181,300,10.882898559900124,13.40945125039663,-0.2450270019445664,0.013772211576137264,5.739953795840885,12.01770725259019,36.60542808794864,54.00000037999999
182,300,11.827597091845659,14.25865668421635,-0.40771255369642145,0.015047986031504835,5.5835029571564165,12.01770725259019,37.672891017913216,54.00000037999999
183,300,10.613382081491375,13.077585812602933,-0.18416416901346544,0.011748560225935591,5.677475440091416,12.01770725259019,37.579638714131946,54.00000037999999
184,300,10.079479610831532,12.657076698497404,-0.10923504604957057,0.005982975501975088,5.7850493490940185,12.01770725259019,37.1645466554463,54.00000037999999
185,300,10.394007811507006,13.060643971218509,-0.1810980179924193,0.012448461769504048,5.732322674526156,12.01770725259019,36.14352209839354,54.00000037999999
186,300,10.224695578539622,12.804572222926952,-0.13523796647078346,0.016511981906886984,5.776087640071319,12.01770725259019,34.71084077899872,54.00000037999999
187,300,10.67183062240763,12.919853506914889,-0.155771384662879,0.01500034675212151,5.699836777147911,12.01770725259019,37.25313054863365,54.00000037999999
188,300,10.302732600779342,12.903228342124008,-0.1527988235674076,0.019273500783675068,5.912496019163069,12.01770725259019,37.67766504734104,54.00000037999999
189,300,10.675480810235603,13.622051943969593,-0.28481862308367156,0.00808842842067346,5.861204188525982,12.01770725259019,38.30405625260664,54.00000037999999
190,300,10.708172767314482,13.175678637037443,-0.20199523518702933,0.020286490245682767,5.588197226333162,12.01770725259019,35.346583167203505,54.00000037999999
191,300,10.095057624269176,12.567071332976365,-0.09351543973189713,0.01550805797472948,5.568799742882553,12.01770725259019,35.70087898591997,54.00000037999999
192,300,10.542711142543245,13.18291988791686,-0.20331681278544722,0.019909770681851017,5.738596741364889,12.01770725259019,36.66191775508849,54.00000037999999
193,300,11.322926986083003,13.899112229345844,-0.33761423613718833,0.01378218711404365,5.692415944203709,12.01770725259019,36.18377197989574,54.00000037999999
194,300,11.613095302835934,14.3180617029902,-0.4194667313781262,0.01541849241872478,5.5317552373069825,12.01770725259019,35.26158479667788,54.00000037999999
195,300,11.387735369987146,13.895239008328653,-0.33686884267351425,0.021023935839467392,5.675798362003377,12.01770725259019,37.034564070527054,54.00000037999999
196,300,10.146754971168948,12.696291507203927,-0.11611907239088937,0.009007725674637848,5.65968907758485,12.01770725259019,35.730539035576,54.00000037999999
197,300,9.730735688200282,11.945048322670905,0.012055424689407568,0.009319995680912095,5.517817448789185,12.01770725259019,35.3922097976032,54.00000037999999
198,300,10.186173988924546,12.59079692998658,-0.09764827168899348,0.016256436910048903,5.613226219117651,12.01770725259019,34.075838369833264,54.00000037999999
199,300,9.592848306090152,12.058486145531534,-0.006797982051975238,0.007868915519874946,5.880429679865846,12.01770725259019,37.42056811239608,54.00000037999999
