team,season,season_end_year,wins,losses,win_pct,predicted_wins,predicted_win_pct,selected_model,lasso_alpha,rank_blend,training_seasons
Atlanta Hawks,2016-17,2017,43,39,0.5243902,44.209930712338135,0.5391454964919284,rank_calibrated_lasso,0.5359821146546927,0.6,3
Boston Celtics,2016-17,2017,53,29,0.64634144,48.30433586453712,0.5890772666406966,rank_calibrated_lasso,0.5359821146546927,0.6,3
Brooklyn Nets,2016-17,2017,20,62,0.24390244,17.421396738603725,0.21245605778785032,rank_calibrated_lasso,0.5359821146546927,0.6,3
Charlotte Hornets,2016-17,2017,36,46,0.4390244,39.63945746753306,0.48340801789674465,rank_calibrated_lasso,0.5359821146546927,0.6,3
Chicago Bulls,2016-17,2017,41,41,0.5,51.02461186833457,0.6222513642479826,rank_calibrated_lasso,0.5359821146546927,0.6,3
Cleveland Cavaliers,2016-17,2017,51,31,0.6219512,56.59617233931748,0.6901972236502131,rank_calibrated_lasso,0.5359821146546927,0.6,3
Dallas Mavericks,2016-17,2017,33,49,0.40243903,33.14576203282659,0.4042166101564218,rank_calibrated_lasso,0.5359821146546927,0.6,3
Denver Nuggets,2016-17,2017,40,42,0.4878049,31.034641298253423,0.37847123534455396,rank_calibrated_lasso,0.5359821146546927,0.6,3
Detroit Pistons,2016-17,2017,37,45,0.4512195,44.63832544996173,0.5443698225605088,rank_calibrated_lasso,0.5359821146546927,0.6,3
Golden State Warriors,2016-17,2017,67,15,0.81707317,67.77504336118217,0.826524919038807,rank_calibrated_lasso,0.5359821146546927,0.6,3
Houston Rockets,2016-17,2017,55,27,0.6707317,39.031481009514685,0.4759936708477401,rank_calibrated_lasso,0.5359821146546927,0.6,3
Indiana Pacers,2016-17,2017,42,40,0.5121951,42.86801981211589,0.5227807294160475,rank_calibrated_lasso,0.5359821146546927,0.6,3
Los Angeles Clippers,2016-17,2017,51,31,0.6219512,54.534210065213884,0.6650513422587059,rank_calibrated_lasso,0.5359821146546927,0.6,3
Los Angeles Lakers,2016-17,2017,26,56,0.31707317,22.24948894756198,0.27133523106782903,rank_calibrated_lasso,0.5359821146546927,0.6,3
Memphis Grizzlies,2016-17,2017,43,39,0.5243902,41.53768142696405,0.5065570905727323,rank_calibrated_lasso,0.5359821146546927,0.6,3
Miami Heat,2016-17,2017,41,41,0.5,32.131016986803004,0.39184167057076835,rank_calibrated_lasso,0.5359821146546927,0.6,3
Milwaukee Bucks,2016-17,2017,42,40,0.5121951,34.35282738487983,0.4189369193278028,rank_calibrated_lasso,0.5359821146546927,0.6,3
Minnesota Timberwolves,2016-17,2017,31,51,0.37804878,40.92823734668397,0.49912484569126797,rank_calibrated_lasso,0.5359821146546927,0.6,3
New Orleans Pelicans,2016-17,2017,34,48,0.41463414,47.302284563271925,0.5768571288203893,rank_calibrated_lasso,0.5359821146546927,0.6,3
New York Knicks,2016-17,2017,31,51,0.37804878,38.54812506991248,0.4700990862184449,rank_calibrated_lasso,0.5359821146546927,0.6,3
Oklahoma City Thunder,2016-17,2017,47,35,0.5731707,49.41614481880554,0.6026359124244578,rank_calibrated_lasso,0.5359821146546927,0.6,3
Orlando Magic,2016-17,2017,29,53,0.35365853,26.0039213301005,0.3171209918304939,rank_calibrated_lasso,0.5359821146546927,0.6,3
Philadelphia 76ers,2016-17,2017,28,54,0.34146342,19.993053669302263,0.24381772767441784,rank_calibrated_lasso,0.5359821146546927,0.6,3
Phoenix Suns,2016-17,2017,24,58,0.29268292,28.378140772456792,0.3460748874689853,rank_calibrated_lasso,0.5359821146546927,0.6,3
Portland Trail Blazers,2016-17,2017,41,41,0.5,45.62612947475712,0.5564162131067941,rank_calibrated_lasso,0.5359821146546927,0.6,3
Sacramento Kings,2016-17,2017,32,50,0.3902439,36.17299692085153,0.44113410879087234,rank_calibrated_lasso,0.5359821146546927,0.6,3
San Antonio Spurs,2016-17,2017,61,21,0.74390244,60.72476207555019,0.7405458789701242,rank_calibrated_lasso,0.5359821146546927,0.6,3
Toronto Raptors,2016-17,2017,51,31,0.6219512,51.547510905882675,0.628628181779057,rank_calibrated_lasso,0.5359821146546927,0.6,3
Utah Jazz,2016-17,2017,51,31,0.6219512,46.771817810944746,0.5703880220846921,rank_calibrated_lasso,0.5359821146546927,0.6,3
Washington Wizards,2016-17,2017,49,33,0.597561,37.22022066876775,0.4539051301069238,rank_calibrated_lasso,0.5359821146546927,0.6,3
Atlanta Hawks,2017-18,2018,24,58,0.29268292,26.89746014829862,0.32801780668656855,rank_calibrated_lasso,0.6000763381800931,0.41000000000000003,4
Boston Celtics,2017-18,2018,55,27,0.6707317,50.080803472664556,0.6107415057642019,rank_calibrated_lasso,0.6000763381800931,0.41000000000000003,4
Brooklyn Nets,2017-18,2018,28,54,0.34146342,22.33695405425166,0.27240187871038607,rank_calibrated_lasso,0.6000763381800931,0.41000000000000003,4
Charlotte Hornets,2017-18,2018,36,46,0.4390244,38.911235217175445,0.474527258746042,rank_calibrated_lasso,0.6000763381800931,0.41000000000000003,4
Chicago Bulls,2017-18,2018,27,55,0.3292683,24.720742864991458,0.30147247396331045,rank_calibrated_lasso,0.6000763381800931,0.41000000000000003,4
Cleveland Cavaliers,2017-18,2018,50,32,0.6097561,53.173663405786016,0.6484593098266588,rank_calibrated_lasso,0.6000763381800931,0.41000000000000003,4
Dallas Mavericks,2017-18,2018,24,58,0.29268292,31.448674697493658,0.38352042314016654,rank_calibrated_lasso,0.6000763381800931,0.41000000000000003,4
Denver Nuggets,2017-18,2018,46,36,0.5609756,45.26372170843443,0.5519966062004199,rank_calibrated_lasso,0.6000763381800931,0.41000000000000003,4
Detroit Pistons,2017-18,2018,39,43,0.47560975,35.51420940552616,0.43310011470153853,rank_calibrated_lasso,0.6000763381800931,0.41000000000000003,4
Golden State Warriors,2017-18,2018,58,24,0.70731705,64.70421631278819,0.7890758086925389,rank_calibrated_lasso,0.6000763381800931,0.41000000000000003,4
Houston Rockets,2017-18,2018,65,17,0.79268295,56.653208543707066,0.6908927871183789,rank_calibrated_lasso,0.6000763381800931,0.41000000000000003,4
Indiana Pacers,2017-18,2018,48,34,0.58536583,37.50041655983083,0.4573221531686687,rank_calibrated_lasso,0.6000763381800931,0.41000000000000003,4
Los Angeles Clippers,2017-18,2018,42,40,0.5121951,48.749005080031075,0.5945000619515984,rank_calibrated_lasso,0.6000763381800931,0.41000000000000003,4
Los Angeles Lakers,2017-18,2018,35,47,0.42682928,32.81723171354445,0.4002101428481031,rank_calibrated_lasso,0.6000763381800931,0.41000000000000003,4
Memphis Grizzlies,2017-18,2018,22,60,0.2682927,40.95728756519124,0.4994791166486736,rank_calibrated_lasso,0.6000763381800931,0.41000000000000003,4
Miami Heat,2017-18,2018,44,38,0.5365854,42.69084346954453,0.5206200423115187,rank_calibrated_lasso,0.6000763381800931,0.41000000000000003,4
Milwaukee Bucks,2017-18,2018,44,38,0.5365854,43.79674884962576,0.534106693288119,rank_calibrated_lasso,0.6000763381800931,0.41000000000000003,4
Minnesota Timberwolves,2017-18,2018,47,35,0.5731707,46.595304785138126,0.5682354242090015,rank_calibrated_lasso,0.6000763381800931,0.41000000000000003,4
New Orleans Pelicans,2017-18,2018,48,34,0.58536583,44.61145420605922,0.5440421244641368,rank_calibrated_lasso,0.6000763381800931,0.41000000000000003,4
New York Knicks,2017-18,2018,29,53,0.35365853,32.19917179005938,0.3926728267080412,rank_calibrated_lasso,0.6000763381800931,0.41000000000000003,4
Oklahoma City Thunder,2017-18,2018,48,34,0.58536583,51.839484005349426,0.6321888293335296,rank_calibrated_lasso,0.6000763381800931,0.41000000000000003,4
Orlando Magic,2017-18,2018,25,57,0.30487806,28.01219651421712,0.3416121526124039,rank_calibrated_lasso,0.6000763381800931,0.41000000000000003,4
Philadelphia 76ers,2017-18,2018,52,30,0.63414633,36.41211397201188,0.4440501703903888,rank_calibrated_lasso,0.6000763381800931,0.41000000000000003,4
Phoenix Suns,2017-18,2018,21,61,0.25609756,33.932753299776884,0.4138140646314254,rank_calibrated_lasso,0.6000763381800931,0.41000000000000003,4
Portland Trail Blazers,2017-18,2018,49,33,0.597561,39.47443704793111,0.48139557375525743,rank_calibrated_lasso,0.6000763381800931,0.41000000000000003,4
Sacramento Kings,2017-18,2018,27,55,0.3292683,29.296377500261404,0.35727289634465126,rank_calibrated_lasso,0.6000763381800931,0.41000000000000003,4
San Antonio Spurs,2017-18,2018,47,35,0.5731707,53.86224762964258,0.6568566784102754,rank_calibrated_lasso,0.6000763381800931,0.41000000000000003,4
Toronto Raptors,2017-18,2018,59,23,0.7195122,46.28640272091724,0.5644683258648444,rank_calibrated_lasso,0.6000763381800931,0.41000000000000003,4
Utah Jazz,2017-18,2018,48,34,0.58536583,42.122175471464985,0.5136850667251828,rank_calibrated_lasso,0.6000763381800931,0.41000000000000003,4
Washington Wizards,2017-18,2018,43,39,0.5243902,47.880987689776454,0.5839144840216641,rank_calibrated_lasso,0.6000763381800931,0.41000000000000003,4
Atlanta Hawks,2018-19,2019,29,53,0.35365853,24.91842443177655,0.3038832247777628,rank_calibrated_lasso,0.6000763381800931,0.4,5
Boston Celtics,2018-19,2019,49,33,0.597561,58.81013219973699,0.717196734143134,rank_calibrated_lasso,0.6000763381800931,0.4,5
Brooklyn Nets,2018-19,2019,42,40,0.5121951,30.96332205567333,0.3776014884838211,rank_calibrated_lasso,0.6000763381800931,0.4,5
Charlotte Hornets,2018-19,2019,39,43,0.47560975,34.433886636885234,0.41992544679128335,rank_calibrated_lasso,0.6000763381800931,0.4,5
Chicago Bulls,2018-19,2019,22,60,0.2682927,31.833004742550017,0.38820737490914653,rank_calibrated_lasso,0.6000763381800931,0.4,5
Cleveland Cavaliers,2018-19,2019,19,63,0.23170732,36.821821615304515,0.4490466050646892,rank_calibrated_lasso,0.6000763381800931,0.4,5
Dallas Mavericks,2018-19,2019,33,49,0.40243903,35.514386121999905,0.43310226978048666,rank_calibrated_lasso,0.6000763381800931,0.4,5
Denver Nuggets,2018-19,2019,54,28,0.6585366,44.50826729262694,0.5427837474710603,rank_calibrated_lasso,0.6000763381800931,0.4,5
Detroit Pistons,2018-19,2019,41,41,0.5,39.70049508572521,0.4841523790942099,rank_calibrated_lasso,0.6000763381800931,0.4,5
Golden State Warriors,2018-19,2019,57,25,0.69512194,62.74486387349222,0.7651812667499052,rank_calibrated_lasso,0.6000763381800931,0.4,5
Houston Rockets,2018-19,2019,53,29,0.64634144,56.58971911993676,0.6901185258528874,rank_calibrated_lasso,0.6000763381800931,0.4,5
Indiana Pacers,2018-19,2019,48,34,0.58536583,42.246105969829614,0.5151964142662148,rank_calibrated_lasso,0.6000763381800931,0.4,5
Los Angeles Clippers,2018-19,2019,48,34,0.58536583,33.35635888508868,0.406784864452301,rank_calibrated_lasso,0.6000763381800931,0.4,5
Los Angeles Lakers,2018-19,2019,37,45,0.4512195,46.79249829092764,0.5706402230600932,rank_calibrated_lasso,0.6000763381800931,0.4,5
Memphis Grizzlies,2018-19,2019,33,49,0.40243903,31.287296173331452,0.3815523923577006,rank_calibrated_lasso,0.6000763381800931,0.4,5
Miami Heat,2018-19,2019,39,43,0.47560975,40.984174526447006,0.49980700642008546,rank_calibrated_lasso,0.6000763381800931,0.4,5
Milwaukee Bucks,2018-19,2019,60,22,0.73170733,48.3170539771385,0.5892323655748597,rank_calibrated_lasso,0.6000763381800931,0.4,5
Minnesota Timberwolves,2018-19,2019,36,46,0.4390244,47.822532158082254,0.5832016116839299,rank_calibrated_lasso,0.6000763381800931,0.4,5
New Orleans Pelicans,2018-19,2019,33,49,0.40243903,47.348410488405904,0.577419640102511,rank_calibrated_lasso,0.6000763381800931,0.4,5
New York Knicks,2018-19,2019,17,65,0.20731707,21.30599906069124,0.25982925683769803,rank_calibrated_lasso,0.6000763381800931,0.4,5
Oklahoma City Thunder,2018-19,2019,49,33,0.597561,50.61772250535553,0.6172892988457992,rank_calibrated_lasso,0.6000763381800931,0.4,5
Orlando Magic,2018-19,2019,42,40,0.5121951,29.492938626416557,0.3596699832489824,rank_calibrated_lasso,0.6000763381800931,0.4,5
Philadelphia 76ers,2018-19,2019,51,31,0.6219512,49.337662174981475,0.6016788070119692,rank_calibrated_lasso,0.6000763381800931,0.4,5
Phoenix Suns,2018-19,2019,19,63,0.23170732,28.291044231180024,0.34501273452658565,rank_calibrated_lasso,0.6000763381800931,0.4,5
Portland Trail Blazers,2018-19,2019,53,29,0.64634144,42.5505635992656,0.5189093121861659,rank_calibrated_lasso,0.6000763381800931,0.4,5
Sacramento Kings,2018-19,2019,39,43,0.47560975,26.255550175491983,0.3201896362864876,rank_calibrated_lasso,0.6000763381800931,0.4,5
San Antonio Spurs,2018-19,2019,48,34,0.58536583,44.76853615226457,0.545957757954446,rank_calibrated_lasso,0.6000763381800931,0.4,5
Toronto Raptors,2018-19,2019,58,24,0.70731705,52.36899198611811,0.6386462437331477,rank_calibrated_lasso,0.6000763381800931,0.4,5
Utah Jazz,2018-19,2019,50,32,0.6097561,45.716682550210905,0.5575205189050111,rank_calibrated_lasso,0.6000763381800931,0.4,5
Washington Wizards,2018-19,2019,32,50,0.3902439,43.856545055133026,0.5348359153065003,rank_calibrated_lasso,0.6000763381800931,0.4,5
Atlanta Hawks,2019-20,2020,20,47,0.29850745,33.23307029600624,0.4052813450732468,rank_calibrated_lasso,0.6000763381800931,0.38,6
Boston Celtics,2019-20,2020,48,24,0.6666667,45.91831073978143,0.5599793992656272,rank_calibrated_lasso,0.6000763381800931,0.38,6
Brooklyn Nets,2019-20,2020,35,37,0.4861111,43.091489096562086,0.5255059645922205,rank_calibrated_lasso,0.6000763381800931,0.38,6
Charlotte Hornets,2019-20,2020,23,42,0.35384616,23.297153128421353,0.2841116235173336,rank_calibrated_lasso,0.6000763381800931,0.38,6
Chicago Bulls,2019-20,2020,22,43,0.33846155,32.59494132694815,0.39749928447497745,rank_calibrated_lasso,0.6000763381800931,0.38,6
Cleveland Cavaliers,2019-20,2020,19,46,0.2923077,24.77508374672599,0.30213516764299986,rank_calibrated_lasso,0.6000763381800931,0.38,6
Dallas Mavericks,2019-20,2020,43,32,0.5733333,38.53756983251684,0.46997036381118096,rank_calibrated_lasso,0.6000763381800931,0.38,6
Denver Nuggets,2019-20,2020,46,27,0.63013697,48.158454771830044,0.5872982289247566,rank_calibrated_lasso,0.6000763381800931,0.38,6
Detroit Pistons,2019-20,2020,20,46,0.3030303,40.33829493364983,0.4919304260201198,rank_calibrated_lasso,0.6000763381800931,0.38,6
Golden State Warriors,2019-20,2020,15,50,0.23076923,51.21000133044363,0.6245122113468735,rank_calibrated_lasso,0.6000763381800931,0.38,6
Houston Rockets,2019-20,2020,44,28,0.6111111,56.37884146312228,0.6875468471112473,rank_calibrated_lasso,0.6000763381800931,0.38,6
Indiana Pacers,2019-20,2020,45,28,0.6164383,44.27813630051253,0.5399772719574698,rank_calibrated_lasso,0.6000763381800931,0.38,6
Los Angeles Clippers,2019-20,2020,49,23,0.6805556,46.74001272656519,0.5700001552020145,rank_calibrated_lasso,0.6000763381800931,0.38,6
Los Angeles Lakers,2019-20,2020,52,19,0.73239434,58.77200771311934,0.7167318013795042,rank_calibrated_lasso,0.6000763381800931,0.38,6
Memphis Grizzlies,2019-20,2020,34,39,0.46575344,27.154136619217493,0.3311480075514328,rank_calibrated_lasso,0.6000763381800931,0.38,6
Miami Heat,2019-20,2020,44,29,0.60273975,37.73922310889971,0.4602344281573135,rank_calibrated_lasso,0.6000763381800931,0.38,6
Milwaukee Bucks,2019-20,2020,56,17,0.7671233,53.56874640640005,0.6532773952000006,rank_calibrated_lasso,0.6000763381800931,0.38,6
Minnesota Timberwolves,2019-20,2020,19,45,0.296875,35.31227836041055,0.43063754098061646,rank_calibrated_lasso,0.6000763381800931,0.38,6
New Orleans Pelicans,2019-20,2020,30,42,0.41666666,36.3202344428431,0.4429296883273549,rank_calibrated_lasso,0.6000763381800931,0.38,6
New York Knicks,2019-20,2020,21,45,0.3181818,26.165246575991787,0.3190883728779486,rank_calibrated_lasso,0.6000763381800931,0.38,6
Oklahoma City Thunder,2019-20,2020,44,28,0.6111111,42.14223684086848,0.5139297175715668,rank_calibrated_lasso,0.6000763381800931,0.38,6
Orlando Magic,2019-20,2020,33,40,0.4520548,36.93989126884367,0.45048647888833737,rank_calibrated_lasso,0.6000763381800931,0.38,6
Philadelphia 76ers,2019-20,2020,43,30,0.5890411,52.92371244885855,0.6454111274251043,rank_calibrated_lasso,0.6000763381800931,0.38,6
Phoenix Suns,2019-20,2020,34,39,0.46575344,30.904163781057164,0.3768800461104532,rank_calibrated_lasso,0.6000763381800931,0.38,6
Portland Trail Blazers,2019-20,2020,35,39,0.47297296,49.31535190981475,0.6014067306074969,rank_calibrated_lasso,0.6000763381800931,0.38,6
Sacramento Kings,2019-20,2020,31,41,0.43055555,41.13388193176451,0.5016327064849331,rank_calibrated_lasso,0.6000763381800931,0.38,6
San Antonio Spurs,2019-20,2020,32,39,0.45070422,45.26128261500908,0.5519668611586473,rank_calibrated_lasso,0.6000763381800931,0.38,6
Toronto Raptors,2019-20,2020,53,19,0.7361111,47.7143281680635,0.5818820508300427,rank_calibrated_lasso,0.6000763381800931,0.38,6
Utah Jazz,2019-20,2020,44,28,0.6111111,50.92659929755075,0.6210560889945214,rank_calibrated_lasso,0.6000763381800931,0.38,6
Washington Wizards,2019-20,2020,25,47,0.3472222,28.36298143975003,0.3458900175579272,rank_calibrated_lasso,0.6000763381800931,0.38,6
Atlanta Hawks,2020-21,2021,41,31,0.5694444,31.33588503518959,0.3821449394535316,rank_calibrated_lasso,0.6000763381800931,0.4,7
Boston Celtics,2020-21,2021,36,36,0.5,48.51695677132215,0.5916702045283189,rank_calibrated_lasso,0.6000763381800931,0.4,7
Brooklyn Nets,2020-21,2021,48,24,0.6666667,56.33655313215753,0.6870311357580187,rank_calibrated_lasso,0.6000763381800931,0.4,7
Charlotte Hornets,2020-21,2021,33,39,0.45833334,27.423909944494156,0.3344379261523678,rank_calibrated_lasso,0.6000763381800931,0.4,7
Chicago Bulls,2020-21,2021,31,41,0.43055555,29.471171523932895,0.35940453077966944,rank_calibrated_lasso,0.6000763381800931,0.4,7
Cleveland Cavaliers,2020-21,2021,22,50,0.30555555,30.92447920798073,0.3771277952192772,rank_calibrated_lasso,0.6000763381800931,0.4,7
Dallas Mavericks,2020-21,2021,42,30,0.5833333,47.997307977866896,0.585333024120328,rank_calibrated_lasso,0.6000763381800931,0.4,7
Denver Nuggets,2020-21,2021,47,25,0.6527778,47.276117252208074,0.5765380152708302,rank_calibrated_lasso,0.6000763381800931,0.4,7
Detroit Pistons,2020-21,2021,20,52,0.2777778,23.08667573286568,0.2815448260105571,rank_calibrated_lasso,0.6000763381800931,0.4,7
Golden State Warriors,2020-21,2021,39,33,0.5416667,38.60568737674562,0.47080106557006857,rank_calibrated_lasso,0.6000763381800931,0.4,7
Houston Rockets,2020-21,2021,17,55,0.2361111,49.50927115685797,0.6037715994738777,rank_calibrated_lasso,0.6000763381800931,0.4,7
Indiana Pacers,2020-21,2021,34,38,0.4722222,39.931664204979725,0.4869715146948747,rank_calibrated_lasso,0.6000763381800931,0.4,7
Los Angeles Clippers,2020-21,2021,47,25,0.6527778,54.504883130583195,0.6646936967144292,rank_calibrated_lasso,0.6000763381800931,0.4,7
Los Angeles Lakers,2020-21,2021,42,30,0.5833333,60.198098087892106,0.7341231474133184,rank_calibrated_lasso,0.6000763381800931,0.4,7
Memphis Grizzlies,2020-21,2021,38,34,0.5277778,35.5774751025584,0.4338716475921756,rank_calibrated_lasso,0.6000763381800931,0.4,7
Miami Heat,2020-21,2021,40,32,0.5555556,45.22171028526369,0.5514842717715084,rank_calibrated_lasso,0.6000763381800931,0.4,7
Milwaukee Bucks,2020-21,2021,46,26,0.6388889,53.442713137077604,0.6517404041107024,rank_calibrated_lasso,0.6000763381800931,0.4,7
Minnesota Timberwolves,2020-21,2021,23,49,0.31944445,33.59880572500515,0.4097415332317701,rank_calibrated_lasso,0.6000763381800931,0.4,7
New Orleans Pelicans,2020-21,2021,31,41,0.43055555,40.4517051719683,0.49331347770693046,rank_calibrated_lasso,0.6000763381800931,0.4,7
New York Knicks,2020-21,2021,41,31,0.5694444,24.569734248673143,0.2996309054716237,rank_calibrated_lasso,0.6000763381800931,0.4,7
Oklahoma City Thunder,2020-21,2021,22,50,0.30555555,26.485611041468168,0.32299525660327033,rank_calibrated_lasso,0.6000763381800931,0.4,7
Orlando Magic,2020-21,2021,21,51,0.29166666,32.73535966132323,0.39921170318686866,rank_calibrated_lasso,0.6000763381800931,0.4,7
Philadelphia 76ers,2020-21,2021,49,23,0.6805556,47.702196078768836,0.5817340985215712,rank_calibrated_lasso,0.6000763381800931,0.4,7
Phoenix Suns,2020-21,2021,51,21,0.7083333,41.63732889539287,0.507772303602352,rank_calibrated_lasso,0.6000763381800931,0.4,7
Portland Trail Blazers,2020-21,2021,42,30,0.5833333,44.86764945622001,0.5471664567831708,rank_calibrated_lasso,0.6000763381800931,0.4,7
Sacramento Kings,2020-21,2021,31,41,0.43055555,36.83379491827231,0.4491926209545404,rank_calibrated_lasso,0.6000763381800931,0.4,7
San Antonio Spurs,2020-21,2021,33,39,0.45833334,39.52766397296397,0.4820446825971216,rank_calibrated_lasso,0.6000763381800931,0.4,7
Toronto Raptors,2020-21,2021,27,45,0.375,50.73265598158902,0.6186909266047441,rank_calibrated_lasso,0.6000763381800931,0.4,7
Utah Jazz,2020-21,2021,52,20,0.7222222,45.87410850814393,0.5594403476602918,rank_calibrated_lasso,0.6000763381800931,0.4,7
Washington Wizards,2020-21,2021,34,38,0.4722222,41.08666143337592,0.5010568467484868,rank_calibrated_lasso,0.6000763381800931,0.4,7
Atlanta Hawks,2021-22,2022,43,39,0.5243902,49.80319858879884,0.6073560803512054,rank_calibrated_lasso,0.6000763381800931,0.38,8
Boston Celtics,2021-22,2022,51,31,0.6219512,44.91065500174463,0.5476909146554223,rank_calibrated_lasso,0.6000763381800931,0.38,8
Brooklyn Nets,2021-22,2022,44,38,0.5365854,60.58386590951126,0.7388276330428203,rank_calibrated_lasso,0.6000763381800931,0.38,8
Charlotte Hornets,2021-22,2022,43,39,0.5243902,37.37943386576309,0.45584675446052547,rank_calibrated_lasso,0.6000763381800931,0.38,8
Chicago Bulls,2021-22,2022,46,36,0.5609756,41.462801160296884,0.5056439165889864,rank_calibrated_lasso,0.6000763381800931,0.38,8
Cleveland Cavaliers,2021-22,2022,44,38,0.5365854,32.12285219675786,0.3917420999604617,rank_calibrated_lasso,0.6000763381800931,0.38,8
Dallas Mavericks,2021-22,2022,52,30,0.63414633,45.2170394936654,0.5514273108983586,rank_calibrated_lasso,0.6000763381800931,0.38,8
Denver Nuggets,2021-22,2022,48,34,0.58536583,47.02160512889506,0.5734342088889641,rank_calibrated_lasso,0.6000763381800931,0.38,8
Detroit Pistons,2021-22,2022,23,59,0.2804878,22.446447989493706,0.27373717060358177,rank_calibrated_lasso,0.6000763381800931,0.38,8
Golden State Warriors,2021-22,2022,53,29,0.64634144,40.95957637681764,0.4995070289855809,rank_calibrated_lasso,0.6000763381800931,0.38,8
Houston Rockets,2021-22,2022,20,62,0.24390244,26.843217939647026,0.32735631633715884,rank_calibrated_lasso,0.6000763381800931,0.38,8
Indiana Pacers,2021-22,2022,25,57,0.30487806,36.69884104976718,0.44754684207033146,rank_calibrated_lasso,0.6000763381800931,0.38,8
Los Angeles Clippers,2021-22,2022,42,40,0.5121951,42.37869690746942,0.5168133769203588,rank_calibrated_lasso,0.6000763381800931,0.38,8
Los Angeles Lakers,2021-22,2022,33,49,0.40243903,52.999347189809605,0.6463335023147513,rank_calibrated_lasso,0.6000763381800931,0.38,8
Memphis Grizzlies,2021-22,2022,56,26,0.68292683,39.470957700289,0.4813531426864512,rank_calibrated_lasso,0.6000763381800931,0.38,8
Miami Heat,2021-22,2022,53,29,0.64634144,45.6365612201429,0.5565434295139379,rank_calibrated_lasso,0.6000763381800931,0.38,8
Milwaukee Bucks,2021-22,2022,51,31,0.6219512,55.450972275322,0.6762313692112439,rank_calibrated_lasso,0.6000763381800931,0.38,8
Minnesota Timberwolves,2021-22,2022,46,36,0.5609756,38.22299292593512,0.46613406007237945,rank_calibrated_lasso,0.6000763381800931,0.38,8
New Orleans Pelicans,2021-22,2022,36,46,0.4390244,31.5534761978688,0.3847984902179122,rank_calibrated_lasso,0.6000763381800931,0.38,8
New York Knicks,2021-22,2022,37,45,0.4512195,47.23711917090975,0.5760624289135335,rank_calibrated_lasso,0.6000763381800931,0.38,8
Oklahoma City Thunder,2021-22,2022,24,58,0.29268292,25.70733853743465,0.3135041285053006,rank_calibrated_lasso,0.6000763381800931,0.38,8
Orlando Magic,2021-22,2022,22,60,0.2682927,24.815814293791096,0.3026318816315987,rank_calibrated_lasso,0.6000763381800931,0.38,8
Philadelphia 76ers,2021-22,2022,51,31,0.6219512,48.635975791560945,0.5931216559946457,rank_calibrated_lasso,0.6000763381800931,0.38,8
Phoenix Suns,2021-22,2022,64,18,0.7804878,52.05096420170193,0.6347678561183162,rank_calibrated_lasso,0.6000763381800931,0.38,8
Portland Trail Blazers,2021-22,2022,27,55,0.3292683,47.92906689706868,0.5845008158179107,rank_calibrated_lasso,0.6000763381800931,0.38,8
Sacramento Kings,2021-22,2022,30,52,0.36585367,35.106331976224354,0.4281259997100531,rank_calibrated_lasso,0.6000763381800931,0.38,8
San Antonio Spurs,2021-22,2022,34,48,0.41463414,30.6648962284154,0.3739621491270171,rank_calibrated_lasso,0.6000763381800931,0.38,8
Toronto Raptors,2021-22,2022,48,34,0.58536583,33.615745655045245,0.4099481177444542,rank_calibrated_lasso,0.6000763381800931,0.38,8
Utah Jazz,2021-22,2022,49,33,0.597561,51.15080008867503,0.6237902449838418,rank_calibrated_lasso,0.6000763381800931,0.38,8
Washington Wizards,2021-22,2022,35,47,0.42682928,40.04604768236552,0.488366435150799,rank_calibrated_lasso,0.6000763381800931,0.38,8
Atlanta Hawks,2022-23,2023,41,41,0.5,46.79541296288144,0.5706757678400176,rank_calibrated_lasso,0.6000763381800931,0.38,9
Boston Celtics,2022-23,2023,57,25,0.69512194,53.21072413001761,0.6489112698782635,rank_calibrated_lasso,0.6000763381800931,0.38,9
Brooklyn Nets,2022-23,2023,45,37,0.5487805,46.54181030183638,0.5675830524614193,rank_calibrated_lasso,0.6000763381800931,0.38,9
Charlotte Hornets,2022-23,2023,27,55,0.3292683,37.743503952155734,0.4602866335628748,rank_calibrated_lasso,0.6000763381800931,0.38,9
Chicago Bulls,2022-23,2023,40,42,0.4878049,42.780813727506654,0.5217172405793494,rank_calibrated_lasso,0.6000763381800931,0.38,9
Cleveland Cavaliers,2022-23,2023,51,31,0.6219512,47.15150974683671,0.5750184115467891,rank_calibrated_lasso,0.6000763381800931,0.38,9
Dallas Mavericks,2022-23,2023,38,44,0.46341464,45.749402568069044,0.5579195435130371,rank_calibrated_lasso,0.6000763381800931,0.38,9
Denver Nuggets,2022-23,2023,53,29,0.64634144,44.51535186792079,0.5428701447307414,rank_calibrated_lasso,0.6000763381800931,0.38,9
Detroit Pistons,2022-23,2023,17,65,0.20731707,26.489217548778463,0.32303923839973736,rank_calibrated_lasso,0.6000763381800931,0.38,9
Golden State Warriors,2022-23,2023,44,38,0.5365854,55.185285411647634,0.672991285507898,rank_calibrated_lasso,0.6000763381800931,0.38,9
Houston Rockets,2022-23,2023,22,60,0.2682927,23.18584792155329,0.28275424294577184,rank_calibrated_lasso,0.6000763381800931,0.38,9
Indiana Pacers,2022-23,2023,35,47,0.42682928,28.76995782869786,0.35085314425241293,rank_calibrated_lasso,0.6000763381800931,0.38,9
Los Angeles Clippers,2022-23,2023,44,38,0.5365854,44.87690017127234,0.54727927038137,rank_calibrated_lasso,0.6000763381800931,0.38,9
Los Angeles Lakers,2022-23,2023,43,39,0.5243902,41.212464249516046,0.5025910274331226,rank_calibrated_lasso,0.6000763381800931,0.38,9
Memphis Grizzlies,2022-23,2023,51,31,0.6219512,49.814004922755956,0.607487864911658,rank_calibrated_lasso,0.6000763381800931,0.38,9
Miami Heat,2022-23,2023,44,38,0.5365854,48.06345423339915,0.5861396857731603,rank_calibrated_lasso,0.6000763381800931,0.38,9
Milwaukee Bucks,2022-23,2023,58,24,0.70731705,52.31258196641445,0.6379583166635908,rank_calibrated_lasso,0.6000763381800931,0.38,9
Minnesota Timberwolves,2022-23,2023,42,40,0.5121951,43.31701622272716,0.5282562953991117,rank_calibrated_lasso,0.6000763381800931,0.38,9
New Orleans Pelicans,2022-23,2023,42,40,0.5121951,40.234088030675984,0.49065961013019493,rank_calibrated_lasso,0.6000763381800931,0.38,9
New York Knicks,2022-23,2023,47,35,0.5731707,38.927591498109976,0.47472672558670703,rank_calibrated_lasso,0.6000763381800931,0.38,9
Oklahoma City Thunder,2022-23,2023,40,42,0.4878049,29.578005647845504,0.36070738594933544,rank_calibrated_lasso,0.6000763381800931,0.38,9
Orlando Magic,2022-23,2023,34,48,0.41463414,27.828151761437894,0.3393677044077792,rank_calibrated_lasso,0.6000763381800931,0.38,9
Philadelphia 76ers,2022-23,2023,54,28,0.6585366,50.871877239879844,0.620388746827803,rank_calibrated_lasso,0.6000763381800931,0.38,9
Phoenix Suns,2022-23,2023,45,37,0.5487805,57.494536712131364,0.7011528867333093,rank_calibrated_lasso,0.6000763381800931,0.38,9
Portland Trail Blazers,2022-23,2023,33,49,0.40243903,36.872097948726534,0.4496597310820309,rank_calibrated_lasso,0.6000763381800931,0.38,9
Sacramento Kings,2022-23,2023,48,34,0.58536583,32.391444411743535,0.3950176147773602,rank_calibrated_lasso,0.6000763381800931,0.38,9
San Antonio Spurs,2022-23,2023,22,60,0.2682927,25.189460539897382,0.3071885431694803,rank_calibrated_lasso,0.6000763381800931,0.38,9
Toronto Raptors,2022-23,2023,41,41,0.5,41.993525066848285,0.5121161593518083,rank_calibrated_lasso,0.6000763381800931,0.38,9
Utah Jazz,2022-23,2023,37,45,0.4512195,33.604619466112624,0.4098124325135686,rank_calibrated_lasso,0.6000763381800931,0.38,9
Washington Wizards,2022-23,2023,35,47,0.42682928,35.622550612915944,0.43442134893799933,rank_calibrated_lasso,0.6000763381800931,0.38,9
Atlanta Hawks,2023-24,2024,36,46,0.4390244,41.1690504391632,0.5020615907215025,rank_calibrated_lasso,0.6000763381800931,0.35000000000000003,10
Boston Celtics,2023-24,2024,64,18,0.7804878,56.19593251412364,0.6853162501722395,rank_calibrated_lasso,0.6000763381800931,0.35000000000000003,10
Brooklyn Nets,2023-24,2024,32,50,0.3902439,35.748965793199275,0.43596299747803996,rank_calibrated_lasso,0.6000763381800931,0.35000000000000003,10
Charlotte Hornets,2023-24,2024,21,61,0.25609756,24.93912049053928,0.3041356157382839,rank_calibrated_lasso,0.6000763381800931,0.35000000000000003,10
Chicago Bulls,2023-24,2024,39,43,0.47560975,35.265986328469005,0.4300730040057196,rank_calibrated_lasso,0.6000763381800931,0.35000000000000003,10
Cleveland Cavaliers,2023-24,2024,48,34,0.58536583,46.13947515710481,0.5626765263061563,rank_calibrated_lasso,0.6000763381800931,0.35000000000000003,10
Dallas Mavericks,2023-24,2024,50,32,0.6097561,41.44294650968552,0.5054017867034819,rank_calibrated_lasso,0.6000763381800931,0.35000000000000003,10
Denver Nuggets,2023-24,2024,57,25,0.69512194,50.42871364309513,0.6149843127206723,rank_calibrated_lasso,0.6000763381800931,0.35000000000000003,10
Detroit Pistons,2023-24,2024,14,68,0.17073171,26.34528678661895,0.3212839852026701,rank_calibrated_lasso,0.6000763381800931,0.35000000000000003,10
Golden State Warriors,2023-24,2024,46,36,0.5609756,51.13138743871649,0.623553505350201,rank_calibrated_lasso,0.6000763381800931,0.35000000000000003,10
Houston Rockets,2023-24,2024,41,41,0.5,29.55227407796466,0.3603935863166422,rank_calibrated_lasso,0.6000763381800931,0.35000000000000003,10
Indiana Pacers,2023-24,2024,47,35,0.5731707,38.16501766514215,0.46542704469685553,rank_calibrated_lasso,0.6000763381800931,0.35000000000000003,10
Los Angeles Clippers,2023-24,2024,51,31,0.6219512,47.74268381179699,0.5822278513633778,rank_calibrated_lasso,0.6000763381800931,0.35000000000000003,10
Los Angeles Lakers,2023-24,2024,47,35,0.5731707,51.98695156064533,0.6339872141542113,rank_calibrated_lasso,0.6000763381800931,0.35000000000000003,10
Memphis Grizzlies,2023-24,2024,27,55,0.3292683,44.79216662014744,0.5462459343920419,rank_calibrated_lasso,0.6000763381800931,0.35000000000000003,10
Miami Heat,2023-24,2024,46,36,0.5609756,44.23707740133699,0.5394765536748414,rank_calibrated_lasso,0.6000763381800931,0.35000000000000003,10
Milwaukee Bucks,2023-24,2024,49,33,0.597561,59.34414770704612,0.7237091183786112,rank_calibrated_lasso,0.6000763381800931,0.35000000000000003,10
Minnesota Timberwolves,2023-24,2024,56,26,0.68292683,40.597030765062726,0.4950857410373503,rank_calibrated_lasso,0.6000763381800931,0.35000000000000003,10
New Orleans Pelicans,2023-24,2024,49,33,0.597561,42.729684510303656,0.5210937135402884,rank_calibrated_lasso,0.6000763381800931,0.35000000000000003,10
New York Knicks,2023-24,2024,50,32,0.6097561,43.82780622737477,0.5344854417972533,rank_calibrated_lasso,0.6000763381800931,0.35000000000000003,10
Oklahoma City Thunder,2023-24,2024,57,25,0.69512194,39.224105951171964,0.47834275550209715,rank_calibrated_lasso,0.6000763381800931,0.35000000000000003,10
Orlando Magic,2023-24,2024,47,35,0.5731707,32.40342848264106,0.39516376198342756,rank_calibrated_lasso,0.6000763381800931,0.35000000000000003,10
Philadelphia 76ers,2023-24,2024,47,35,0.5731707,46.90186765993049,0.5719739958528108,rank_calibrated_lasso,0.6000763381800931,0.35000000000000003,10
Phoenix Suns,2023-24,2024,49,33,0.597561,48.92082335175798,0.5965954067287559,rank_calibrated_lasso,0.6000763381800931,0.35000000000000003,10
Portland Trail Blazers,2023-24,2024,21,61,0.25609756,34.40161813627485,0.41953192849115667,rank_calibrated_lasso,0.6000763381800931,0.35000000000000003,10
Sacramento Kings,2023-24,2024,46,36,0.5609756,45.28458313913815,0.5522510138919287,rank_calibrated_lasso,0.6000763381800931,0.35000000000000003,10
San Antonio Spurs,2023-24,2024,22,60,0.2682927,26.929673627460772,0.32841065399342406,rank_calibrated_lasso,0.6000763381800931,0.35000000000000003,10
Toronto Raptors,2023-24,2024,25,57,0.30487806,37.541546015666405,0.4578237318983708,rank_calibrated_lasso,0.6000763381800931,0.35000000000000003,10
Utah Jazz,2023-24,2024,31,51,0.37804878,36.55219031308907,0.44575841845230574,rank_calibrated_lasso,0.6000763381800931,0.35000000000000003,10
Washington Wizards,2023-24,2024,15,67,0.18292683,28.553673903066436,0.34821553540324923,rank_calibrated_lasso,0.6000763381800931,0.35000000000000003,10
Atlanta Hawks,2024-25,2025,40,42,0.4878049,35.55095892782526,0.43354827960762515,rank_calibrated_lasso,0.6000763381800931,0.4,11
Boston Celtics,2024-25,2025,61,21,0.74390244,61.17295310184721,0.7460116231932586,rank_calibrated_lasso,0.6000763381800931,0.4,11
Brooklyn Nets,2024-25,2025,26,56,0.31707317,25.771104346022355,0.3142817603173458,rank_calibrated_lasso,0.6000763381800931,0.4,11
Charlotte Hornets,2024-25,2025,19,63,0.23170732,29.091743026159776,0.3547773539775582,rank_calibrated_lasso,0.6000763381800931,0.4,11
Chicago Bulls,2024-25,2025,39,43,0.47560975,33.503834175400485,0.4085833436024449,rank_calibrated_lasso,0.6000763381800931,0.4,11
Cleveland Cavaliers,2024-25,2025,64,18,0.7804878,43.303642293502286,0.5280931987012474,rank_calibrated_lasso,0.6000763381800931,0.4,11
Dallas Mavericks,2024-25,2025,39,43,0.47560975,54.43924160479452,0.6638931903023721,rank_calibrated_lasso,0.6000763381800931,0.4,11
Denver Nuggets,2024-25,2025,50,32,0.6097561,48.97163188013457,0.5972150229284703,rank_calibrated_lasso,0.6000763381800931,0.4,11
Detroit Pistons,2024-25,2025,44,38,0.5365854,26.885342435368333,0.3278700296996138,rank_calibrated_lasso,0.6000763381800931,0.4,11
Golden State Warriors,2024-25,2025,48,34,0.58536583,42.48463465676523,0.5181053006922589,rank_calibrated_lasso,0.6000763381800931,0.4,11
Houston Rockets,2024-25,2025,52,30,0.63414633,38.700154949464896,0.4719531091398158,rank_calibrated_lasso,0.6000763381800931,0.4,11
Indiana Pacers,2024-25,2025,50,32,0.6097561,46.009311749837714,0.5610891676809477,rank_calibrated_lasso,0.6000763381800931,0.4,11
Los Angeles Clippers,2024-25,2025,50,32,0.6097561,41.4315969712361,0.5052633776980012,rank_calibrated_lasso,0.6000763381800931,0.4,11
Los Angeles Lakers,2024-25,2025,50,32,0.6097561,49.490969858834376,0.6035484129126143,rank_calibrated_lasso,0.6000763381800931,0.4,11
Memphis Grizzlies,2024-25,2025,48,34,0.58536583,36.927150032440295,0.450331097956589,rank_calibrated_lasso,0.6000763381800931,0.4,11
Miami Heat,2024-25,2025,37,45,0.4512195,42.91403759547915,0.5233419218960872,rank_calibrated_lasso,0.6000763381800931,0.4,11
Milwaukee Bucks,2024-25,2025,48,34,0.58536583,51.520191677137454,0.6282950204528958,rank_calibrated_lasso,0.6000763381800931,0.4,11
Minnesota Timberwolves,2024-25,2025,49,33,0.597561,48.21143035621948,0.5879442726368229,rank_calibrated_lasso,0.6000763381800931,0.4,11
New Orleans Pelicans,2024-25,2025,21,61,0.25609756,45.61665674192706,0.5563006919747202,rank_calibrated_lasso,0.6000763381800931,0.4,11
New York Knicks,2024-25,2025,51,31,0.6219512,50.08576515573836,0.6108020140943702,rank_calibrated_lasso,0.6000763381800931,0.4,11
Oklahoma City Thunder,2024-25,2025,68,14,0.8292683,52.7791005634546,0.6436475678470073,rank_calibrated_lasso,0.6000763381800931,0.4,11
Orlando Magic,2024-25,2025,41,41,0.5,41.01269104366785,0.5001547688252177,rank_calibrated_lasso,0.6000763381800931,0.4,11
Philadelphia 76ers,2024-25,2025,24,58,0.29268292,46.51927753107607,0.5673082625740984,rank_calibrated_lasso,0.6000763381800931,0.4,11
Phoenix Suns,2024-25,2025,36,46,0.4390244,50.52393361093051,0.616145531840616,rank_calibrated_lasso,0.6000763381800931,0.4,11
Portland Trail Blazers,2024-25,2025,36,46,0.4390244,30.208170596206973,0.3683923243439875,rank_calibrated_lasso,0.6000763381800931,0.4,11
Sacramento Kings,2024-25,2025,40,42,0.4878049,44.55368577134343,0.5433376313578467,rank_calibrated_lasso,0.6000763381800931,0.4,11
San Antonio Spurs,2024-25,2025,34,48,0.41463414,32.98830615043609,0.40229641646873276,rank_calibrated_lasso,0.6000763381800931,0.4,11
Toronto Raptors,2024-25,2025,30,52,0.36585367,24.089778089484742,0.29377778157908224,rank_calibrated_lasso,0.6000763381800931,0.4,11
Utah Jazz,2024-25,2025,17,65,0.20731707,31.228786156978916,0.38083885557291364,rank_calibrated_lasso,0.6000763381800931,0.4,11
Washington Wizards,2024-25,2025,18,64,0.2195122,22.66514514315351,0.2764042090628477,rank_calibrated_lasso,0.6000763381800931,0.4,11
Atlanta Hawks,2025-26,2026,46,36,0.5609756,42.75582325197813,0.52141247868266,rank_calibrated_lasso,0.6349428024593587,0.43,12
Boston Celtics,2025-26,2026,56,26,0.68292683,53.543213616674166,0.6529660197155386,rank_calibrated_lasso,0.6349428024593587,0.43,12
Brooklyn Nets,2025-26,2026,20,62,0.24390244,23.145873232025835,0.2822667467320224,rank_calibrated_lasso,0.6349428024593587,0.43,12
Charlotte Hornets,2025-26,2026,44,38,0.5365854,27.067436289301135,0.33009068645489187,rank_calibrated_lasso,0.6349428024593587,0.43,12
Chicago Bulls,2025-26,2026,31,51,0.37804878,28.74833976995489,0.35058950938969374,rank_calibrated_lasso,0.6349428024593587,0.43,12
Cleveland Cavaliers,2025-26,2026,52,30,0.63414633,48.045169214641724,0.5859166977395333,rank_calibrated_lasso,0.6349428024593587,0.43,12
Dallas Mavericks,2025-26,2026,26,56,0.31707317,46.183281102129854,0.563210745147925,rank_calibrated_lasso,0.6349428024593587,0.43,12
Denver Nuggets,2025-26,2026,54,28,0.6585366,50.20255701281025,0.6122263050342713,rank_calibrated_lasso,0.6349428024593587,0.43,12
Detroit Pistons,2025-26,2026,60,22,0.73170733,39.00077349876666,0.4756191890093495,rank_calibrated_lasso,0.6349428024593587,0.43,12
Golden State Warriors,2025-26,2026,37,45,0.4512195,45.481427478853846,0.5546515546201688,rank_calibrated_lasso,0.6349428024593587,0.43,12
Houston Rockets,2025-26,2026,52,30,0.63414633,49.16623253861804,0.5995882016904639,rank_calibrated_lasso,0.6349428024593587,0.43,12
Indiana Pacers,2025-26,2026,19,63,0.23170732,47.51283006776086,0.5794247569239129,rank_calibrated_lasso,0.6349428024593587,0.43,12
Los Angeles Clippers,2025-26,2026,42,40,0.5121951,50.69224505809214,0.6181981104645383,rank_calibrated_lasso,0.6349428024593587,0.43,12
Los Angeles Lakers,2025-26,2026,53,29,0.64634144,52.42609720912916,0.639342648891819,rank_calibrated_lasso,0.6349428024593587,0.43,12
Memphis Grizzlies,2025-26,2026,25,57,0.30487806,41.515066811514764,0.5062813025794484,rank_calibrated_lasso,0.6349428024593587,0.43,12
Miami Heat,2025-26,2026,43,39,0.5243902,39.91950666366573,0.4868232519959235,rank_calibrated_lasso,0.6349428024593587,0.43,12
Milwaukee Bucks,2025-26,2026,32,50,0.3902439,43.93303967510887,0.535768776525718,rank_calibrated_lasso,0.6349428024593587,0.43,12
Minnesota Timberwolves,2025-26,2026,49,33,0.597561,48.61739326650312,0.5928950398354039,rank_calibrated_lasso,0.6349428024593587,0.43,12
New Orleans Pelicans,2025-26,2026,26,56,0.31707317,32.20968134559247,0.39280099201942037,rank_calibrated_lasso,0.6349428024593587,0.43,12
New York Knicks,2025-26,2026,53,29,0.64634144,54.882956540736785,0.6693043480577656,rank_calibrated_lasso,0.6349428024593587,0.43,12
Oklahoma City Thunder,2025-26,2026,64,18,0.7804878,60.40794591194256,0.7366822672188117,rank_calibrated_lasso,0.6349428024593587,0.43,12
Orlando Magic,2025-26,2026,45,37,0.5487805,42.06503324585738,0.5129882103153339,rank_calibrated_lasso,0.6349428024593587,0.43,12
Philadelphia 76ers,2025-26,2026,45,37,0.5487805,33.950348336439355,0.4140286382492604,rank_calibrated_lasso,0.6349428024593587,0.43,12
Phoenix Suns,2025-26,2026,45,37,0.5487805,30.81376302606209,0.375777597878806,rank_calibrated_lasso,0.6349428024593587,0.43,12
Portland Trail Blazers,2025-26,2026,42,40,0.5121951,38.03278383515296,0.4638144370140605,rank_calibrated_lasso,0.6349428024593587,0.43,12
Sacramento Kings,2025-26,2026,22,60,0.2682927,40.70456035258587,0.49639707747055944,rank_calibrated_lasso,0.6349428024593587,0.43,12
San Antonio Spurs,2025-26,2026,62,20,0.75609756,36.586886972298245,0.4461815484426615,rank_calibrated_lasso,0.6349428024593587,0.43,12
Toronto Raptors,2025-26,2026,46,36,0.5609756,34.51702852490513,0.4209393722549406,rank_calibrated_lasso,0.6349428024593587,0.43,12
Utah Jazz,2025-26,2026,22,60,0.2682927,25.12307164877125,0.30637892254599086,rank_calibrated_lasso,0.6349428024593587,0.43,12
Washington Wizards,2025-26,2026,17,65,0.20731707,21.52569336953923,0.26250845572608816,rank_calibrated_lasso,0.6349428024593587,0.43,12
