team,season,season_end_year,wins,losses,win_pct,predicted_wins,predicted_win_pct,selected_model,lasso_alpha,rank_blend,training_seasons,win_total_line,actual_wins_odds_source,actual_losses_odds_source,source_result,championship_odds,source_url,scheduled_games_for_line,pick,model_edge_wins,comparison_actual_wins,model_abs_error_wins,market_abs_error_wins,grade,stake,profit,cash_return
Atlanta Hawks,2016-17,2017,43,39,0.5243902,44.209930712338135,0.5391454964919284,rank_calibrated_lasso,0.5359821146546927,0.6,3,43.5,43,39,under,+10000,https://www.basketball-reference.com/leagues/NBA_2017_preseason_odds.html,82,over,0.7099307123381351,43.0,1.209930712338135,0.5,loss,10.0,-10.0,0.0
Boston Celtics,2016-17,2017,53,29,0.64634144,48.30433586453712,0.5890772666406966,rank_calibrated_lasso,0.5359821146546927,0.6,3,52.5,53,29,over,+2900,https://www.basketball-reference.com/leagues/NBA_2017_preseason_odds.html,82,under,-4.195664135462877,53.0,4.695664135462877,0.5,loss,10.0,-10.0,0.0
Brooklyn Nets,2016-17,2017,20,62,0.24390244,17.421396738603725,0.21245605778785032,rank_calibrated_lasso,0.5359821146546927,0.6,3,21.5,20,62,under,+135000,https://www.basketball-reference.com/leagues/NBA_2017_preseason_odds.html,82,under,-4.078603261396275,20.0,2.5786032613962746,1.5,win,10.0,9.090909090909092,19.090909090909093
Charlotte Hornets,2016-17,2017,36,46,0.4390244,39.63945746753306,0.48340801789674465,rank_calibrated_lasso,0.5359821146546927,0.6,3,42.5,36,46,under,+55000,https://www.basketball-reference.com/leagues/NBA_2017_preseason_odds.html,82,under,-2.860542532466937,36.0,3.639457467533063,6.5,win,10.0,9.090909090909092,19.090909090909093
Chicago Bulls,2016-17,2017,41,41,0.5,51.02461186833457,0.6222513642479826,rank_calibrated_lasso,0.5359821146546927,0.6,3,39.0,41,41,over,+9000,https://www.basketball-reference.com/leagues/NBA_2017_preseason_odds.html,82,over,12.024611868334567,41.0,10.024611868334567,2.0,win,10.0,9.090909090909092,19.090909090909093
Cleveland Cavaliers,2016-17,2017,51,31,0.6219512,56.59617233931748,0.6901972236502131,rank_calibrated_lasso,0.5359821146546927,0.6,3,56.5,51,31,under,+385,https://www.basketball-reference.com/leagues/NBA_2017_preseason_odds.html,82,over,0.09617233931747649,51.0,5.5961723393174765,5.5,loss,10.0,-10.0,0.0
Dallas Mavericks,2016-17,2017,33,49,0.40243903,33.14576203282659,0.4042166101564218,rank_calibrated_lasso,0.5359821146546927,0.6,3,39.5,33,49,under,+39000,https://www.basketball-reference.com/leagues/NBA_2017_preseason_odds.html,82,under,-6.354237967173411,33.0,0.14576203282658895,6.5,win,10.0,9.090909090909092,19.090909090909093
Denver Nuggets,2016-17,2017,40,42,0.4878049,31.034641298253423,0.37847123534455396,rank_calibrated_lasso,0.5359821146546927,0.6,3,37.0,40,42,over,+50000,https://www.basketball-reference.com/leagues/NBA_2017_preseason_odds.html,82,under,-5.9653587017465775,40.0,8.965358701746577,3.0,loss,10.0,-10.0,0.0
Detroit Pistons,2016-17,2017,37,45,0.4512195,44.63832544996173,0.5443698225605088,rank_calibrated_lasso,0.5359821146546927,0.6,3,44.5,37,45,under,+14000,https://www.basketball-reference.com/leagues/NBA_2017_preseason_odds.html,82,over,0.13832544996172658,37.0,7.638325449961727,7.5,loss,10.0,-10.0,0.0
Golden State Warriors,2016-17,2017,67,15,0.81707317,67.77504336118217,0.826524919038807,rank_calibrated_lasso,0.5359821146546927,0.6,3,66.5,67,15,over,-128,https://www.basketball-reference.com/leagues/NBA_2017_preseason_odds.html,82,over,1.2750433611821705,67.0,0.7750433611821705,0.5,win,10.0,9.090909090909092,19.090909090909093
Houston Rockets,2016-17,2017,55,27,0.6707317,39.031481009514685,0.4759936708477401,rank_calibrated_lasso,0.5359821146546927,0.6,3,44.0,55,27,over,+16000,https://www.basketball-reference.com/leagues/NBA_2017_preseason_odds.html,82,under,-4.968518990485315,55.0,15.968518990485315,11.0,loss,10.0,-10.0,0.0
Indiana Pacers,2016-17,2017,42,40,0.5121951,42.86801981211589,0.5227807294160475,rank_calibrated_lasso,0.5359821146546927,0.6,3,44.5,42,40,under,+8000,https://www.basketball-reference.com/leagues/NBA_2017_preseason_odds.html,82,under,-1.6319801878841105,42.0,0.8680198121158895,2.5,win,10.0,9.090909090909092,19.090909090909093
Los Angeles Clippers,2016-17,2017,51,31,0.6219512,54.534210065213884,0.6650513422587059,rank_calibrated_lasso,0.5359821146546927,0.6,3,53.5,51,31,under,+3500,https://www.basketball-reference.com/leagues/NBA_2017_preseason_odds.html,82,over,1.034210065213884,51.0,3.534210065213884,2.5,loss,10.0,-10.0,0.0
Los Angeles Lakers,2016-17,2017,26,56,0.31707317,22.24948894756198,0.27133523106782903,rank_calibrated_lasso,0.5359821146546927,0.6,3,24.5,26,56,over,+39000,https://www.basketball-reference.com/leagues/NBA_2017_preseason_odds.html,82,under,-2.2505110524380214,26.0,3.7505110524380214,1.5,loss,10.0,-10.0,0.0
Memphis Grizzlies,2016-17,2017,43,39,0.5243902,41.53768142696405,0.5065570905727323,rank_calibrated_lasso,0.5359821146546927,0.6,3,42.5,43,39,over,+8800,https://www.basketball-reference.com/leagues/NBA_2017_preseason_odds.html,82,under,-0.9623185730359509,43.0,1.462318573035951,0.5,loss,10.0,-10.0,0.0
Miami Heat,2016-17,2017,41,41,0.5,32.131016986803004,0.39184167057076835,rank_calibrated_lasso,0.5359821146546927,0.6,3,34.5,41,41,over,+17500,https://www.basketball-reference.com/leagues/NBA_2017_preseason_odds.html,82,under,-2.3689830131969956,41.0,8.868983013196996,6.5,loss,10.0,-10.0,0.0
Milwaukee Bucks,2016-17,2017,42,40,0.5121951,34.35282738487983,0.4189369193278028,rank_calibrated_lasso,0.5359821146546927,0.6,3,34.5,42,40,over,+18000,https://www.basketball-reference.com/leagues/NBA_2017_preseason_odds.html,82,under,-0.14717261512016933,42.0,7.647172615120169,7.5,loss,10.0,-10.0,0.0
Minnesota Timberwolves,2016-17,2017,31,51,0.37804878,40.92823734668397,0.49912484569126797,rank_calibrated_lasso,0.5359821146546927,0.6,3,41.5,31,51,under,+10000,https://www.basketball-reference.com/leagues/NBA_2017_preseason_odds.html,82,under,-0.5717626533160285,31.0,9.928237346683972,10.5,win,10.0,9.090909090909092,19.090909090909093
New Orleans Pelicans,2016-17,2017,34,48,0.41463414,47.302284563271925,0.5768571288203893,rank_calibrated_lasso,0.5359821146546927,0.6,3,36.5,34,48,under,+14500,https://www.basketball-reference.com/leagues/NBA_2017_preseason_odds.html,82,over,10.802284563271925,34.0,13.302284563271925,2.5,loss,10.0,-10.0,0.0
New York Knicks,2016-17,2017,31,51,0.37804878,38.54812506991248,0.4700990862184449,rank_calibrated_lasso,0.5359821146546927,0.6,3,38.5,31,51,under,+7500,https://www.basketball-reference.com/leagues/NBA_2017_preseason_odds.html,82,over,0.04812506991248,31.0,7.54812506991248,7.5,loss,10.0,-10.0,0.0
Oklahoma City Thunder,2016-17,2017,47,35,0.5731707,49.41614481880554,0.6026359124244578,rank_calibrated_lasso,0.5359821146546927,0.6,3,45.0,47,35,over,+6000,https://www.basketball-reference.com/leagues/NBA_2017_preseason_odds.html,82,over,4.416144818805542,47.0,2.4161448188055417,2.0,win,10.0,9.090909090909092,19.090909090909093
Orlando Magic,2016-17,2017,29,53,0.35365853,26.0039213301005,0.3171209918304939,rank_calibrated_lasso,0.5359821146546927,0.6,3,37.5,29,53,under,+22500,https://www.basketball-reference.com/leagues/NBA_2017_preseason_odds.html,82,under,-11.4960786698995,29.0,2.9960786698995,8.5,win,10.0,9.090909090909092,19.090909090909093
Philadelphia 76ers,2016-17,2017,28,54,0.34146342,19.993053669302263,0.24381772767441784,rank_calibrated_lasso,0.5359821146546927,0.6,3,23.5,28,54,over,+50000,https://www.basketball-reference.com/leagues/NBA_2017_preseason_odds.html,82,under,-3.506946330697737,28.0,8.006946330697737,4.5,loss,10.0,-10.0,0.0
Phoenix Suns,2016-17,2017,24,58,0.29268292,28.378140772456792,0.3460748874689853,rank_calibrated_lasso,0.5359821146546927,0.6,3,29.5,24,58,under,+85000,https://www.basketball-reference.com/leagues/NBA_2017_preseason_odds.html,82,under,-1.121859227543208,24.0,4.378140772456792,5.5,win,10.0,9.090909090909092,19.090909090909093
Portland Trail Blazers,2016-17,2017,41,41,0.5,45.62612947475712,0.5564162131067941,rank_calibrated_lasso,0.5359821146546927,0.6,3,45.5,41,41,under,+13000,https://www.basketball-reference.com/leagues/NBA_2017_preseason_odds.html,82,over,0.12612947475712133,41.0,4.626129474757121,4.5,loss,10.0,-10.0,0.0
Sacramento Kings,2016-17,2017,32,50,0.3902439,36.17299692085153,0.44113410879087234,rank_calibrated_lasso,0.5359821146546927,0.6,3,33.5,32,50,under,+50000,https://www.basketball-reference.com/leagues/NBA_2017_preseason_odds.html,82,over,2.6729969208515314,32.0,4.172996920851531,1.5,loss,10.0,-10.0,0.0
San Antonio Spurs,2016-17,2017,61,21,0.74390244,60.72476207555019,0.7405458789701242,rank_calibrated_lasso,0.5359821146546927,0.6,3,57.5,61,21,over,+925,https://www.basketball-reference.com/leagues/NBA_2017_preseason_odds.html,82,over,3.2247620755501885,61.0,0.27523792444981154,3.5,win,10.0,9.090909090909092,19.090909090909093
Toronto Raptors,2016-17,2017,51,31,0.6219512,51.547510905882675,0.628628181779057,rank_calibrated_lasso,0.5359821146546927,0.6,3,50.5,51,31,over,+5500,https://www.basketball-reference.com/leagues/NBA_2017_preseason_odds.html,82,over,1.0475109058826746,51.0,0.5475109058826746,0.5,win,10.0,9.090909090909092,19.090909090909093
Utah Jazz,2016-17,2017,51,31,0.6219512,46.771817810944746,0.5703880220846921,rank_calibrated_lasso,0.5359821146546927,0.6,3,47.5,51,31,over,+10000,https://www.basketball-reference.com/leagues/NBA_2017_preseason_odds.html,82,under,-0.7281821890552536,51.0,4.228182189055254,3.5,loss,10.0,-10.0,0.0
Washington Wizards,2016-17,2017,49,33,0.597561,37.22022066876775,0.4539051301069238,rank_calibrated_lasso,0.5359821146546927,0.6,3,42.5,49,33,over,+16000,https://www.basketball-reference.com/leagues/NBA_2017_preseason_odds.html,82,under,-5.279779331232248,49.0,11.779779331232248,6.5,loss,10.0,-10.0,0.0
Atlanta Hawks,2017-18,2018,24,58,0.29268292,26.89746014829862,0.32801780668656855,rank_calibrated_lasso,0.6000763381800931,0.41000000000000003,4,25.5,24,58,under,+200000,https://www.basketball-reference.com/leagues/NBA_2018_preseason_odds.html,82,over,1.3974601482986202,24.0,2.89746014829862,1.5,loss,10.0,-10.0,0.0
Boston Celtics,2017-18,2018,55,27,0.6707317,50.080803472664556,0.6107415057642019,rank_calibrated_lasso,0.6000763381800931,0.41000000000000003,4,53.5,55,27,over,+1200,https://www.basketball-reference.com/leagues/NBA_2018_preseason_odds.html,82,under,-3.419196527335444,55.0,4.919196527335444,1.5,loss,10.0,-10.0,0.0
Brooklyn Nets,2017-18,2018,28,54,0.34146342,22.33695405425166,0.27240187871038607,rank_calibrated_lasso,0.6000763381800931,0.41000000000000003,4,27.5,28,54,over,+250000,https://www.basketball-reference.com/leagues/NBA_2018_preseason_odds.html,82,under,-5.16304594574834,28.0,5.66304594574834,0.5,loss,10.0,-10.0,0.0
Charlotte Hornets,2017-18,2018,36,46,0.4390244,38.911235217175445,0.474527258746042,rank_calibrated_lasso,0.6000763381800931,0.41000000000000003,4,42.5,36,46,under,+50000,https://www.basketball-reference.com/leagues/NBA_2018_preseason_odds.html,82,under,-3.588764782824555,36.0,2.911235217175445,6.5,win,10.0,9.090909090909092,19.090909090909093
Chicago Bulls,2017-18,2018,27,55,0.3292683,24.720742864991458,0.30147247396331045,rank_calibrated_lasso,0.6000763381800931,0.41000000000000003,4,22.0,27,55,over,+250000,https://www.basketball-reference.com/leagues/NBA_2018_preseason_odds.html,82,over,2.7207428649914576,27.0,2.2792571350085424,5.0,win,10.0,9.090909090909092,19.090909090909093
Cleveland Cavaliers,2017-18,2018,50,32,0.6097561,53.173663405786016,0.6484593098266588,rank_calibrated_lasso,0.6000763381800931,0.41000000000000003,4,53.5,50,32,under,+515,https://www.basketball-reference.com/leagues/NBA_2018_preseason_odds.html,82,under,-0.3263365942139842,50.0,3.173663405786016,3.5,win,10.0,9.090909090909092,19.090909090909093
Dallas Mavericks,2017-18,2018,24,58,0.29268292,31.448674697493658,0.38352042314016654,rank_calibrated_lasso,0.6000763381800931,0.41000000000000003,4,35.5,24,58,under,+50000,https://www.basketball-reference.com/leagues/NBA_2018_preseason_odds.html,82,under,-4.051325302506342,24.0,7.448674697493658,11.5,win,10.0,9.090909090909092,19.090909090909093
Denver Nuggets,2017-18,2018,46,36,0.5609756,45.26372170843443,0.5519966062004199,rank_calibrated_lasso,0.6000763381800931,0.41000000000000003,4,45.5,46,36,over,+20000,https://www.basketball-reference.com/leagues/NBA_2018_preseason_odds.html,82,under,-0.23627829156556857,46.0,0.7362782915655686,0.5,loss,10.0,-10.0,0.0
Detroit Pistons,2017-18,2018,39,43,0.47560975,35.51420940552616,0.43310011470153853,rank_calibrated_lasso,0.6000763381800931,0.41000000000000003,4,38.5,39,43,over,+63000,https://www.basketball-reference.com/leagues/NBA_2018_preseason_odds.html,82,under,-2.9857905944738405,39.0,3.4857905944738405,0.5,loss,10.0,-10.0,0.0
Golden State Warriors,2017-18,2018,58,24,0.70731705,64.70421631278819,0.7890758086925389,rank_calibrated_lasso,0.6000763381800931,0.41000000000000003,4,67.5,58,24,under,-187,https://www.basketball-reference.com/leagues/NBA_2018_preseason_odds.html,82,under,-2.7957836872118094,58.0,6.704216312788191,9.5,win,10.0,9.090909090909092,19.090909090909093
Houston Rockets,2017-18,2018,65,17,0.79268295,56.653208543707066,0.6908927871183789,rank_calibrated_lasso,0.6000763381800931,0.41000000000000003,4,55.5,65,17,over,+2150,https://www.basketball-reference.com/leagues/NBA_2018_preseason_odds.html,82,over,1.1532085437070663,65.0,8.346791456292934,9.5,win,10.0,9.090909090909092,19.090909090909093
Indiana Pacers,2017-18,2018,48,34,0.58536583,37.50041655983083,0.4573221531686687,rank_calibrated_lasso,0.6000763381800931,0.41000000000000003,4,31.5,48,34,over,+125000,https://www.basketball-reference.com/leagues/NBA_2018_preseason_odds.html,82,over,6.000416559830832,48.0,10.499583440169168,16.5,win,10.0,9.090909090909092,19.090909090909093
Los Angeles Clippers,2017-18,2018,42,40,0.5121951,48.749005080031075,0.5945000619515984,rank_calibrated_lasso,0.6000763381800931,0.41000000000000003,4,43.5,42,40,under,+19000,https://www.basketball-reference.com/leagues/NBA_2018_preseason_odds.html,82,over,5.2490050800310755,42.0,6.7490050800310755,1.5,loss,10.0,-10.0,0.0
Los Angeles Lakers,2017-18,2018,35,47,0.42682928,32.81723171354445,0.4002101428481031,rank_calibrated_lasso,0.6000763381800931,0.41000000000000003,4,33.5,35,47,over,+30000,https://www.basketball-reference.com/leagues/NBA_2018_preseason_odds.html,82,under,-0.6827682864555484,35.0,2.1827682864555484,1.5,loss,10.0,-10.0,0.0
Memphis Grizzlies,2017-18,2018,22,60,0.2682927,40.95728756519124,0.4994791166486736,rank_calibrated_lasso,0.6000763381800931,0.41000000000000003,4,37.5,22,60,under,+37000,https://www.basketball-reference.com/leagues/NBA_2018_preseason_odds.html,82,over,3.457287565191237,22.0,18.957287565191237,15.5,loss,10.0,-10.0,0.0
Miami Heat,2017-18,2018,44,38,0.5365854,42.69084346954453,0.5206200423115187,rank_calibrated_lasso,0.6000763381800931,0.41000000000000003,4,43.5,44,38,over,+24000,https://www.basketball-reference.com/leagues/NBA_2018_preseason_odds.html,82,under,-0.8091565304554678,44.0,1.3091565304554678,0.5,loss,10.0,-10.0,0.0
Milwaukee Bucks,2017-18,2018,44,38,0.5365854,43.79674884962576,0.534106693288119,rank_calibrated_lasso,0.6000763381800931,0.41000000000000003,4,47.5,44,38,under,+8000,https://www.basketball-reference.com/leagues/NBA_2018_preseason_odds.html,82,under,-3.7032511503742427,44.0,0.20325115037424268,3.5,win,10.0,9.090909090909092,19.090909090909093
Minnesota Timberwolves,2017-18,2018,47,35,0.5731707,46.595304785138126,0.5682354242090015,rank_calibrated_lasso,0.6000763381800931,0.41000000000000003,4,48.5,47,35,under,+5000,https://www.basketball-reference.com/leagues/NBA_2018_preseason_odds.html,82,under,-1.9046952148618743,47.0,0.4046952148618743,1.5,win,10.0,9.090909090909092,19.090909090909093
New Orleans Pelicans,2017-18,2018,48,34,0.58536583,44.61145420605922,0.5440421244641368,rank_calibrated_lasso,0.6000763381800931,0.41000000000000003,4,39.5,48,34,over,+22000,https://www.basketball-reference.com/leagues/NBA_2018_preseason_odds.html,82,over,5.111454206059221,48.0,3.3885457939407786,8.5,win,10.0,9.090909090909092,19.090909090909093
New York Knicks,2017-18,2018,29,53,0.35365853,32.19917179005938,0.3926728267080412,rank_calibrated_lasso,0.6000763381800931,0.41000000000000003,4,30.5,29,53,under,+100000,https://www.basketball-reference.com/leagues/NBA_2018_preseason_odds.html,82,over,1.6991717900593812,29.0,3.1991717900593812,1.5,loss,10.0,-10.0,0.0
Oklahoma City Thunder,2017-18,2018,48,34,0.58536583,51.839484005349426,0.6321888293335296,rank_calibrated_lasso,0.6000763381800931,0.41000000000000003,4,53.5,48,34,under,+2150,https://www.basketball-reference.com/leagues/NBA_2018_preseason_odds.html,82,under,-1.6605159946505736,48.0,3.8394840053494264,5.5,win,10.0,9.090909090909092,19.090909090909093
Orlando Magic,2017-18,2018,25,57,0.30487806,28.01219651421712,0.3416121526124039,rank_calibrated_lasso,0.6000763381800931,0.41000000000000003,4,33.5,25,57,under,+250000,https://www.basketball-reference.com/leagues/NBA_2018_preseason_odds.html,82,under,-5.48780348578288,25.0,3.01219651421712,8.5,win,10.0,9.090909090909092,19.090909090909093
Philadelphia 76ers,2017-18,2018,52,30,0.63414633,36.41211397201188,0.4440501703903888,rank_calibrated_lasso,0.6000763381800931,0.41000000000000003,4,39.5,52,30,over,+19000,https://www.basketball-reference.com/leagues/NBA_2018_preseason_odds.html,82,under,-3.0878860279881195,52.0,15.58788602798812,12.5,loss,10.0,-10.0,0.0
Phoenix Suns,2017-18,2018,21,61,0.25609756,33.932753299776884,0.4138140646314254,rank_calibrated_lasso,0.6000763381800931,0.41000000000000003,4,28.5,21,61,under,+125000,https://www.basketball-reference.com/leagues/NBA_2018_preseason_odds.html,82,over,5.432753299776884,21.0,12.932753299776884,7.5,loss,10.0,-10.0,0.0
Portland Trail Blazers,2017-18,2018,49,33,0.597561,39.47443704793111,0.48139557375525743,rank_calibrated_lasso,0.6000763381800931,0.41000000000000003,4,42.5,49,33,over,+31500,https://www.basketball-reference.com/leagues/NBA_2018_preseason_odds.html,82,under,-3.0255629520688885,49.0,9.525562952068888,6.5,loss,10.0,-10.0,0.0
Sacramento Kings,2017-18,2018,27,55,0.3292683,29.296377500261404,0.35727289634465126,rank_calibrated_lasso,0.6000763381800931,0.41000000000000003,4,27.5,27,55,under,+125000,https://www.basketball-reference.com/leagues/NBA_2018_preseason_odds.html,82,over,1.7963775002614035,27.0,2.2963775002614035,0.5,loss,10.0,-10.0,0.0
San Antonio Spurs,2017-18,2018,47,35,0.5731707,53.86224762964258,0.6568566784102754,rank_calibrated_lasso,0.6000763381800931,0.41000000000000003,4,55.0,47,35,under,+1800,https://www.basketball-reference.com/leagues/NBA_2018_preseason_odds.html,82,under,-1.1377523703574184,47.0,6.862247629642582,8.0,win,10.0,9.090909090909092,19.090909090909093
Toronto Raptors,2017-18,2018,59,23,0.7195122,46.28640272091724,0.5644683258648444,rank_calibrated_lasso,0.6000763381800931,0.41000000000000003,4,48.5,59,23,over,+15000,https://www.basketball-reference.com/leagues/NBA_2018_preseason_odds.html,82,under,-2.2135972790827623,59.0,12.713597279082762,10.5,loss,10.0,-10.0,0.0
Utah Jazz,2017-18,2018,48,34,0.58536583,42.122175471464985,0.5136850667251828,rank_calibrated_lasso,0.6000763381800931,0.41000000000000003,4,40.5,48,34,over,+25000,https://www.basketball-reference.com/leagues/NBA_2018_preseason_odds.html,82,over,1.6221754714649848,48.0,5.877824528535015,7.5,win,10.0,9.090909090909092,19.090909090909093
Washington Wizards,2017-18,2018,43,39,0.5243902,47.880987689776454,0.5839144840216641,rank_calibrated_lasso,0.6000763381800931,0.41000000000000003,4,48.5,43,39,under,+9000,https://www.basketball-reference.com/leagues/NBA_2018_preseason_odds.html,82,under,-0.6190123102235461,43.0,4.880987689776454,5.5,win,10.0,9.090909090909092,19.090909090909093
Atlanta Hawks,2018-19,2019,29,53,0.35365853,24.91842443177655,0.3038832247777628,rank_calibrated_lasso,0.6000763381800931,0.4,5,23.5,29,53,over,+150000,https://www.basketball-reference.com/leagues/NBA_2019_preseason_odds.html,82,over,1.4184244317765504,29.0,4.08157556822345,5.5,win,10.0,9.090909090909092,19.090909090909093
Boston Celtics,2018-19,2019,49,33,0.597561,58.81013219973699,0.717196734143134,rank_calibrated_lasso,0.6000763381800931,0.4,5,59.0,49,33,under,+620,https://www.basketball-reference.com/leagues/NBA_2019_preseason_odds.html,82,under,-0.1898678002630092,49.0,9.81013219973699,10.0,win,10.0,9.090909090909092,19.090909090909093
Brooklyn Nets,2018-19,2019,42,40,0.5121951,30.96332205567333,0.3776014884838211,rank_calibrated_lasso,0.6000763381800931,0.4,5,32.0,42,40,over,+125000,https://www.basketball-reference.com/leagues/NBA_2019_preseason_odds.html,82,under,-1.0366779443266694,42.0,11.03667794432667,10.0,loss,10.0,-10.0,0.0
Charlotte Hornets,2018-19,2019,39,43,0.47560975,34.433886636885234,0.41992544679128335,rank_calibrated_lasso,0.6000763381800931,0.4,5,35.5,39,43,over,+50000,https://www.basketball-reference.com/leagues/NBA_2019_preseason_odds.html,82,under,-1.0661133631147663,39.0,4.566113363114766,3.5,loss,10.0,-10.0,0.0
Chicago Bulls,2018-19,2019,22,60,0.2682927,31.833004742550017,0.38820737490914653,rank_calibrated_lasso,0.6000763381800931,0.4,5,30.0,22,60,under,+50000,https://www.basketball-reference.com/leagues/NBA_2019_preseason_odds.html,82,over,1.8330047425500169,22.0,9.833004742550017,8.0,loss,10.0,-10.0,0.0
Cleveland Cavaliers,2018-19,2019,19,63,0.23170732,36.821821615304515,0.4490466050646892,rank_calibrated_lasso,0.6000763381800931,0.4,5,30.5,19,63,under,+50000,https://www.basketball-reference.com/leagues/NBA_2019_preseason_odds.html,82,over,6.321821615304515,19.0,17.821821615304515,11.5,loss,10.0,-10.0,0.0
Dallas Mavericks,2018-19,2019,33,49,0.40243903,35.514386121999905,0.43310226978048666,rank_calibrated_lasso,0.6000763381800931,0.4,5,35.5,33,49,under,+35000,https://www.basketball-reference.com/leagues/NBA_2019_preseason_odds.html,82,over,0.0143861219999053,33.0,2.5143861219999053,2.5,loss,10.0,-10.0,0.0
Denver Nuggets,2018-19,2019,54,28,0.6585366,44.50826729262694,0.5427837474710603,rank_calibrated_lasso,0.6000763381800931,0.4,5,47.5,54,28,over,+20000,https://www.basketball-reference.com/leagues/NBA_2019_preseason_odds.html,82,under,-2.9917327073730604,54.0,9.49173270737306,6.5,loss,10.0,-10.0,0.0
Detroit Pistons,2018-19,2019,41,41,0.5,39.70049508572521,0.4841523790942099,rank_calibrated_lasso,0.6000763381800931,0.4,5,38.5,41,41,over,+35000,https://www.basketball-reference.com/leagues/NBA_2019_preseason_odds.html,82,over,1.2004950857252084,41.0,1.2995049142747916,2.5,win,10.0,9.090909090909092,19.090909090909093
Golden State Warriors,2018-19,2019,57,25,0.69512194,62.74486387349222,0.7651812667499052,rank_calibrated_lasso,0.6000763381800931,0.4,5,62.5,57,25,under,-168,https://www.basketball-reference.com/leagues/NBA_2019_preseason_odds.html,82,over,0.24486387349222127,57.0,5.744863873492221,5.5,loss,10.0,-10.0,0.0
Houston Rockets,2018-19,2019,53,29,0.64634144,56.58971911993676,0.6901185258528874,rank_calibrated_lasso,0.6000763381800931,0.4,5,56.5,53,29,under,+1000,https://www.basketball-reference.com/leagues/NBA_2019_preseason_odds.html,82,over,0.08971911993675974,53.0,3.5897191199367597,3.5,loss,10.0,-10.0,0.0
Indiana Pacers,2018-19,2019,48,34,0.58536583,42.246105969829614,0.5151964142662148,rank_calibrated_lasso,0.6000763381800931,0.4,5,47.5,48,34,over,+12500,https://www.basketball-reference.com/leagues/NBA_2019_preseason_odds.html,82,under,-5.253894030170386,48.0,5.753894030170386,0.5,loss,10.0,-10.0,0.0
Los Angeles Clippers,2018-19,2019,48,34,0.58536583,33.35635888508868,0.406784864452301,rank_calibrated_lasso,0.6000763381800931,0.4,5,37.0,48,34,over,+40000,https://www.basketball-reference.com/leagues/NBA_2019_preseason_odds.html,82,under,-3.6436411149113184,48.0,14.643641114911318,11.0,loss,10.0,-10.0,0.0
Los Angeles Lakers,2018-19,2019,37,45,0.4512195,46.79249829092764,0.5706402230600932,rank_calibrated_lasso,0.6000763381800931,0.4,5,48.5,37,45,under,+1800,https://www.basketball-reference.com/leagues/NBA_2019_preseason_odds.html,82,under,-1.7075017090723605,37.0,9.79249829092764,11.5,win,10.0,9.090909090909092,19.090909090909093
Memphis Grizzlies,2018-19,2019,33,49,0.40243903,31.287296173331452,0.3815523923577006,rank_calibrated_lasso,0.6000763381800931,0.4,5,34.5,33,49,under,+65000,https://www.basketball-reference.com/leagues/NBA_2019_preseason_odds.html,82,under,-3.212703826668548,33.0,1.7127038266685481,1.5,win,10.0,9.090909090909092,19.090909090909093
Miami Heat,2018-19,2019,39,43,0.47560975,40.984174526447006,0.49980700642008546,rank_calibrated_lasso,0.6000763381800931,0.4,5,43.0,39,43,under,+35000,https://www.basketball-reference.com/leagues/NBA_2019_preseason_odds.html,82,under,-2.0158254735529937,39.0,1.9841745264470063,4.0,win,10.0,9.090909090909092,19.090909090909093
Milwaukee Bucks,2018-19,2019,60,22,0.73170733,48.3170539771385,0.5892323655748597,rank_calibrated_lasso,0.6000763381800931,0.4,5,48.0,60,22,over,+10000,https://www.basketball-reference.com/leagues/NBA_2019_preseason_odds.html,82,over,0.3170539771384995,60.0,11.6829460228615,12.0,win,10.0,9.090909090909092,19.090909090909093
Minnesota Timberwolves,2018-19,2019,36,46,0.4390244,47.822532158082254,0.5832016116839299,rank_calibrated_lasso,0.6000763381800931,0.4,5,41.5,36,46,under,+25000,https://www.basketball-reference.com/leagues/NBA_2019_preseason_odds.html,82,over,6.322532158082254,36.0,11.822532158082254,5.5,loss,10.0,-10.0,0.0
New Orleans Pelicans,2018-19,2019,33,49,0.40243903,47.348410488405904,0.577419640102511,rank_calibrated_lasso,0.6000763381800931,0.4,5,45.5,33,49,under,+10000,https://www.basketball-reference.com/leagues/NBA_2019_preseason_odds.html,82,over,1.8484104884059036,33.0,14.348410488405904,12.5,loss,10.0,-10.0,0.0
New York Knicks,2018-19,2019,17,65,0.20731707,21.30599906069124,0.25982925683769803,rank_calibrated_lasso,0.6000763381800931,0.4,5,28.5,17,65,under,+35000,https://www.basketball-reference.com/leagues/NBA_2019_preseason_odds.html,82,under,-7.194000939308761,17.0,4.305999060691239,11.5,win,10.0,9.090909090909092,19.090909090909093
Oklahoma City Thunder,2018-19,2019,49,33,0.597561,50.61772250535553,0.6172892988457992,rank_calibrated_lasso,0.6000763381800931,0.4,5,48.5,49,33,over,+3800,https://www.basketball-reference.com/leagues/NBA_2019_preseason_odds.html,82,over,2.1177225053555304,49.0,1.6177225053555304,0.5,win,10.0,9.090909090909092,19.090909090909093
Orlando Magic,2018-19,2019,42,40,0.5121951,29.492938626416557,0.3596699832489824,rank_calibrated_lasso,0.6000763381800931,0.4,5,31.0,42,40,over,+75000,https://www.basketball-reference.com/leagues/NBA_2019_preseason_odds.html,82,under,-1.5070613735834435,42.0,12.507061373583443,11.0,loss,10.0,-10.0,0.0
Philadelphia 76ers,2018-19,2019,51,31,0.6219512,49.337662174981475,0.6016788070119692,rank_calibrated_lasso,0.6000763381800931,0.4,5,53.5,51,31,under,+2000,https://www.basketball-reference.com/leagues/NBA_2019_preseason_odds.html,82,under,-4.1623378250185255,51.0,1.6623378250185255,2.5,win,10.0,9.090909090909092,19.090909090909093
Phoenix Suns,2018-19,2019,19,63,0.23170732,28.291044231180024,0.34501273452658565,rank_calibrated_lasso,0.6000763381800931,0.4,5,29.0,19,63,under,+75000,https://www.basketball-reference.com/leagues/NBA_2019_preseason_odds.html,82,under,-0.7089557688199761,19.0,9.291044231180024,10.0,win,10.0,9.090909090909092,19.090909090909093
Portland Trail Blazers,2018-19,2019,53,29,0.64634144,42.5505635992656,0.5189093121861659,rank_calibrated_lasso,0.6000763381800931,0.4,5,42.0,53,29,over,+30000,https://www.basketball-reference.com/leagues/NBA_2019_preseason_odds.html,82,over,0.5505635992656011,53.0,10.449436400734399,11.0,win,10.0,9.090909090909092,19.090909090909093
Sacramento Kings,2018-19,2019,39,43,0.47560975,26.255550175491983,0.3201896362864876,rank_calibrated_lasso,0.6000763381800931,0.4,5,26.0,39,43,over,+200000,https://www.basketball-reference.com/leagues/NBA_2019_preseason_odds.html,82,over,0.2555501754919831,39.0,12.744449824508017,13.0,win,10.0,9.090909090909092,19.090909090909093
San Antonio Spurs,2018-19,2019,48,34,0.58536583,44.76853615226457,0.545957757954446,rank_calibrated_lasso,0.6000763381800931,0.4,5,43.5,48,34,over,+10000,https://www.basketball-reference.com/leagues/NBA_2019_preseason_odds.html,82,over,1.2685361522645735,48.0,3.2314638477354265,4.5,win,10.0,9.090909090909092,19.090909090909093
Toronto Raptors,2018-19,2019,58,24,0.70731705,52.36899198611811,0.6386462437331477,rank_calibrated_lasso,0.6000763381800931,0.4,5,55.5,58,24,over,+1850,https://www.basketball-reference.com/leagues/NBA_2019_preseason_odds.html,82,under,-3.131008013881889,58.0,5.631008013881889,2.5,loss,10.0,-10.0,0.0
Utah Jazz,2018-19,2019,50,32,0.6097561,45.716682550210905,0.5575205189050111,rank_calibrated_lasso,0.6000763381800931,0.4,5,49.5,50,32,over,+10000,https://www.basketball-reference.com/leagues/NBA_2019_preseason_odds.html,82,under,-3.783317449789095,50.0,4.283317449789095,0.5,loss,10.0,-10.0,0.0
Washington Wizards,2018-19,2019,32,50,0.3902439,43.856545055133026,0.5348359153065003,rank_calibrated_lasso,0.6000763381800931,0.4,5,45.5,32,50,under,+11000,https://www.basketball-reference.com/leagues/NBA_2019_preseason_odds.html,82,under,-1.6434549448669742,32.0,11.856545055133026,13.5,win,10.0,9.090909090909092,19.090909090909093
Atlanta Hawks,2019-20,2020,20,47,0.29850745,33.23307029600624,0.4052813450732468,rank_calibrated_lasso,0.6000763381800931,0.38,6,33.5,20,47,under,+25000,https://www.basketball-reference.com/leagues/NBA_2020_preseason_odds.html,82,under,-0.26692970399376037,24.477610900000002,8.755459396006238,9.022389099999998,void,10.0,0.0,10.0
Boston Celtics,2019-20,2020,48,24,0.6666667,45.91831073978143,0.5599793992656272,rank_calibrated_lasso,0.6000763381800931,0.38,6,48.5,48,24,under,+2900,https://www.basketball-reference.com/leagues/NBA_2020_preseason_odds.html,82,under,-2.5816892602185675,54.666669399999996,8.748358660218564,6.166669399999996,void,10.0,0.0,10.0
Brooklyn Nets,2019-20,2020,35,37,0.4861111,43.091489096562086,0.5255059645922205,rank_calibrated_lasso,0.6000763381800931,0.38,6,43.5,35,37,under,+5500,https://www.basketball-reference.com/leagues/NBA_2020_preseason_odds.html,82,under,-0.4085109034379144,39.8611102,3.2303788965620868,3.638889800000001,void,10.0,0.0,10.0
Charlotte Hornets,2019-20,2020,23,42,0.35384616,23.297153128421353,0.2841116235173336,rank_calibrated_lasso,0.6000763381800931,0.38,6,23.5,23,42,under,+200000,https://www.basketball-reference.com/leagues/NBA_2020_preseason_odds.html,82,under,-0.20284687157864667,29.01538512,5.718231991578648,5.515385120000001,void,10.0,0.0,10.0
Chicago Bulls,2019-20,2020,22,43,0.33846155,32.59494132694815,0.39749928447497745,rank_calibrated_lasso,0.6000763381800931,0.38,6,33.5,22,43,under,+42500,https://www.basketball-reference.com/leagues/NBA_2020_preseason_odds.html,82,under,-0.9050586730518475,27.7538471,4.841094226948151,5.7461528999999985,void,10.0,0.0,10.0
Cleveland Cavaliers,2019-20,2020,19,46,0.2923077,24.77508374672599,0.30213516764299986,rank_calibrated_lasso,0.6000763381800931,0.38,6,24.5,19,46,under,+150000,https://www.basketball-reference.com/leagues/NBA_2020_preseason_odds.html,82,over,0.2750837467259899,23.9692314,0.8058523467259882,0.5307685999999983,void,10.0,0.0,10.0
Dallas Mavericks,2019-20,2020,43,32,0.5733333,38.53756983251684,0.46997036381118096,rank_calibrated_lasso,0.6000763381800931,0.38,6,40.5,43,32,over,+10500,https://www.basketball-reference.com/leagues/NBA_2020_preseason_odds.html,82,under,-1.9624301674831628,47.0133306,8.475760767483166,6.513330600000003,void,10.0,0.0,10.0
Denver Nuggets,2019-20,2020,46,27,0.63013697,48.158454771830044,0.5872982289247566,rank_calibrated_lasso,0.6000763381800931,0.38,6,53.0,46,27,under,+2000,https://www.basketball-reference.com/leagues/NBA_2020_preseason_odds.html,82,under,-4.841545228169956,51.67123154,3.5127767681699567,1.3287684599999992,void,10.0,0.0,10.0
Detroit Pistons,2019-20,2020,20,46,0.3030303,40.33829493364983,0.4919304260201198,rank_calibrated_lasso,0.6000763381800931,0.38,6,37.5,20,46,under,+25000,https://www.basketball-reference.com/leagues/NBA_2020_preseason_odds.html,82,over,2.838294933649827,24.8484846,15.489810333649828,12.651515400000001,void,10.0,0.0,10.0
Golden State Warriors,2019-20,2020,15,50,0.23076923,51.21000133044363,0.6245122113468735,rank_calibrated_lasso,0.6000763381800931,0.38,6,47.5,15,50,under,+950,https://www.basketball-reference.com/leagues/NBA_2020_preseason_odds.html,82,over,3.7100013304436317,18.92307686,32.28692447044364,28.57692314,void,10.0,0.0,10.0
Houston Rockets,2019-20,2020,44,28,0.6111111,56.37884146312228,0.6875468471112473,rank_calibrated_lasso,0.6000763381800931,0.38,6,54.0,44,28,under,+700,https://www.basketball-reference.com/leagues/NBA_2020_preseason_odds.html,82,over,2.378841463122278,50.1111102,6.267731263122279,3.888889800000001,void,10.0,0.0,10.0
Indiana Pacers,2019-20,2020,45,28,0.6164383,44.27813630051253,0.5399772719574698,rank_calibrated_lasso,0.6000763381800931,0.38,6,46.5,45,28,under,+5000,https://www.basketball-reference.com/leagues/NBA_2020_preseason_odds.html,82,under,-2.2218636994874714,50.5479406,6.269804299487468,4.047940599999997,void,10.0,0.0,10.0
Los Angeles Clippers,2019-20,2020,49,23,0.6805556,46.74001272656519,0.5700001552020145,rank_calibrated_lasso,0.6000763381800931,0.38,6,53.5,49,23,under,+425,https://www.basketball-reference.com/leagues/NBA_2020_preseason_odds.html,82,under,-6.75998727343481,55.805559200000005,9.065546473434814,2.3055592000000047,void,10.0,0.0,10.0
Los Angeles Lakers,2019-20,2020,52,19,0.73239434,58.77200771311934,0.7167318013795042,rank_calibrated_lasso,0.6000763381800931,0.38,6,50.5,52,19,over,+450,https://www.basketball-reference.com/leagues/NBA_2020_preseason_odds.html,82,over,8.272007713119343,60.056335880000006,1.2843281668806625,9.556335880000006,void,10.0,0.0,10.0
Memphis Grizzlies,2019-20,2020,34,39,0.46575344,27.154136619217493,0.3311480075514328,rank_calibrated_lasso,0.6000763381800931,0.38,6,27.5,34,39,over,+100000,https://www.basketball-reference.com/leagues/NBA_2020_preseason_odds.html,82,under,-0.34586338078250733,38.19178208,11.03764546078251,10.691782080000003,void,10.0,0.0,10.0
Miami Heat,2019-20,2020,44,29,0.60273975,37.73922310889971,0.4602344281573135,rank_calibrated_lasso,0.6000763381800931,0.38,6,43.5,44,29,over,+6000,https://www.basketball-reference.com/leagues/NBA_2020_preseason_odds.html,82,under,-5.760776891100292,49.424659500000004,11.685436391100296,5.924659500000004,void,10.0,0.0,10.0
Milwaukee Bucks,2019-20,2020,56,17,0.7671233,53.56874640640005,0.6532773952000006,rank_calibrated_lasso,0.6000763381800931,0.38,6,57.5,56,17,under,+550,https://www.basketball-reference.com/leagues/NBA_2020_preseason_odds.html,82,under,-3.9312535935999477,62.904110599999996,9.335364193599943,5.404110599999996,void,10.0,0.0,10.0
Minnesota Timberwolves,2019-20,2020,19,45,0.296875,35.31227836041055,0.43063754098061646,rank_calibrated_lasso,0.6000763381800931,0.38,6,35.5,19,45,under,+50000,https://www.basketball-reference.com/leagues/NBA_2020_preseason_odds.html,82,under,-0.18772163958944788,24.34375,10.968528360410552,11.15625,void,10.0,0.0,10.0
New Orleans Pelicans,2019-20,2020,30,42,0.41666666,36.3202344428431,0.4429296883273549,rank_calibrated_lasso,0.6000763381800931,0.38,6,37.5,30,42,under,+12500,https://www.basketball-reference.com/leagues/NBA_2020_preseason_odds.html,82,under,-1.1797655571568981,34.16666612,2.1535683228430997,3.333333879999998,void,10.0,0.0,10.0
New York Knicks,2019-20,2020,21,45,0.3181818,26.165246575991787,0.3190883728779486,rank_calibrated_lasso,0.6000763381800931,0.38,6,26.5,21,45,under,+100000,https://www.basketball-reference.com/leagues/NBA_2020_preseason_odds.html,82,under,-0.3347534240082126,26.0909076,0.07433897599178607,0.4090923999999987,void,10.0,0.0,10.0
Oklahoma City Thunder,2019-20,2020,44,28,0.6111111,42.14223684086848,0.5139297175715668,rank_calibrated_lasso,0.6000763381800931,0.38,6,32.5,44,28,over,+25000,https://www.basketball-reference.com/leagues/NBA_2020_preseason_odds.html,82,over,9.642236840868478,50.1111102,7.968873359131521,17.6111102,void,10.0,0.0,10.0
Orlando Magic,2019-20,2020,33,40,0.4520548,36.93989126884367,0.45048647888833737,rank_calibrated_lasso,0.6000763381800931,0.38,6,41.5,33,40,under,+20000,https://www.basketball-reference.com/leagues/NBA_2020_preseason_odds.html,82,under,-4.560108731156333,37.0684936,0.1286023311563298,4.4315064000000035,void,10.0,0.0,10.0
Philadelphia 76ers,2019-20,2020,43,30,0.5890411,52.92371244885855,0.6454111274251043,rank_calibrated_lasso,0.6000763381800931,0.38,6,54.5,43,30,under,+775,https://www.basketball-reference.com/leagues/NBA_2020_preseason_odds.html,82,under,-1.5762875511414478,48.3013702,4.622342248858551,6.198629799999999,void,10.0,0.0,10.0
Phoenix Suns,2019-20,2020,34,39,0.46575344,30.904163781057164,0.3768800461104532,rank_calibrated_lasso,0.6000763381800931,0.38,6,29.5,34,39,over,+50000,https://www.basketball-reference.com/leagues/NBA_2020_preseason_odds.html,82,over,1.4041637810571643,38.19178208,7.287618298942839,8.691782080000003,void,10.0,0.0,10.0
Portland Trail Blazers,2019-20,2020,35,39,0.47297296,49.31535190981475,0.6014067306074969,rank_calibrated_lasso,0.6000763381800931,0.38,6,46.5,35,39,under,+3500,https://www.basketball-reference.com/leagues/NBA_2020_preseason_odds.html,82,over,2.8153519098147513,38.78378272,10.531569189814753,7.716217280000002,void,10.0,0.0,10.0
Sacramento Kings,2019-20,2020,31,41,0.43055555,41.13388193176451,0.5016327064849331,rank_calibrated_lasso,0.6000763381800931,0.38,6,37.5,31,41,under,+15000,https://www.basketball-reference.com/leagues/NBA_2020_preseason_odds.html,82,over,3.6338819317645132,35.3055551,5.828326831764514,2.1944449000000006,void,10.0,0.0,10.0
San Antonio Spurs,2019-20,2020,32,39,0.45070422,45.26128261500908,0.5519668611586473,rank_calibrated_lasso,0.6000763381800931,0.38,6,46.5,32,39,under,+6000,https://www.basketball-reference.com/leagues/NBA_2020_preseason_odds.html,82,under,-1.2387173849909203,36.957746039999996,8.303536575009083,9.542253960000004,void,10.0,0.0,10.0
Toronto Raptors,2019-20,2020,53,19,0.7361111,47.7143281680635,0.5818820508300427,rank_calibrated_lasso,0.6000763381800931,0.38,6,46.5,53,19,over,+5500,https://www.basketball-reference.com/leagues/NBA_2020_preseason_odds.html,82,over,1.2143281680635027,60.3611102,12.646782031936496,13.861110199999999,void,10.0,0.0,10.0
Utah Jazz,2019-20,2020,44,28,0.6111111,50.92659929755075,0.6210560889945214,rank_calibrated_lasso,0.6000763381800931,0.38,6,53.5,44,28,under,+1300,https://www.basketball-reference.com/leagues/NBA_2020_preseason_odds.html,82,under,-2.5734007024492485,50.1111102,0.8154890975507527,3.388889800000001,void,10.0,0.0,10.0
Washington Wizards,2019-20,2020,25,47,0.3472222,28.36298143975003,0.3458900175579272,rank_calibrated_lasso,0.6000763381800931,0.38,6,27.0,25,47,under,+125000,https://www.basketball-reference.com/leagues/NBA_2020_preseason_odds.html,82,over,1.3629814397500297,28.472220399999998,0.10923896024996793,1.4722203999999977,void,10.0,0.0,10.0
Atlanta Hawks,2020-21,2021,41,31,0.5694444,31.33588503518959,0.3821449394535316,rank_calibrated_lasso,0.6000763381800931,0.4,7,34.5,41,31,over,+10000,https://www.basketball-reference.com/leagues/NBA_2021_preseason_odds.html,72,under,-3.164114964810409,41.0,9.664114964810409,6.5,loss,10.0,-10.0,0.0
Boston Celtics,2020-21,2021,36,36,0.5,48.51695677132215,0.5916702045283189,rank_calibrated_lasso,0.6000763381800931,0.4,7,44.5,36,36,under,+1400,https://www.basketball-reference.com/leagues/NBA_2021_preseason_odds.html,72,over,4.01695677132215,36.0,12.51695677132215,8.5,loss,10.0,-10.0,0.0
Brooklyn Nets,2020-21,2021,48,24,0.6666667,56.33655313215753,0.6870311357580187,rank_calibrated_lasso,0.6000763381800931,0.4,7,45.5,48,24,over,+600,https://www.basketball-reference.com/leagues/NBA_2021_preseason_odds.html,72,over,10.836553132157533,48.0,8.336553132157533,2.5,win,10.0,9.090909090909092,19.090909090909093
Charlotte Hornets,2020-21,2021,33,39,0.45833334,27.423909944494156,0.3344379261523678,rank_calibrated_lasso,0.6000763381800931,0.4,7,26.5,33,39,over,+25000,https://www.basketball-reference.com/leagues/NBA_2021_preseason_odds.html,72,over,0.9239099444941559,33.0,5.576090055505844,6.5,win,10.0,9.090909090909092,19.090909090909093
Chicago Bulls,2020-21,2021,31,41,0.43055555,29.471171523932895,0.35940453077966944,rank_calibrated_lasso,0.6000763381800931,0.4,7,29.5,31,41,over,+25000,https://www.basketball-reference.com/leagues/NBA_2021_preseason_odds.html,72,under,-0.028828476067104702,31.0,1.5288284760671047,1.5,loss,10.0,-10.0,0.0
Cleveland Cavaliers,2020-21,2021,22,50,0.30555555,30.92447920798073,0.3771277952192772,rank_calibrated_lasso,0.6000763381800931,0.4,7,22.5,22,50,under,+50000,https://www.basketball-reference.com/leagues/NBA_2021_preseason_odds.html,72,over,8.424479207980731,22.0,8.924479207980731,0.5,loss,10.0,-10.0,0.0
Dallas Mavericks,2020-21,2021,42,30,0.5833333,47.997307977866896,0.585333024120328,rank_calibrated_lasso,0.6000763381800931,0.4,7,42.5,42,30,under,+2500,https://www.basketball-reference.com/leagues/NBA_2021_preseason_odds.html,72,over,5.497307977866896,42.0,5.997307977866896,0.5,loss,10.0,-10.0,0.0
Denver Nuggets,2020-21,2021,47,25,0.6527778,47.276117252208074,0.5765380152708302,rank_calibrated_lasso,0.6000763381800931,0.4,7,44.5,47,25,over,+1800,https://www.basketball-reference.com/leagues/NBA_2021_preseason_odds.html,72,over,2.776117252208074,47.0,0.27611725220807415,2.5,win,10.0,9.090909090909092,19.090909090909093
Detroit Pistons,2020-21,2021,20,52,0.2777778,23.08667573286568,0.2815448260105571,rank_calibrated_lasso,0.6000763381800931,0.4,7,23.5,20,52,under,+50000,https://www.basketball-reference.com/leagues/NBA_2021_preseason_odds.html,72,under,-0.41332426713432113,20.0,3.086675732865679,3.5,win,10.0,9.090909090909092,19.090909090909093
Golden State Warriors,2020-21,2021,39,33,0.5416667,38.60568737674562,0.47080106557006857,rank_calibrated_lasso,0.6000763381800931,0.4,7,37.5,39,33,over,+2500,https://www.basketball-reference.com/leagues/NBA_2021_preseason_odds.html,72,over,1.105687376745621,39.0,0.394312623254379,1.5,win,10.0,9.090909090909092,19.090909090909093
Houston Rockets,2020-21,2021,17,55,0.2361111,49.50927115685797,0.6037715994738777,rank_calibrated_lasso,0.6000763381800931,0.4,7,34.5,17,55,under,+5000,https://www.basketball-reference.com/leagues/NBA_2021_preseason_odds.html,72,over,15.00927115685797,17.0,32.50927115685797,17.5,loss,10.0,-10.0,0.0
Indiana Pacers,2020-21,2021,34,38,0.4722222,39.931664204979725,0.4869715146948747,rank_calibrated_lasso,0.6000763381800931,0.4,7,38.5,34,38,under,+10000,https://www.basketball-reference.com/leagues/NBA_2021_preseason_odds.html,72,over,1.4316642049797252,34.0,5.931664204979725,4.5,loss,10.0,-10.0,0.0
Los Angeles Clippers,2020-21,2021,47,25,0.6527778,54.504883130583195,0.6646936967144292,rank_calibrated_lasso,0.6000763381800931,0.4,7,46.5,47,25,over,+650,https://www.basketball-reference.com/leagues/NBA_2021_preseason_odds.html,72,over,8.004883130583195,47.0,7.504883130583195,0.5,win,10.0,9.090909090909092,19.090909090909093
Los Angeles Lakers,2020-21,2021,42,30,0.5833333,60.198098087892106,0.7341231474133184,rank_calibrated_lasso,0.6000763381800931,0.4,7,47.5,42,30,under,+275,https://www.basketball-reference.com/leagues/NBA_2021_preseason_odds.html,72,over,12.698098087892106,42.0,18.198098087892106,5.5,loss,10.0,-10.0,0.0
Memphis Grizzlies,2020-21,2021,38,34,0.5277778,35.5774751025584,0.4338716475921756,rank_calibrated_lasso,0.6000763381800931,0.4,7,31.5,38,34,over,+15000,https://www.basketball-reference.com/leagues/NBA_2021_preseason_odds.html,72,over,4.077475102558402,38.0,2.4225248974415976,6.5,win,10.0,9.090909090909092,19.090909090909093
Miami Heat,2020-21,2021,40,32,0.5555556,45.22171028526369,0.5514842717715084,rank_calibrated_lasso,0.6000763381800931,0.4,7,43.5,40,32,under,+1800,https://www.basketball-reference.com/leagues/NBA_2021_preseason_odds.html,72,over,1.7217102852636899,40.0,5.22171028526369,3.5,loss,10.0,-10.0,0.0
Milwaukee Bucks,2020-21,2021,46,26,0.6388889,53.442713137077604,0.6517404041107024,rank_calibrated_lasso,0.6000763381800931,0.4,7,49.5,46,26,under,+550,https://www.basketball-reference.com/leagues/NBA_2021_preseason_odds.html,72,over,3.942713137077604,46.0,7.442713137077604,3.5,loss,10.0,-10.0,0.0
Minnesota Timberwolves,2020-21,2021,23,49,0.31944445,33.59880572500515,0.4097415332317701,rank_calibrated_lasso,0.6000763381800931,0.4,7,29.5,23,49,under,+20000,https://www.basketball-reference.com/leagues/NBA_2021_preseason_odds.html,72,over,4.09880572500515,23.0,10.59880572500515,6.5,loss,10.0,-10.0,0.0
New Orleans Pelicans,2020-21,2021,31,41,0.43055555,40.4517051719683,0.49331347770693046,rank_calibrated_lasso,0.6000763381800931,0.4,7,36.5,31,41,under,+6500,https://www.basketball-reference.com/leagues/NBA_2021_preseason_odds.html,72,over,3.9517051719682996,31.0,9.4517051719683,5.5,loss,10.0,-10.0,0.0
New York Knicks,2020-21,2021,41,31,0.5694444,24.569734248673143,0.2996309054716237,rank_calibrated_lasso,0.6000763381800931,0.4,7,21.5,41,31,over,+50000,https://www.basketball-reference.com/leagues/NBA_2021_preseason_odds.html,72,over,3.069734248673143,41.0,16.430265751326857,19.5,win,10.0,9.090909090909092,19.090909090909093
Oklahoma City Thunder,2020-21,2021,22,50,0.30555555,26.485611041468168,0.32299525660327033,rank_calibrated_lasso,0.6000763381800931,0.4,7,22.5,22,50,under,+20000,https://www.basketball-reference.com/leagues/NBA_2021_preseason_odds.html,72,over,3.985611041468168,22.0,4.485611041468168,0.5,loss,10.0,-10.0,0.0
Orlando Magic,2020-21,2021,21,51,0.29166666,32.73535966132323,0.39921170318686866,rank_calibrated_lasso,0.6000763381800931,0.4,7,31.5,21,51,under,+20000,https://www.basketball-reference.com/leagues/NBA_2021_preseason_odds.html,72,over,1.2353596613232298,21.0,11.73535966132323,10.5,loss,10.0,-10.0,0.0
Philadelphia 76ers,2020-21,2021,49,23,0.6805556,47.702196078768836,0.5817340985215712,rank_calibrated_lasso,0.6000763381800931,0.4,7,43.5,49,23,over,+2000,https://www.basketball-reference.com/leagues/NBA_2021_preseason_odds.html,72,over,4.202196078768836,49.0,1.2978039212311643,5.5,win,10.0,9.090909090909092,19.090909090909093
Phoenix Suns,2020-21,2021,51,21,0.7083333,41.63732889539287,0.507772303602352,rank_calibrated_lasso,0.6000763381800931,0.4,7,38.5,51,21,over,+4000,https://www.basketball-reference.com/leagues/NBA_2021_preseason_odds.html,72,over,3.1373288953928693,51.0,9.36267110460713,12.5,win,10.0,9.090909090909092,19.090909090909093
Portland Trail Blazers,2020-21,2021,42,30,0.5833333,44.86764945622001,0.5471664567831708,rank_calibrated_lasso,0.6000763381800931,0.4,7,40.5,42,30,over,+4000,https://www.basketball-reference.com/leagues/NBA_2021_preseason_odds.html,72,over,4.367649456220008,42.0,2.8676494562200077,1.5,win,10.0,9.090909090909092,19.090909090909093
Sacramento Kings,2020-21,2021,31,41,0.43055555,36.83379491827231,0.4491926209545404,rank_calibrated_lasso,0.6000763381800931,0.4,7,28.5,31,41,over,+25000,https://www.basketball-reference.com/leagues/NBA_2021_preseason_odds.html,72,over,8.33379491827231,31.0,5.833794918272311,2.5,win,10.0,9.090909090909092,19.090909090909093
San Antonio Spurs,2020-21,2021,33,39,0.45833334,39.52766397296397,0.4820446825971216,rank_calibrated_lasso,0.6000763381800931,0.4,7,28.5,33,39,over,+25000,https://www.basketball-reference.com/leagues/NBA_2021_preseason_odds.html,72,over,11.027663972963971,33.0,6.527663972963971,4.5,win,10.0,9.090909090909092,19.090909090909093
Toronto Raptors,2020-21,2021,27,45,0.375,50.73265598158902,0.6186909266047441,rank_calibrated_lasso,0.6000763381800931,0.4,7,42.5,27,45,under,+3000,https://www.basketball-reference.com/leagues/NBA_2021_preseason_odds.html,72,over,8.23265598158902,27.0,23.73265598158902,15.5,loss,10.0,-10.0,0.0
Utah Jazz,2020-21,2021,52,20,0.7222222,45.87410850814393,0.5594403476602918,rank_calibrated_lasso,0.6000763381800931,0.4,7,41.5,52,20,over,+4000,https://www.basketball-reference.com/leagues/NBA_2021_preseason_odds.html,72,over,4.374108508143927,52.0,6.125891491856073,10.5,win,10.0,9.090909090909092,19.090909090909093
Washington Wizards,2020-21,2021,34,38,0.4722222,41.08666143337592,0.5010568467484868,rank_calibrated_lasso,0.6000763381800931,0.4,7,32.5,34,38,over,+10000,https://www.basketball-reference.com/leagues/NBA_2021_preseason_odds.html,72,over,8.586661433375923,34.0,7.086661433375923,1.5,win,10.0,9.090909090909092,19.090909090909093
Atlanta Hawks,2021-22,2022,43,39,0.5243902,49.80319858879884,0.6073560803512054,rank_calibrated_lasso,0.6000763381800931,0.38,8,47.5,43,39,under,+3500,https://www.basketball-reference.com/leagues/NBA_2022_preseason_odds.html,82,over,2.3031985887988426,43.0,6.803198588798843,4.5,loss,10.0,-10.0,0.0
Boston Celtics,2021-22,2022,51,31,0.6219512,44.91065500174463,0.5476909146554223,rank_calibrated_lasso,0.6000763381800931,0.38,8,45.5,51,31,over,+4000,https://www.basketball-reference.com/leagues/NBA_2022_preseason_odds.html,82,under,-0.5893449982553705,51.0,6.0893449982553705,5.5,loss,10.0,-10.0,0.0
Brooklyn Nets,2021-22,2022,44,38,0.5365854,60.58386590951126,0.7388276330428203,rank_calibrated_lasso,0.6000763381800931,0.38,8,56.5,44,38,under,+240,https://www.basketball-reference.com/leagues/NBA_2022_preseason_odds.html,82,over,4.08386590951126,44.0,16.58386590951126,12.5,loss,10.0,-10.0,0.0
Charlotte Hornets,2021-22,2022,43,39,0.5243902,37.37943386576309,0.45584675446052547,rank_calibrated_lasso,0.6000763381800931,0.38,8,38.5,43,39,over,+10000,https://www.basketball-reference.com/leagues/NBA_2022_preseason_odds.html,82,under,-1.1205661342369098,43.0,5.62056613423691,4.5,loss,10.0,-10.0,0.0
Chicago Bulls,2021-22,2022,46,36,0.5609756,41.462801160296884,0.5056439165889864,rank_calibrated_lasso,0.6000763381800931,0.38,8,42.5,46,36,over,+6600,https://www.basketball-reference.com/leagues/NBA_2022_preseason_odds.html,82,under,-1.037198839703116,46.0,4.537198839703116,3.5,loss,10.0,-10.0,0.0
Cleveland Cavaliers,2021-22,2022,44,38,0.5365854,32.12285219675786,0.3917420999604617,rank_calibrated_lasso,0.6000763381800931,0.38,8,26.5,44,38,over,+50000,https://www.basketball-reference.com/leagues/NBA_2022_preseason_odds.html,82,over,5.6228521967578615,44.0,11.877147803242138,17.5,win,10.0,9.090909090909092,19.090909090909093
Dallas Mavericks,2021-22,2022,52,30,0.63414633,45.2170394936654,0.5514273108983586,rank_calibrated_lasso,0.6000763381800931,0.38,8,48.5,52,30,over,+3000,https://www.basketball-reference.com/leagues/NBA_2022_preseason_odds.html,82,under,-3.2829605063345966,52.0,6.782960506334597,3.5,loss,10.0,-10.0,0.0
Denver Nuggets,2021-22,2022,48,34,0.58536583,47.02160512889506,0.5734342088889641,rank_calibrated_lasso,0.6000763381800931,0.38,8,47.5,48,34,over,+2200,https://www.basketball-reference.com/leagues/NBA_2022_preseason_odds.html,82,under,-0.47839487110493906,48.0,0.9783948711049391,0.5,loss,10.0,-10.0,0.0
Detroit Pistons,2021-22,2022,23,59,0.2804878,22.446447989493706,0.27373717060358177,rank_calibrated_lasso,0.6000763381800931,0.38,8,24.5,23,59,under,+50000,https://www.basketball-reference.com/leagues/NBA_2022_preseason_odds.html,82,under,-2.0535520105062943,23.0,0.5535520105062943,1.5,win,10.0,9.090909090909092,19.090909090909093
Golden State Warriors,2021-22,2022,53,29,0.64634144,40.95957637681764,0.4995070289855809,rank_calibrated_lasso,0.6000763381800931,0.38,8,48.5,53,29,over,+900,https://www.basketball-reference.com/leagues/NBA_2022_preseason_odds.html,82,under,-7.540423623182363,53.0,12.040423623182363,4.5,loss,10.0,-10.0,0.0
Houston Rockets,2021-22,2022,20,62,0.24390244,26.843217939647026,0.32735631633715884,rank_calibrated_lasso,0.6000763381800931,0.38,8,27.5,20,62,under,+50000,https://www.basketball-reference.com/leagues/NBA_2022_preseason_odds.html,82,under,-0.6567820603529739,20.0,6.843217939647026,7.5,win,10.0,9.090909090909092,19.090909090909093
Indiana Pacers,2021-22,2022,25,57,0.30487806,36.69884104976718,0.44754684207033146,rank_calibrated_lasso,0.6000763381800931,0.38,8,42.5,25,57,under,+10000,https://www.basketball-reference.com/leagues/NBA_2022_preseason_odds.html,82,under,-5.801158950232818,25.0,11.698841049767182,17.5,win,10.0,9.090909090909092,19.090909090909093
Los Angeles Clippers,2021-22,2022,42,40,0.5121951,42.37869690746942,0.5168133769203588,rank_calibrated_lasso,0.6000763381800931,0.38,8,45.5,42,40,under,+1600,https://www.basketball-reference.com/leagues/NBA_2022_preseason_odds.html,82,under,-3.1213030925305816,42.0,0.3786969074694184,3.5,win,10.0,9.090909090909092,19.090909090909093
Los Angeles Lakers,2021-22,2022,33,49,0.40243903,52.999347189809605,0.6463335023147513,rank_calibrated_lasso,0.6000763381800931,0.38,8,52.5,33,49,under,+400,https://www.basketball-reference.com/leagues/NBA_2022_preseason_odds.html,82,over,0.4993471898096047,33.0,19.999347189809605,19.5,loss,10.0,-10.0,0.0
Memphis Grizzlies,2021-22,2022,56,26,0.68292683,39.470957700289,0.4813531426864512,rank_calibrated_lasso,0.6000763381800931,0.38,8,41.5,56,26,over,+10000,https://www.basketball-reference.com/leagues/NBA_2022_preseason_odds.html,82,under,-2.0290422997110014,56.0,16.529042299711,14.5,loss,10.0,-10.0,0.0
Miami Heat,2021-22,2022,53,29,0.64634144,45.6365612201429,0.5565434295139379,rank_calibrated_lasso,0.6000763381800931,0.38,8,48.5,53,29,over,+2500,https://www.basketball-reference.com/leagues/NBA_2022_preseason_odds.html,82,under,-2.8634387798570984,53.0,7.363438779857098,4.5,loss,10.0,-10.0,0.0
Milwaukee Bucks,2021-22,2022,51,31,0.6219512,55.450972275322,0.6762313692112439,rank_calibrated_lasso,0.6000763381800931,0.38,8,54.5,51,31,under,+900,https://www.basketball-reference.com/leagues/NBA_2022_preseason_odds.html,82,over,0.9509722753220018,51.0,4.450972275322002,3.5,loss,10.0,-10.0,0.0
Minnesota Timberwolves,2021-22,2022,46,36,0.5609756,38.22299292593512,0.46613406007237945,rank_calibrated_lasso,0.6000763381800931,0.38,8,35.5,46,36,over,+25000,https://www.basketball-reference.com/leagues/NBA_2022_preseason_odds.html,82,over,2.7229929259351167,46.0,7.777007074064883,10.5,win,10.0,9.090909090909092,19.090909090909093
New Orleans Pelicans,2021-22,2022,36,46,0.4390244,31.5534761978688,0.3847984902179122,rank_calibrated_lasso,0.6000763381800931,0.38,8,39.5,36,46,under,+10000,https://www.basketball-reference.com/leagues/NBA_2022_preseason_odds.html,82,under,-7.9465238021312,36.0,4.4465238021312,3.5,win,10.0,9.090909090909092,19.090909090909093
New York Knicks,2021-22,2022,37,45,0.4512195,47.23711917090975,0.5760624289135335,rank_calibrated_lasso,0.6000763381800931,0.38,8,41.5,37,45,under,+8000,https://www.basketball-reference.com/leagues/NBA_2022_preseason_odds.html,82,over,5.73711917090975,37.0,10.23711917090975,4.5,loss,10.0,-10.0,0.0
Oklahoma City Thunder,2021-22,2022,24,58,0.29268292,25.70733853743465,0.3135041285053006,rank_calibrated_lasso,0.6000763381800931,0.38,8,23.5,24,58,over,+50000,https://www.basketball-reference.com/leagues/NBA_2022_preseason_odds.html,82,over,2.2073385374346515,24.0,1.7073385374346515,0.5,win,10.0,9.090909090909092,19.090909090909093
Orlando Magic,2021-22,2022,22,60,0.2682927,24.815814293791096,0.3026318816315987,rank_calibrated_lasso,0.6000763381800931,0.38,8,22.5,22,60,under,+50000,https://www.basketball-reference.com/leagues/NBA_2022_preseason_odds.html,82,over,2.315814293791096,22.0,2.815814293791096,0.5,loss,10.0,-10.0,0.0
Philadelphia 76ers,2021-22,2022,51,31,0.6219512,48.635975791560945,0.5931216559946457,rank_calibrated_lasso,0.6000763381800931,0.38,8,50.5,51,31,over,+1600,https://www.basketball-reference.com/leagues/NBA_2022_preseason_odds.html,82,under,-1.864024208439055,51.0,2.364024208439055,0.5,loss,10.0,-10.0,0.0
Phoenix Suns,2021-22,2022,64,18,0.7804878,52.05096420170193,0.6347678561183162,rank_calibrated_lasso,0.6000763381800931,0.38,8,51.5,64,18,over,+1500,https://www.basketball-reference.com/leagues/NBA_2022_preseason_odds.html,82,over,0.5509642017019303,64.0,11.94903579829807,12.5,win,10.0,9.090909090909092,19.090909090909093
Portland Trail Blazers,2021-22,2022,27,55,0.3292683,47.92906689706868,0.5845008158179107,rank_calibrated_lasso,0.6000763381800931,0.38,8,44.5,27,55,under,+5000,https://www.basketball-reference.com/leagues/NBA_2022_preseason_odds.html,82,over,3.4290668970686795,27.0,20.92906689706868,17.5,loss,10.0,-10.0,0.0
Sacramento Kings,2021-22,2022,30,52,0.36585367,35.106331976224354,0.4281259997100531,rank_calibrated_lasso,0.6000763381800931,0.38,8,36.5,30,52,under,+25000,https://www.basketball-reference.com/leagues/NBA_2022_preseason_odds.html,82,under,-1.3936680237756462,30.0,5.106331976224354,6.5,win,10.0,9.090909090909092,19.090909090909093
San Antonio Spurs,2021-22,2022,34,48,0.41463414,30.6648962284154,0.3739621491270171,rank_calibrated_lasso,0.6000763381800931,0.38,8,28.5,34,48,over,+30000,https://www.basketball-reference.com/leagues/NBA_2022_preseason_odds.html,82,over,2.164896228415401,34.0,3.335103771584599,5.5,win,10.0,9.090909090909092,19.090909090909093
Toronto Raptors,2021-22,2022,48,34,0.58536583,33.615745655045245,0.4099481177444542,rank_calibrated_lasso,0.6000763381800931,0.38,8,35.5,48,34,over,+15000,https://www.basketball-reference.com/leagues/NBA_2022_preseason_odds.html,82,under,-1.8842543449547549,48.0,14.384254344954755,12.5,loss,10.0,-10.0,0.0
Utah Jazz,2021-22,2022,49,33,0.597561,51.15080008867503,0.6237902449838418,rank_calibrated_lasso,0.6000763381800931,0.38,8,52.5,49,33,under,+1600,https://www.basketball-reference.com/leagues/NBA_2022_preseason_odds.html,82,under,-1.3491999113249733,49.0,2.1508000886750267,3.5,win,10.0,9.090909090909092,19.090909090909093
Washington Wizards,2021-22,2022,35,47,0.42682928,40.04604768236552,0.488366435150799,rank_calibrated_lasso,0.6000763381800931,0.38,8,33.5,35,47,over,+15000,https://www.basketball-reference.com/leagues/NBA_2022_preseason_odds.html,82,over,6.5460476823655185,35.0,5.0460476823655185,1.5,win,10.0,9.090909090909092,19.090909090909093
Atlanta Hawks,2022-23,2023,41,41,0.5,46.79541296288144,0.5706757678400176,rank_calibrated_lasso,0.6000763381800931,0.38,9,46.5,41,41,under,+5000,https://www.basketball-reference.com/leagues/NBA_2023_preseason_odds.html,82,over,0.2954129628814428,41.0,5.795412962881443,5.5,loss,10.0,-10.0,0.0
Boston Celtics,2022-23,2023,57,25,0.69512194,53.21072413001761,0.6489112698782635,rank_calibrated_lasso,0.6000763381800931,0.38,9,54.5,57,25,over,+500,https://www.basketball-reference.com/leagues/NBA_2023_preseason_odds.html,82,under,-1.28927586998239,57.0,3.78927586998239,2.5,loss,10.0,-10.0,0.0
Brooklyn Nets,2022-23,2023,45,37,0.5487805,46.54181030183638,0.5675830524614193,rank_calibrated_lasso,0.6000763381800931,0.38,9,50.5,45,37,under,+700,https://www.basketball-reference.com/leagues/NBA_2023_preseason_odds.html,82,under,-3.958189698163622,45.0,1.541810301836378,5.5,win,10.0,9.090909090909092,19.090909090909093
Charlotte Hornets,2022-23,2023,27,55,0.3292683,37.743503952155734,0.4602866335628748,rank_calibrated_lasso,0.6000763381800931,0.38,9,34.5,27,55,under,+15000,https://www.basketball-reference.com/leagues/NBA_2023_preseason_odds.html,82,over,3.2435039521557343,27.0,10.743503952155734,7.5,loss,10.0,-10.0,0.0
Chicago Bulls,2022-23,2023,40,42,0.4878049,42.780813727506654,0.5217172405793494,rank_calibrated_lasso,0.6000763381800931,0.38,9,41.5,40,42,under,+4000,https://www.basketball-reference.com/leagues/NBA_2023_preseason_odds.html,82,over,1.2808137275066542,40.0,2.7808137275066542,1.5,loss,10.0,-10.0,0.0
Cleveland Cavaliers,2022-23,2023,51,31,0.6219512,47.15150974683671,0.5750184115467891,rank_calibrated_lasso,0.6000763381800931,0.38,9,46.5,51,31,over,+3000,https://www.basketball-reference.com/leagues/NBA_2023_preseason_odds.html,82,over,0.6515097468367088,51.0,3.848490253163291,4.5,win,10.0,9.090909090909092,19.090909090909093
Dallas Mavericks,2022-23,2023,38,44,0.46341464,45.749402568069044,0.5579195435130371,rank_calibrated_lasso,0.6000763381800931,0.38,9,48.5,38,44,under,+2500,https://www.basketball-reference.com/leagues/NBA_2023_preseason_odds.html,82,under,-2.750597431930956,38.0,7.749402568069044,10.5,win,10.0,9.090909090909092,19.090909090909093
Denver Nuggets,2022-23,2023,53,29,0.64634144,44.51535186792079,0.5428701447307414,rank_calibrated_lasso,0.6000763381800931,0.38,9,51.5,53,29,over,+1800,https://www.basketball-reference.com/leagues/NBA_2023_preseason_odds.html,82,under,-6.984648132079208,53.0,8.484648132079208,1.5,loss,10.0,-10.0,0.0
Detroit Pistons,2022-23,2023,17,65,0.20731707,26.489217548778463,0.32303923839973736,rank_calibrated_lasso,0.6000763381800931,0.38,9,29.5,17,65,under,+50000,https://www.basketball-reference.com/leagues/NBA_2023_preseason_odds.html,82,under,-3.0107824512215373,17.0,9.489217548778463,12.5,win,10.0,9.090909090909092,19.090909090909093
Golden State Warriors,2022-23,2023,44,38,0.5365854,55.185285411647634,0.672991285507898,rank_calibrated_lasso,0.6000763381800931,0.38,9,52.5,44,38,under,+600,https://www.basketball-reference.com/leagues/NBA_2023_preseason_odds.html,82,over,2.6852854116476337,44.0,11.185285411647634,8.5,loss,10.0,-10.0,0.0
Houston Rockets,2022-23,2023,22,60,0.2682927,23.18584792155329,0.28275424294577184,rank_calibrated_lasso,0.6000763381800931,0.38,9,23.5,22,60,under,+50000,https://www.basketball-reference.com/leagues/NBA_2023_preseason_odds.html,82,under,-0.31415207844671045,22.0,1.1858479215532896,1.5,win,10.0,9.090909090909092,19.090909090909093
Indiana Pacers,2022-23,2023,35,47,0.42682928,28.76995782869786,0.35085314425241293,rank_calibrated_lasso,0.6000763381800931,0.38,9,24.5,35,47,over,+50000,https://www.basketball-reference.com/leagues/NBA_2023_preseason_odds.html,82,over,4.269957828697859,35.0,6.230042171302141,10.5,win,10.0,9.090909090909092,19.090909090909093
Los Angeles Clippers,2022-23,2023,44,38,0.5365854,44.87690017127234,0.54727927038137,rank_calibrated_lasso,0.6000763381800931,0.38,9,52.5,44,38,under,+700,https://www.basketball-reference.com/leagues/NBA_2023_preseason_odds.html,82,under,-7.623099828727661,44.0,0.8769001712723394,8.5,win,10.0,9.090909090909092,19.090909090909093
Los Angeles Lakers,2022-23,2023,43,39,0.5243902,41.212464249516046,0.5025910274331226,rank_calibrated_lasso,0.6000763381800931,0.38,9,44.5,43,39,under,+1800,https://www.basketball-reference.com/leagues/NBA_2023_preseason_odds.html,82,under,-3.287535750483954,43.0,1.7875357504839542,1.5,win,10.0,9.090909090909092,19.090909090909093
Memphis Grizzlies,2022-23,2023,51,31,0.6219512,49.814004922755956,0.607487864911658,rank_calibrated_lasso,0.6000763381800931,0.38,9,49.5,51,31,over,+2000,https://www.basketball-reference.com/leagues/NBA_2023_preseason_odds.html,82,over,0.3140049227559558,51.0,1.1859950772440442,1.5,win,10.0,9.090909090909092,19.090909090909093
Miami Heat,2022-23,2023,44,38,0.5365854,48.06345423339915,0.5861396857731603,rank_calibrated_lasso,0.6000763381800931,0.38,9,49.5,44,38,under,+1600,https://www.basketball-reference.com/leagues/NBA_2023_preseason_odds.html,82,under,-1.436545766600851,44.0,4.063454233399149,5.5,win,10.0,9.090909090909092,19.090909090909093
Milwaukee Bucks,2022-23,2023,58,24,0.70731705,52.31258196641445,0.6379583166635908,rank_calibrated_lasso,0.6000763381800931,0.38,9,53.5,58,24,over,+650,https://www.basketball-reference.com/leagues/NBA_2023_preseason_odds.html,82,under,-1.1874180335855513,58.0,5.687418033585551,4.5,loss,10.0,-10.0,0.0
Minnesota Timberwolves,2022-23,2023,42,40,0.5121951,43.31701622272716,0.5282562953991117,rank_calibrated_lasso,0.6000763381800931,0.38,9,49.5,42,40,under,+2800,https://www.basketball-reference.com/leagues/NBA_2023_preseason_odds.html,82,under,-6.182983777272838,42.0,1.3170162227271618,7.5,win,10.0,9.090909090909092,19.090909090909093
New Orleans Pelicans,2022-23,2023,42,40,0.5121951,40.234088030675984,0.49065961013019493,rank_calibrated_lasso,0.6000763381800931,0.38,9,45.5,42,40,under,+4000,https://www.basketball-reference.com/leagues/NBA_2023_preseason_odds.html,82,under,-5.265911969324016,42.0,1.7659119693240157,3.5,win,10.0,9.090909090909092,19.090909090909093
New York Knicks,2022-23,2023,47,35,0.5731707,38.927591498109976,0.47472672558670703,rank_calibrated_lasso,0.6000763381800931,0.38,9,38.5,47,35,over,+6600,https://www.basketball-reference.com/leagues/NBA_2023_preseason_odds.html,82,over,0.427591498109976,47.0,8.072408501890024,8.5,win,10.0,9.090909090909092,19.090909090909093
Oklahoma City Thunder,2022-23,2023,40,42,0.4878049,29.578005647845504,0.36070738594933544,rank_calibrated_lasso,0.6000763381800931,0.38,9,23.5,40,42,over,+50000,https://www.basketball-reference.com/leagues/NBA_2023_preseason_odds.html,82,over,6.0780056478455045,40.0,10.421994352154496,16.5,win,10.0,9.090909090909092,19.090909090909093
Orlando Magic,2022-23,2023,34,48,0.41463414,27.828151761437894,0.3393677044077792,rank_calibrated_lasso,0.6000763381800931,0.38,9,26.5,34,48,over,+50000,https://www.basketball-reference.com/leagues/NBA_2023_preseason_odds.html,82,over,1.3281517614378942,34.0,6.171848238562106,7.5,win,10.0,9.090909090909092,19.090909090909093
Philadelphia 76ers,2022-23,2023,54,28,0.6585366,50.871877239879844,0.620388746827803,rank_calibrated_lasso,0.6000763381800931,0.38,9,50.5,54,28,over,+1400,https://www.basketball-reference.com/leagues/NBA_2023_preseason_odds.html,82,over,0.37187723987984356,54.0,3.1281227601201564,3.5,win,10.0,9.090909090909092,19.090909090909093
Phoenix Suns,2022-23,2023,45,37,0.5487805,57.494536712131364,0.7011528867333093,rank_calibrated_lasso,0.6000763381800931,0.38,9,52.5,45,37,under,+1000,https://www.basketball-reference.com/leagues/NBA_2023_preseason_odds.html,82,over,4.994536712131364,45.0,12.494536712131364,7.5,loss,10.0,-10.0,0.0
Portland Trail Blazers,2022-23,2023,33,49,0.40243903,36.872097948726534,0.4496597310820309,rank_calibrated_lasso,0.6000763381800931,0.38,9,39.5,33,49,under,+8000,https://www.basketball-reference.com/leagues/NBA_2023_preseason_odds.html,82,under,-2.627902051273466,33.0,3.872097948726534,6.5,win,10.0,9.090909090909092,19.090909090909093
Sacramento Kings,2022-23,2023,48,34,0.58536583,32.391444411743535,0.3950176147773602,rank_calibrated_lasso,0.6000763381800931,0.38,9,34.5,48,34,over,+50000,https://www.basketball-reference.com/leagues/NBA_2023_preseason_odds.html,82,under,-2.108555588256465,48.0,15.608555588256465,13.5,loss,10.0,-10.0,0.0
San Antonio Spurs,2022-23,2023,22,60,0.2682927,25.189460539897382,0.3071885431694803,rank_calibrated_lasso,0.6000763381800931,0.38,9,22.5,22,60,under,+50000,https://www.basketball-reference.com/leagues/NBA_2023_preseason_odds.html,82,over,2.6894605398973823,22.0,3.1894605398973823,0.5,loss,10.0,-10.0,0.0
Toronto Raptors,2022-23,2023,41,41,0.5,41.993525066848285,0.5121161593518083,rank_calibrated_lasso,0.6000763381800931,0.38,9,46.5,41,41,under,+4000,https://www.basketball-reference.com/leagues/NBA_2023_preseason_odds.html,82,under,-4.506474933151715,41.0,0.9935250668482851,5.5,win,10.0,9.090909090909092,19.090909090909093
Utah Jazz,2022-23,2023,37,45,0.4512195,33.604619466112624,0.4098124325135686,rank_calibrated_lasso,0.6000763381800931,0.38,9,23.5,37,45,over,+50000,https://www.basketball-reference.com/leagues/NBA_2023_preseason_odds.html,82,over,10.104619466112624,37.0,3.3953805338873764,13.5,win,10.0,9.090909090909092,19.090909090909093
Washington Wizards,2022-23,2023,35,47,0.42682928,35.622550612915944,0.43442134893799933,rank_calibrated_lasso,0.6000763381800931,0.38,9,35.5,35,47,under,+25000,https://www.basketball-reference.com/leagues/NBA_2023_preseason_odds.html,82,over,0.12255061291594416,35.0,0.6225506129159442,0.5,loss,10.0,-10.0,0.0
Atlanta Hawks,2023-24,2024,36,46,0.4390244,41.1690504391632,0.5020615907215025,rank_calibrated_lasso,0.6000763381800931,0.35000000000000003,10,42.5,36,46,under,+8000,https://www.basketball-reference.com/leagues/NBA_2024_preseason_odds.html,82,under,-1.3309495608367996,36.0,5.1690504391632,6.5,win,10.0,9.090909090909092,19.090909090909093
Boston Celtics,2023-24,2024,64,18,0.7804878,56.19593251412364,0.6853162501722395,rank_calibrated_lasso,0.6000763381800931,0.35000000000000003,10,54.5,64,18,over,+450,https://www.basketball-reference.com/leagues/NBA_2024_preseason_odds.html,82,over,1.6959325141236405,64.0,7.8040674858763595,9.5,win,10.0,9.090909090909092,19.090909090909093
Brooklyn Nets,2023-24,2024,32,50,0.3902439,35.748965793199275,0.43596299747803996,rank_calibrated_lasso,0.6000763381800931,0.35000000000000003,10,37.5,32,50,under,+12500,https://www.basketball-reference.com/leagues/NBA_2024_preseason_odds.html,82,under,-1.7510342068007247,32.0,3.7489657931992753,5.5,win,10.0,9.090909090909092,19.090909090909093
Charlotte Hornets,2023-24,2024,21,61,0.25609756,24.93912049053928,0.3041356157382839,rank_calibrated_lasso,0.6000763381800931,0.35000000000000003,10,31.5,21,61,under,+50000,https://www.basketball-reference.com/leagues/NBA_2024_preseason_odds.html,82,under,-6.560879509460719,21.0,3.939120490539281,10.5,win,10.0,9.090909090909092,19.090909090909093
Chicago Bulls,2023-24,2024,39,43,0.47560975,35.265986328469005,0.4300730040057196,rank_calibrated_lasso,0.6000763381800931,0.35000000000000003,10,37.5,39,43,over,+12500,https://www.basketball-reference.com/leagues/NBA_2024_preseason_odds.html,82,under,-2.2340136715309953,39.0,3.7340136715309953,1.5,loss,10.0,-10.0,0.0
Cleveland Cavaliers,2023-24,2024,48,34,0.58536583,46.13947515710481,0.5626765263061563,rank_calibrated_lasso,0.6000763381800931,0.35000000000000003,10,50.5,48,34,under,+2500,https://www.basketball-reference.com/leagues/NBA_2024_preseason_odds.html,82,under,-4.360524842895188,48.0,1.8605248428951882,2.5,win,10.0,9.090909090909092,19.090909090909093
Dallas Mavericks,2023-24,2024,50,32,0.6097561,41.44294650968552,0.5054017867034819,rank_calibrated_lasso,0.6000763381800931,0.35000000000000003,10,45.5,50,32,over,+2500,https://www.basketball-reference.com/leagues/NBA_2024_preseason_odds.html,82,under,-4.05705349031448,50.0,8.55705349031448,4.5,loss,10.0,-10.0,0.0
Denver Nuggets,2023-24,2024,57,25,0.69512194,50.42871364309513,0.6149843127206723,rank_calibrated_lasso,0.6000763381800931,0.35000000000000003,10,52.5,57,25,over,+450,https://www.basketball-reference.com/leagues/NBA_2024_preseason_odds.html,82,under,-2.0712863569048707,57.0,6.571286356904871,4.5,loss,10.0,-10.0,0.0
Detroit Pistons,2023-24,2024,14,68,0.17073171,26.34528678661895,0.3212839852026701,rank_calibrated_lasso,0.6000763381800931,0.35000000000000003,10,28.5,14,68,under,+50000,https://www.basketball-reference.com/leagues/NBA_2024_preseason_odds.html,82,under,-2.1547132133810507,14.0,12.34528678661895,14.5,win,10.0,9.090909090909092,19.090909090909093
Golden State Warriors,2023-24,2024,46,36,0.5609756,51.13138743871649,0.623553505350201,rank_calibrated_lasso,0.6000763381800931,0.35000000000000003,10,48.5,46,36,under,+1200,https://www.basketball-reference.com/leagues/NBA_2024_preseason_odds.html,82,over,2.6313874387164873,46.0,5.131387438716487,2.5,loss,10.0,-10.0,0.0
Houston Rockets,2023-24,2024,41,41,0.5,29.55227407796466,0.3603935863166422,rank_calibrated_lasso,0.6000763381800931,0.35000000000000003,10,31.5,41,41,over,+25000,https://www.basketball-reference.com/leagues/NBA_2024_preseason_odds.html,82,under,-1.947725922035339,41.0,11.447725922035339,9.5,loss,10.0,-10.0,0.0
Indiana Pacers,2023-24,2024,47,35,0.5731707,38.16501766514215,0.46542704469685553,rank_calibrated_lasso,0.6000763381800931,0.35000000000000003,10,38.5,47,35,over,+25000,https://www.basketball-reference.com/leagues/NBA_2024_preseason_odds.html,82,under,-0.33498233485784823,47.0,8.834982334857848,8.5,loss,10.0,-10.0,0.0
Los Angeles Clippers,2023-24,2024,51,31,0.6219512,47.74268381179699,0.5822278513633778,rank_calibrated_lasso,0.6000763381800931,0.35000000000000003,10,46.5,51,31,over,+2200,https://www.basketball-reference.com/leagues/NBA_2024_preseason_odds.html,82,over,1.2426838117969865,51.0,3.2573161882030135,4.5,win,10.0,9.090909090909092,19.090909090909093
Los Angeles Lakers,2023-24,2024,47,35,0.5731707,51.98695156064533,0.6339872141542113,rank_calibrated_lasso,0.6000763381800931,0.35000000000000003,10,47.5,47,35,under,+1500,https://www.basketball-reference.com/leagues/NBA_2024_preseason_odds.html,82,over,4.4869515606453305,47.0,4.9869515606453305,0.5,loss,10.0,-10.0,0.0
Memphis Grizzlies,2023-24,2024,27,55,0.3292683,44.79216662014744,0.5462459343920419,rank_calibrated_lasso,0.6000763381800931,0.35000000000000003,10,45.5,27,55,under,+2200,https://www.basketball-reference.com/leagues/NBA_2024_preseason_odds.html,82,under,-0.7078333798525591,27.0,17.79216662014744,18.5,win,10.0,9.090909090909092,19.090909090909093
Miami Heat,2023-24,2024,46,36,0.5609756,44.23707740133699,0.5394765536748414,rank_calibrated_lasso,0.6000763381800931,0.35000000000000003,10,45.5,46,36,over,+1600,https://www.basketball-reference.com/leagues/NBA_2024_preseason_odds.html,82,under,-1.2629225986630104,46.0,1.7629225986630104,0.5,loss,10.0,-10.0,0.0
Milwaukee Bucks,2023-24,2024,49,33,0.597561,59.34414770704612,0.7237091183786112,rank_calibrated_lasso,0.6000763381800931,0.35000000000000003,10,54.5,49,33,under,+600,https://www.basketball-reference.com/leagues/NBA_2024_preseason_odds.html,82,over,4.844147707046119,49.0,10.344147707046119,5.5,loss,10.0,-10.0,0.0
Minnesota Timberwolves,2023-24,2024,56,26,0.68292683,40.597030765062726,0.4950857410373503,rank_calibrated_lasso,0.6000763381800931,0.35000000000000003,10,44.5,56,26,over,+6600,https://www.basketball-reference.com/leagues/NBA_2024_preseason_odds.html,82,under,-3.9029692349372738,56.0,15.402969234937274,11.5,loss,10.0,-10.0,0.0
New Orleans Pelicans,2023-24,2024,49,33,0.597561,42.729684510303656,0.5210937135402884,rank_calibrated_lasso,0.6000763381800931,0.35000000000000003,10,44.5,49,33,over,+4000,https://www.basketball-reference.com/leagues/NBA_2024_preseason_odds.html,82,under,-1.770315489696344,49.0,6.270315489696344,4.5,loss,10.0,-10.0,0.0
New York Knicks,2023-24,2024,50,32,0.6097561,43.82780622737477,0.5344854417972533,rank_calibrated_lasso,0.6000763381800931,0.35000000000000003,10,45.5,50,32,over,+5000,https://www.basketball-reference.com/leagues/NBA_2024_preseason_odds.html,82,under,-1.6721937726252278,50.0,6.172193772625228,4.5,loss,10.0,-10.0,0.0
Oklahoma City Thunder,2023-24,2024,57,25,0.69512194,39.224105951171964,0.47834275550209715,rank_calibrated_lasso,0.6000763381800931,0.35000000000000003,10,44.5,57,25,over,+10000,https://www.basketball-reference.com/leagues/NBA_2024_preseason_odds.html,82,under,-5.275894048828036,57.0,17.775894048828036,12.5,loss,10.0,-10.0,0.0
Orlando Magic,2023-24,2024,47,35,0.5731707,32.40342848264106,0.39516376198342756,rank_calibrated_lasso,0.6000763381800931,0.35000000000000003,10,37.5,47,35,over,+25000,https://www.basketball-reference.com/leagues/NBA_2024_preseason_odds.html,82,under,-5.096571517358939,47.0,14.596571517358939,9.5,loss,10.0,-10.0,0.0
Philadelphia 76ers,2023-24,2024,47,35,0.5731707,46.90186765993049,0.5719739958528108,rank_calibrated_lasso,0.6000763381800931,0.35000000000000003,10,48.5,47,35,under,+1800,https://www.basketball-reference.com/leagues/NBA_2024_preseason_odds.html,82,under,-1.5981323400695118,47.0,0.09813234006951177,1.5,win,10.0,9.090909090909092,19.090909090909093
Phoenix Suns,2023-24,2024,49,33,0.597561,48.92082335175798,0.5965954067287559,rank_calibrated_lasso,0.6000763381800931,0.35000000000000003,10,51.5,49,33,under,+600,https://www.basketball-reference.com/leagues/NBA_2024_preseason_odds.html,82,under,-2.5791766482420186,49.0,0.07917664824201864,2.5,win,10.0,9.090909090909092,19.090909090909093
Portland Trail Blazers,2023-24,2024,21,61,0.25609756,34.40161813627485,0.41953192849115667,rank_calibrated_lasso,0.6000763381800931,0.35000000000000003,10,28.5,21,61,under,+12500,https://www.basketball-reference.com/leagues/NBA_2024_preseason_odds.html,82,over,5.901618136274848,21.0,13.401618136274848,7.5,loss,10.0,-10.0,0.0
Sacramento Kings,2023-24,2024,46,36,0.5609756,45.28458313913815,0.5522510138919287,rank_calibrated_lasso,0.6000763381800931,0.35000000000000003,10,44.5,46,36,over,+3500,https://www.basketball-reference.com/leagues/NBA_2024_preseason_odds.html,82,over,0.7845831391381495,46.0,0.7154168608618505,1.5,win,10.0,9.090909090909092,19.090909090909093
San Antonio Spurs,2023-24,2024,22,60,0.2682927,26.929673627460772,0.32841065399342406,rank_calibrated_lasso,0.6000763381800931,0.35000000000000003,10,28.5,22,60,under,+15000,https://www.basketball-reference.com/leagues/NBA_2024_preseason_odds.html,82,under,-1.5703263725392276,22.0,4.929673627460772,6.5,win,10.0,9.090909090909092,19.090909090909093
Toronto Raptors,2023-24,2024,25,57,0.30487806,37.541546015666405,0.4578237318983708,rank_calibrated_lasso,0.6000763381800931,0.35000000000000003,10,36.5,25,57,under,+8000,https://www.basketball-reference.com/leagues/NBA_2024_preseason_odds.html,82,over,1.0415460156664054,25.0,12.541546015666405,11.5,loss,10.0,-10.0,0.0
Utah Jazz,2023-24,2024,31,51,0.37804878,36.55219031308907,0.44575841845230574,rank_calibrated_lasso,0.6000763381800931,0.35000000000000003,10,35.5,31,51,under,+25000,https://www.basketball-reference.com/leagues/NBA_2024_preseason_odds.html,82,over,1.0521903130890706,31.0,5.552190313089071,4.5,loss,10.0,-10.0,0.0
Washington Wizards,2023-24,2024,15,67,0.18292683,28.553673903066436,0.34821553540324923,rank_calibrated_lasso,0.6000763381800931,0.35000000000000003,10,24.5,15,67,under,+50000,https://www.basketball-reference.com/leagues/NBA_2024_preseason_odds.html,82,over,4.053673903066436,15.0,13.553673903066436,9.5,loss,10.0,-10.0,0.0
Atlanta Hawks,2024-25,2025,40,42,0.4878049,35.55095892782526,0.43354827960762515,rank_calibrated_lasso,0.6000763381800931,0.4,11,36.5,40,42,over,+50000,https://www.basketball-reference.com/leagues/NBA_2025_preseason_odds.html,82,under,-0.9490410721747367,40.0,4.449041072174737,3.5,loss,10.0,-10.0,0.0
Boston Celtics,2024-25,2025,61,21,0.74390244,61.17295310184721,0.7460116231932586,rank_calibrated_lasso,0.6000763381800931,0.4,11,58.5,61,21,over,+325,https://www.basketball-reference.com/leagues/NBA_2025_preseason_odds.html,82,over,2.672953101847213,61.0,0.17295310184721302,2.5,win,10.0,9.090909090909092,19.090909090909093
Brooklyn Nets,2024-25,2025,26,56,0.31707317,25.771104346022355,0.3142817603173458,rank_calibrated_lasso,0.6000763381800931,0.4,11,19.5,26,56,over,+100000,https://www.basketball-reference.com/leagues/NBA_2025_preseason_odds.html,82,over,6.271104346022355,26.0,0.228895653977645,6.5,win,10.0,9.090909090909092,19.090909090909093
Charlotte Hornets,2024-25,2025,19,63,0.23170732,29.091743026159776,0.3547773539775582,rank_calibrated_lasso,0.6000763381800931,0.4,11,30.5,19,63,under,+100000,https://www.basketball-reference.com/leagues/NBA_2025_preseason_odds.html,82,under,-1.4082569738402242,19.0,10.091743026159776,11.5,win,10.0,9.090909090909092,19.090909090909093
Chicago Bulls,2024-25,2025,39,43,0.47560975,33.503834175400485,0.4085833436024449,rank_calibrated_lasso,0.6000763381800931,0.4,11,28.5,39,43,over,+100000,https://www.basketball-reference.com/leagues/NBA_2025_preseason_odds.html,82,over,5.003834175400485,39.0,5.496165824599515,10.5,win,10.0,9.090909090909092,19.090909090909093
Cleveland Cavaliers,2024-25,2025,64,18,0.7804878,43.303642293502286,0.5280931987012474,rank_calibrated_lasso,0.6000763381800931,0.4,11,48.5,64,18,over,+3500,https://www.basketball-reference.com/leagues/NBA_2025_preseason_odds.html,82,under,-5.1963577064977144,64.0,20.696357706497714,15.5,loss,10.0,-10.0,0.0
Dallas Mavericks,2024-25,2025,39,43,0.47560975,54.43924160479452,0.6638931903023721,rank_calibrated_lasso,0.6000763381800931,0.4,11,49.5,39,43,under,+1100,https://www.basketball-reference.com/leagues/NBA_2025_preseason_odds.html,82,over,4.939241604794518,39.0,15.439241604794518,10.5,loss,10.0,-10.0,0.0
Denver Nuggets,2024-25,2025,50,32,0.6097561,48.97163188013457,0.5972150229284703,rank_calibrated_lasso,0.6000763381800931,0.4,11,51.5,50,32,under,+1100,https://www.basketball-reference.com/leagues/NBA_2025_preseason_odds.html,82,under,-2.5283681198654335,50.0,1.0283681198654335,1.5,win,10.0,9.090909090909092,19.090909090909093
Detroit Pistons,2024-25,2025,44,38,0.5365854,26.885342435368333,0.3278700296996138,rank_calibrated_lasso,0.6000763381800931,0.4,11,25.5,44,38,over,+100000,https://www.basketball-reference.com/leagues/NBA_2025_preseason_odds.html,82,over,1.385342435368333,44.0,17.114657564631667,18.5,win,10.0,9.090909090909092,19.090909090909093
Golden State Warriors,2024-25,2025,48,34,0.58536583,42.48463465676523,0.5181053006922589,rank_calibrated_lasso,0.6000763381800931,0.4,11,43.5,48,34,over,+4000,https://www.basketball-reference.com/leagues/NBA_2025_preseason_odds.html,82,under,-1.0153653432347696,48.0,5.51536534323477,4.5,loss,10.0,-10.0,0.0
Houston Rockets,2024-25,2025,52,30,0.63414633,38.700154949464896,0.4719531091398158,rank_calibrated_lasso,0.6000763381800931,0.4,11,43.5,52,30,over,+8000,https://www.basketball-reference.com/leagues/NBA_2025_preseason_odds.html,82,under,-4.7998450505351045,52.0,13.299845050535104,8.5,loss,10.0,-10.0,0.0
Indiana Pacers,2024-25,2025,50,32,0.6097561,46.009311749837714,0.5610891676809477,rank_calibrated_lasso,0.6000763381800931,0.4,11,46.5,50,32,over,+6600,https://www.basketball-reference.com/leagues/NBA_2025_preseason_odds.html,82,under,-0.490688250162286,50.0,3.990688250162286,3.5,loss,10.0,-10.0,0.0
Los Angeles Clippers,2024-25,2025,50,32,0.6097561,41.4315969712361,0.5052633776980012,rank_calibrated_lasso,0.6000763381800931,0.4,11,35.5,50,32,over,+12500,https://www.basketball-reference.com/leagues/NBA_2025_preseason_odds.html,82,over,5.931596971236097,50.0,8.568403028763903,14.5,win,10.0,9.090909090909092,19.090909090909093
Los Angeles Lakers,2024-25,2025,50,32,0.6097561,49.490969858834376,0.6035484129126143,rank_calibrated_lasso,0.6000763381800931,0.4,11,43.5,50,32,over,+4000,https://www.basketball-reference.com/leagues/NBA_2025_preseason_odds.html,82,over,5.990969858834376,50.0,0.5090301411656242,6.5,win,10.0,9.090909090909092,19.090909090909093
Memphis Grizzlies,2024-25,2025,48,34,0.58536583,36.927150032440295,0.450331097956589,rank_calibrated_lasso,0.6000763381800931,0.4,11,47.5,48,34,over,+3500,https://www.basketball-reference.com/leagues/NBA_2025_preseason_odds.html,82,under,-10.572849967559705,48.0,11.072849967559705,0.5,loss,10.0,-10.0,0.0
Miami Heat,2024-25,2025,37,45,0.4512195,42.91403759547915,0.5233419218960872,rank_calibrated_lasso,0.6000763381800931,0.4,11,44.5,37,45,under,+5000,https://www.basketball-reference.com/leagues/NBA_2025_preseason_odds.html,82,under,-1.5859624045208491,37.0,5.914037595479151,7.5,win,10.0,9.090909090909092,19.090909090909093
Milwaukee Bucks,2024-25,2025,48,34,0.58536583,51.520191677137454,0.6282950204528958,rank_calibrated_lasso,0.6000763381800931,0.4,11,49.5,48,34,under,+1400,https://www.basketball-reference.com/leagues/NBA_2025_preseason_odds.html,82,over,2.020191677137454,48.0,3.520191677137454,1.5,loss,10.0,-10.0,0.0
Minnesota Timberwolves,2024-25,2025,49,33,0.597561,48.21143035621948,0.5879442726368229,rank_calibrated_lasso,0.6000763381800931,0.4,11,51.5,49,33,under,+1100,https://www.basketball-reference.com/leagues/NBA_2025_preseason_odds.html,82,under,-3.2885696437805194,49.0,0.7885696437805194,2.5,win,10.0,9.090909090909092,19.090909090909093
New Orleans Pelicans,2024-25,2025,21,61,0.25609756,45.61665674192706,0.5563006919747202,rank_calibrated_lasso,0.6000763381800931,0.4,11,46.5,21,61,under,+5000,https://www.basketball-reference.com/leagues/NBA_2025_preseason_odds.html,82,under,-0.8833432580729408,21.0,24.61665674192706,25.5,win,10.0,9.090909090909092,19.090909090909093
New York Knicks,2024-25,2025,51,31,0.6219512,50.08576515573836,0.6108020140943702,rank_calibrated_lasso,0.6000763381800931,0.4,11,53.5,51,31,under,+700,https://www.basketball-reference.com/leagues/NBA_2025_preseason_odds.html,82,under,-3.4142348442616424,51.0,0.9142348442616424,2.5,win,10.0,9.090909090909092,19.090909090909093
Oklahoma City Thunder,2024-25,2025,68,14,0.8292683,52.7791005634546,0.6436475678470073,rank_calibrated_lasso,0.6000763381800931,0.4,11,57.5,68,14,over,+675,https://www.basketball-reference.com/leagues/NBA_2025_preseason_odds.html,82,under,-4.720899436545402,68.0,15.220899436545402,10.5,loss,10.0,-10.0,0.0
Orlando Magic,2024-25,2025,41,41,0.5,41.01269104366785,0.5001547688252177,rank_calibrated_lasso,0.6000763381800931,0.4,11,47.5,41,41,under,+4000,https://www.basketball-reference.com/leagues/NBA_2025_preseason_odds.html,82,under,-6.48730895633215,41.0,0.01269104366785001,6.5,win,10.0,9.090909090909092,19.090909090909093
Philadelphia 76ers,2024-25,2025,24,58,0.29268292,46.51927753107607,0.5673082625740984,rank_calibrated_lasso,0.6000763381800931,0.4,11,50.5,24,58,under,+1000,https://www.basketball-reference.com/leagues/NBA_2025_preseason_odds.html,82,under,-3.980722468923929,24.0,22.51927753107607,26.5,win,10.0,9.090909090909092,19.090909090909093
Phoenix Suns,2024-25,2025,36,46,0.4390244,50.52393361093051,0.616145531840616,rank_calibrated_lasso,0.6000763381800931,0.4,11,48.5,36,46,under,+1500,https://www.basketball-reference.com/leagues/NBA_2025_preseason_odds.html,82,over,2.023933610930513,36.0,14.523933610930513,12.5,loss,10.0,-10.0,0.0
Portland Trail Blazers,2024-25,2025,36,46,0.4390244,30.208170596206973,0.3683923243439875,rank_calibrated_lasso,0.6000763381800931,0.4,11,21.5,36,46,over,+100000,https://www.basketball-reference.com/leagues/NBA_2025_preseason_odds.html,82,over,8.708170596206973,36.0,5.791829403793027,14.5,win,10.0,9.090909090909092,19.090909090909093
Sacramento Kings,2024-25,2025,40,42,0.4878049,44.55368577134343,0.5433376313578467,rank_calibrated_lasso,0.6000763381800931,0.4,11,46.5,40,42,under,+6600,https://www.basketball-reference.com/leagues/NBA_2025_preseason_odds.html,82,under,-1.9463142286565684,40.0,4.5536857713434316,6.5,win,10.0,9.090909090909092,19.090909090909093
San Antonio Spurs,2024-25,2025,34,48,0.41463414,32.98830615043609,0.40229641646873276,rank_calibrated_lasso,0.6000763381800931,0.4,11,35.5,34,48,under,+15000,https://www.basketball-reference.com/leagues/NBA_2025_preseason_odds.html,82,under,-2.511693849563912,34.0,1.0116938495639118,1.5,win,10.0,9.090909090909092,19.090909090909093
Toronto Raptors,2024-25,2025,30,52,0.36585367,24.089778089484742,0.29377778157908224,rank_calibrated_lasso,0.6000763381800931,0.4,11,29.5,30,52,over,+100000,https://www.basketball-reference.com/leagues/NBA_2025_preseason_odds.html,82,under,-5.410221910515258,30.0,5.910221910515258,0.5,loss,10.0,-10.0,0.0
Utah Jazz,2024-25,2025,17,65,0.20731707,31.228786156978916,0.38083885557291364,rank_calibrated_lasso,0.6000763381800931,0.4,11,28.5,17,65,under,+50000,https://www.basketball-reference.com/leagues/NBA_2025_preseason_odds.html,82,over,2.7287861569789165,17.0,14.228786156978916,11.5,loss,10.0,-10.0,0.0
Washington Wizards,2024-25,2025,18,64,0.2195122,22.66514514315351,0.2764042090628477,rank_calibrated_lasso,0.6000763381800931,0.4,11,20.5,18,64,under,+100000,https://www.basketball-reference.com/leagues/NBA_2025_preseason_odds.html,82,over,2.1651451431535094,18.0,4.665145143153509,2.5,loss,10.0,-10.0,0.0
Atlanta Hawks,2025-26,2026,46,36,0.5609756,42.75582325197813,0.52141247868266,rank_calibrated_lasso,0.6349428024593587,0.43,12,46.5,46,36,under,+4000,https://www.basketball-reference.com/leagues/NBA_2026_preseason_odds.html,82,under,-3.7441767480218715,46.0,3.2441767480218715,0.5,win,10.0,9.090909090909092,19.090909090909093
Boston Celtics,2025-26,2026,56,26,0.68292683,53.543213616674166,0.6529660197155386,rank_calibrated_lasso,0.6349428024593587,0.43,12,41.5,56,26,over,+6000,https://www.basketball-reference.com/leagues/NBA_2026_preseason_odds.html,82,over,12.043213616674166,56.0,2.4567863833258343,14.5,win,10.0,9.090909090909092,19.090909090909093
Brooklyn Nets,2025-26,2026,20,62,0.24390244,23.145873232025835,0.2822667467320224,rank_calibrated_lasso,0.6349428024593587,0.43,12,19.5,20,62,over,+100000,https://www.basketball-reference.com/leagues/NBA_2026_preseason_odds.html,82,over,3.645873232025835,20.0,3.145873232025835,0.5,win,10.0,9.090909090909092,19.090909090909093
Charlotte Hornets,2025-26,2026,44,38,0.5365854,27.067436289301135,0.33009068645489187,rank_calibrated_lasso,0.6349428024593587,0.43,12,27.5,44,38,over,+100000,https://www.basketball-reference.com/leagues/NBA_2026_preseason_odds.html,82,under,-0.4325637106988651,44.0,16.932563710698865,16.5,loss,10.0,-10.0,0.0
Chicago Bulls,2025-26,2026,31,51,0.37804878,28.74833976995489,0.35058950938969374,rank_calibrated_lasso,0.6349428024593587,0.43,12,33.5,31,51,under,+50000,https://www.basketball-reference.com/leagues/NBA_2026_preseason_odds.html,82,under,-4.751660230045111,31.0,2.251660230045111,2.5,win,10.0,9.090909090909092,19.090909090909093
Cleveland Cavaliers,2025-26,2026,52,30,0.63414633,48.045169214641724,0.5859166977395333,rank_calibrated_lasso,0.6349428024593587,0.43,12,56.5,52,30,under,+750,https://www.basketball-reference.com/leagues/NBA_2026_preseason_odds.html,82,under,-8.454830785358276,52.0,3.9548307853582756,4.5,win,10.0,9.090909090909092,19.090909090909093
Dallas Mavericks,2025-26,2026,26,56,0.31707317,46.183281102129854,0.563210745147925,rank_calibrated_lasso,0.6349428024593587,0.43,12,41.5,26,56,under,+3500,https://www.basketball-reference.com/leagues/NBA_2026_preseason_odds.html,82,over,4.683281102129854,26.0,20.183281102129854,15.5,loss,10.0,-10.0,0.0
Denver Nuggets,2025-26,2026,54,28,0.6585366,50.20255701281025,0.6122263050342713,rank_calibrated_lasso,0.6349428024593587,0.43,12,53.5,54,28,over,+550,https://www.basketball-reference.com/leagues/NBA_2026_preseason_odds.html,82,under,-3.297442987189747,54.0,3.797442987189747,0.5,loss,10.0,-10.0,0.0
Detroit Pistons,2025-26,2026,60,22,0.73170733,39.00077349876666,0.4756191890093495,rank_calibrated_lasso,0.6349428024593587,0.43,12,46.5,60,22,over,+3300,https://www.basketball-reference.com/leagues/NBA_2026_preseason_odds.html,82,under,-7.499226501233338,60.0,20.999226501233338,13.5,loss,10.0,-10.0,0.0
Golden State Warriors,2025-26,2026,37,45,0.4512195,45.481427478853846,0.5546515546201688,rank_calibrated_lasso,0.6349428024593587,0.43,12,47.5,37,45,under,+2500,https://www.basketball-reference.com/leagues/NBA_2026_preseason_odds.html,82,under,-2.0185725211461545,37.0,8.481427478853846,10.5,win,10.0,9.090909090909092,19.090909090909093
Houston Rockets,2025-26,2026,52,30,0.63414633,49.16623253861804,0.5995882016904639,rank_calibrated_lasso,0.6349428024593587,0.43,12,52.5,52,30,under,+1400,https://www.basketball-reference.com/leagues/NBA_2026_preseason_odds.html,82,under,-3.33376746138196,52.0,2.83376746138196,0.5,win,10.0,9.090909090909092,19.090909090909093
Indiana Pacers,2025-26,2026,19,63,0.23170732,47.51283006776086,0.5794247569239129,rank_calibrated_lasso,0.6349428024593587,0.43,12,37.5,19,63,under,+10000,https://www.basketball-reference.com/leagues/NBA_2026_preseason_odds.html,82,over,10.01283006776086,19.0,28.51283006776086,18.5,loss,10.0,-10.0,0.0
Los Angeles Clippers,2025-26,2026,42,40,0.5121951,50.69224505809214,0.6181981104645383,rank_calibrated_lasso,0.6349428024593587,0.43,12,49.5,42,40,under,+1800,https://www.basketball-reference.com/leagues/NBA_2026_preseason_odds.html,82,over,1.1922450580921407,42.0,8.69224505809214,7.5,loss,10.0,-10.0,0.0
Los Angeles Lakers,2025-26,2026,53,29,0.64634144,52.42609720912916,0.639342648891819,rank_calibrated_lasso,0.6349428024593587,0.43,12,46.5,53,29,over,+1600,https://www.basketball-reference.com/leagues/NBA_2026_preseason_odds.html,82,over,5.926097209129161,53.0,0.5739027908708394,6.5,win,10.0,9.090909090909092,19.090909090909093
Memphis Grizzlies,2025-26,2026,25,57,0.30487806,41.515066811514764,0.5062813025794484,rank_calibrated_lasso,0.6349428024593587,0.43,12,39.5,25,57,under,+12500,https://www.basketball-reference.com/leagues/NBA_2026_preseason_odds.html,82,over,2.015066811514764,25.0,16.515066811514764,14.5,loss,10.0,-10.0,0.0
Miami Heat,2025-26,2026,43,39,0.5243902,39.91950666366573,0.4868232519959235,rank_calibrated_lasso,0.6349428024593587,0.43,12,37.5,43,39,over,+20000,https://www.basketball-reference.com/leagues/NBA_2026_preseason_odds.html,82,over,2.4195066636657288,43.0,3.0804933363342712,5.5,win,10.0,9.090909090909092,19.090909090909093
Milwaukee Bucks,2025-26,2026,32,50,0.3902439,43.93303967510887,0.535768776525718,rank_calibrated_lasso,0.6349428024593587,0.43,12,43.5,32,50,under,+5500,https://www.basketball-reference.com/leagues/NBA_2026_preseason_odds.html,82,over,0.43303967510887276,32.0,11.933039675108873,11.5,loss,10.0,-10.0,0.0
Minnesota Timberwolves,2025-26,2026,49,33,0.597561,48.61739326650312,0.5928950398354039,rank_calibrated_lasso,0.6349428024593587,0.43,12,49.5,49,33,under,+1300,https://www.basketball-reference.com/leagues/NBA_2026_preseason_odds.html,82,under,-0.8826067334968783,49.0,0.38260673349687835,0.5,win,10.0,9.090909090909092,19.090909090909093
New Orleans Pelicans,2025-26,2026,26,56,0.31707317,32.20968134559247,0.39280099201942037,rank_calibrated_lasso,0.6349428024593587,0.43,12,30.5,26,56,under,+30000,https://www.basketball-reference.com/leagues/NBA_2026_preseason_odds.html,82,over,1.7096813455924718,26.0,6.209681345592472,4.5,loss,10.0,-10.0,0.0
New York Knicks,2025-26,2026,53,29,0.64634144,54.882956540736785,0.6693043480577656,rank_calibrated_lasso,0.6349428024593587,0.43,12,53.5,53,29,under,+900,https://www.basketball-reference.com/leagues/NBA_2026_preseason_odds.html,82,over,1.3829565407367852,53.0,1.8829565407367852,0.5,loss,10.0,-10.0,0.0
Oklahoma City Thunder,2025-26,2026,64,18,0.7804878,60.40794591194256,0.7366822672188117,rank_calibrated_lasso,0.6349428024593587,0.43,12,62.5,64,18,over,+240,https://www.basketball-reference.com/leagues/NBA_2026_preseason_odds.html,82,under,-2.092054088057438,64.0,3.592054088057438,1.5,loss,10.0,-10.0,0.0
Orlando Magic,2025-26,2026,45,37,0.5487805,42.06503324585738,0.5129882103153339,rank_calibrated_lasso,0.6349428024593587,0.43,12,51.5,45,37,under,+1800,https://www.basketball-reference.com/leagues/NBA_2026_preseason_odds.html,82,under,-9.434966754142621,45.0,2.9349667541426214,6.5,win,10.0,9.090909090909092,19.090909090909093
Philadelphia 76ers,2025-26,2026,45,37,0.5487805,33.950348336439355,0.4140286382492604,rank_calibrated_lasso,0.6349428024593587,0.43,12,43.5,45,37,over,+4000,https://www.basketball-reference.com/leagues/NBA_2026_preseason_odds.html,82,under,-9.549651663560645,45.0,11.049651663560645,1.5,loss,10.0,-10.0,0.0
Phoenix Suns,2025-26,2026,45,37,0.5487805,30.81376302606209,0.375777597878806,rank_calibrated_lasso,0.6349428024593587,0.43,12,30.5,45,37,over,+50000,https://www.basketball-reference.com/leagues/NBA_2026_preseason_odds.html,82,over,0.31376302606209094,45.0,14.186236973937909,14.5,win,10.0,9.090909090909092,19.090909090909093
Portland Trail Blazers,2025-26,2026,42,40,0.5121951,38.03278383515296,0.4638144370140605,rank_calibrated_lasso,0.6349428024593587,0.43,12,35.5,42,40,over,+50000,https://www.basketball-reference.com/leagues/NBA_2026_preseason_odds.html,82,over,2.532783835152962,42.0,3.967216164847038,6.5,win,10.0,9.090909090909092,19.090909090909093
Sacramento Kings,2025-26,2026,22,60,0.2682927,40.70456035258587,0.49639707747055944,rank_calibrated_lasso,0.6349428024593587,0.43,12,35.5,22,60,under,+50000,https://www.basketball-reference.com/leagues/NBA_2026_preseason_odds.html,82,over,5.204560352585872,22.0,18.704560352585872,13.5,loss,10.0,-10.0,0.0
San Antonio Spurs,2025-26,2026,62,20,0.75609756,36.586886972298245,0.4461815484426615,rank_calibrated_lasso,0.6349428024593587,0.43,12,44.5,62,20,over,+6600,https://www.basketball-reference.com/leagues/NBA_2026_preseason_odds.html,82,under,-7.913113027701755,62.0,25.413113027701755,17.5,loss,10.0,-10.0,0.0
Toronto Raptors,2025-26,2026,46,36,0.5609756,34.51702852490513,0.4209393722549406,rank_calibrated_lasso,0.6349428024593587,0.43,12,39.5,46,36,over,+10000,https://www.basketball-reference.com/leagues/NBA_2026_preseason_odds.html,82,under,-4.982971475094871,46.0,11.482971475094871,6.5,loss,10.0,-10.0,0.0
Utah Jazz,2025-26,2026,22,60,0.2682927,25.12307164877125,0.30637892254599086,rank_calibrated_lasso,0.6349428024593587,0.43,12,18.5,22,60,over,+100000,https://www.basketball-reference.com/leagues/NBA_2026_preseason_odds.html,82,over,6.623071648771251,22.0,3.1230716487712513,3.5,win,10.0,9.090909090909092,19.090909090909093
Washington Wizards,2025-26,2026,17,65,0.20731707,21.52569336953923,0.26250845572608816,rank_calibrated_lasso,0.6349428024593587,0.43,12,20.5,17,65,under,+100000,https://www.basketball-reference.com/leagues/NBA_2026_preseason_odds.html,82,over,1.0256933695392298,17.0,4.52569336953923,3.5,loss,10.0,-10.0,0.0
