team,season,season_end_year,wins,losses,win_pct,predicted_win_pct,training_seasons,selected_model,win_total_line,actual_wins_odds_source,actual_losses_odds_source,source_result,championship_odds,source_url,scheduled_games_for_line,predicted_wins,pick,model_edge_wins,comparison_actual_wins,model_abs_error_wins,market_abs_error_wins,grade,stake,profit,cash_return
Atlanta Hawks,2016-17,2017,43,39,0.5243902,0.5204634059488641,3,extra_trees,43.5,43,39,under,+10000,https://www.basketball-reference.com/leagues/NBA_2017_preseason_odds.html,82,42.677999287806855,under,-0.8220007121931445,43.0,0.3220007121931445,0.5,win,10.0,9.090909090909092,19.090909090909093
Boston Celtics,2016-17,2017,53,29,0.64634144,0.4787180604988259,3,extra_trees,52.5,53,29,over,+2900,https://www.basketball-reference.com/leagues/NBA_2017_preseason_odds.html,82,39.254880960903726,under,-13.245119039096274,53.0,13.745119039096274,0.5,loss,10.0,-10.0,0.0
Brooklyn Nets,2016-17,2017,20,62,0.24390244,0.3773702018381333,3,extra_trees,21.5,20,62,under,+135000,https://www.basketball-reference.com/leagues/NBA_2017_preseason_odds.html,82,30.94435655072693,over,9.44435655072693,20.0,10.94435655072693,1.5,loss,10.0,-10.0,0.0
Charlotte Hornets,2016-17,2017,36,46,0.4390244,0.47570229447211965,3,extra_trees,42.5,36,46,under,+55000,https://www.basketball-reference.com/leagues/NBA_2017_preseason_odds.html,82,39.007588146713815,under,-3.4924118532861854,36.0,3.0075881467138146,6.5,win,10.0,9.090909090909092,19.090909090909093
Chicago Bulls,2016-17,2017,41,41,0.5,0.642519298174511,3,extra_trees,39.0,41,41,over,+9000,https://www.basketball-reference.com/leagues/NBA_2017_preseason_odds.html,82,52.686582450309906,over,13.686582450309906,41.0,11.686582450309906,2.0,win,10.0,9.090909090909092,19.090909090909093
Cleveland Cavaliers,2016-17,2017,51,31,0.6219512,0.6802339197535825,3,extra_trees,56.5,51,31,under,+385,https://www.basketball-reference.com/leagues/NBA_2017_preseason_odds.html,82,55.779181419793765,under,-0.7208185802062346,51.0,4.779181419793765,5.5,win,10.0,9.090909090909092,19.090909090909093
Dallas Mavericks,2016-17,2017,33,49,0.40243903,0.3903532241730195,3,extra_trees,39.5,33,49,under,+39000,https://www.basketball-reference.com/leagues/NBA_2017_preseason_odds.html,82,32.0089643821876,under,-7.4910356178124005,33.0,0.9910356178124005,6.5,win,10.0,9.090909090909092,19.090909090909093
Denver Nuggets,2016-17,2017,40,42,0.4878049,0.4619339539312934,3,extra_trees,37.0,40,42,over,+50000,https://www.basketball-reference.com/leagues/NBA_2017_preseason_odds.html,82,37.87858422236606,over,0.878584222366058,40.0,2.121415777633942,3.0,win,10.0,9.090909090909092,19.090909090909093
Detroit Pistons,2016-17,2017,37,45,0.4512195,0.4764565163343161,3,extra_trees,44.5,37,45,under,+14000,https://www.basketball-reference.com/leagues/NBA_2017_preseason_odds.html,82,39.069434339413924,under,-5.430565660586076,37.0,2.069434339413924,7.5,win,10.0,9.090909090909092,19.090909090909093
Golden State Warriors,2016-17,2017,67,15,0.81707317,0.6413889075373524,3,extra_trees,66.5,67,15,over,-128,https://www.basketball-reference.com/leagues/NBA_2017_preseason_odds.html,82,52.5938904180629,under,-13.906109581937102,67.0,14.406109581937102,0.5,loss,10.0,-10.0,0.0
Houston Rockets,2016-17,2017,55,27,0.6707317,0.3714433997245548,3,extra_trees,44.0,55,27,over,+16000,https://www.basketball-reference.com/leagues/NBA_2017_preseason_odds.html,82,30.458358777413494,under,-13.541641222586506,55.0,24.541641222586506,11.0,loss,10.0,-10.0,0.0
Indiana Pacers,2016-17,2017,42,40,0.5121951,0.5995371474406671,3,extra_trees,44.5,42,40,under,+8000,https://www.basketball-reference.com/leagues/NBA_2017_preseason_odds.html,82,49.1620460901347,over,4.662046090134702,42.0,7.162046090134702,2.5,loss,10.0,-10.0,0.0
Los Angeles Clippers,2016-17,2017,51,31,0.6219512,0.6258333153503393,3,extra_trees,53.5,51,31,under,+3500,https://www.basketball-reference.com/leagues/NBA_2017_preseason_odds.html,82,51.31833185872782,under,-2.1816681412721834,51.0,0.31833185872781655,2.5,win,10.0,9.090909090909092,19.090909090909093
Los Angeles Lakers,2016-17,2017,26,56,0.31707317,0.4380893987642484,3,extra_trees,24.5,26,56,over,+39000,https://www.basketball-reference.com/leagues/NBA_2017_preseason_odds.html,82,35.923330698668366,over,11.423330698668366,26.0,9.923330698668366,1.5,win,10.0,9.090909090909092,19.090909090909093
Memphis Grizzlies,2016-17,2017,43,39,0.5243902,0.5322633452281631,3,extra_trees,42.5,43,39,over,+8800,https://www.basketball-reference.com/leagues/NBA_2017_preseason_odds.html,82,43.64559430870938,over,1.1455943087093772,43.0,0.6455943087093772,0.5,win,10.0,9.090909090909092,19.090909090909093
Miami Heat,2016-17,2017,41,41,0.5,0.40246917102839513,3,extra_trees,34.5,41,41,over,+17500,https://www.basketball-reference.com/leagues/NBA_2017_preseason_odds.html,82,33.0024720243284,under,-1.497527975671602,41.0,7.997527975671602,6.5,loss,10.0,-10.0,0.0
Milwaukee Bucks,2016-17,2017,42,40,0.5121951,0.4939374093351565,3,extra_trees,34.5,42,40,over,+18000,https://www.basketball-reference.com/leagues/NBA_2017_preseason_odds.html,82,40.50286756548283,over,6.0028675654828305,42.0,1.4971324345171695,7.5,win,10.0,9.090909090909092,19.090909090909093
Minnesota Timberwolves,2016-17,2017,31,51,0.37804878,0.5871498421411487,3,extra_trees,41.5,31,51,under,+10000,https://www.basketball-reference.com/leagues/NBA_2017_preseason_odds.html,82,48.1462870555742,over,6.646287055574199,31.0,17.1462870555742,10.5,loss,10.0,-10.0,0.0
New Orleans Pelicans,2016-17,2017,34,48,0.41463414,0.6211392892097901,3,extra_trees,36.5,34,48,under,+14500,https://www.basketball-reference.com/leagues/NBA_2017_preseason_odds.html,82,50.93342171520279,over,14.43342171520279,34.0,16.93342171520279,2.5,loss,10.0,-10.0,0.0
New York Knicks,2016-17,2017,31,51,0.37804878,0.3717478486325302,3,extra_trees,38.5,31,51,under,+7500,https://www.basketball-reference.com/leagues/NBA_2017_preseason_odds.html,82,30.483323587867474,under,-8.016676412132526,31.0,0.5166764121325258,7.5,win,10.0,9.090909090909092,19.090909090909093
Oklahoma City Thunder,2016-17,2017,47,35,0.5731707,0.4638242596755026,3,extra_trees,45.0,47,35,over,+6000,https://www.basketball-reference.com/leagues/NBA_2017_preseason_odds.html,82,38.033589293391216,under,-6.966410706608784,47.0,8.966410706608784,2.0,loss,10.0,-10.0,0.0
Orlando Magic,2016-17,2017,29,53,0.35365853,0.4523458144460619,3,extra_trees,37.5,29,53,under,+22500,https://www.basketball-reference.com/leagues/NBA_2017_preseason_odds.html,82,37.09235678457708,under,-0.40764321542292237,29.0,8.092356784577078,8.5,win,10.0,9.090909090909092,19.090909090909093
Philadelphia 76ers,2016-17,2017,28,54,0.34146342,0.4076169061096253,3,extra_trees,23.5,28,54,over,+50000,https://www.basketball-reference.com/leagues/NBA_2017_preseason_odds.html,82,33.424586300989276,over,9.924586300989276,28.0,5.424586300989276,4.5,win,10.0,9.090909090909092,19.090909090909093
Phoenix Suns,2016-17,2017,24,58,0.29268292,0.4590692462265645,3,extra_trees,29.5,24,58,under,+85000,https://www.basketball-reference.com/leagues/NBA_2017_preseason_odds.html,82,37.643678190578285,over,8.143678190578285,24.0,13.643678190578285,5.5,loss,10.0,-10.0,0.0
Portland Trail Blazers,2016-17,2017,41,41,0.5,0.49177735032960906,3,extra_trees,45.5,41,41,under,+13000,https://www.basketball-reference.com/leagues/NBA_2017_preseason_odds.html,82,40.325742727027944,under,-5.174257272972056,41.0,0.6742572729720564,4.5,win,10.0,9.090909090909092,19.090909090909093
Sacramento Kings,2016-17,2017,32,50,0.3902439,0.4391422346827287,3,extra_trees,33.5,32,50,under,+50000,https://www.basketball-reference.com/leagues/NBA_2017_preseason_odds.html,82,36.00966324398375,over,2.509663243983752,32.0,4.009663243983752,1.5,loss,10.0,-10.0,0.0
San Antonio Spurs,2016-17,2017,61,21,0.74390244,0.6408026500670965,3,extra_trees,57.5,61,21,over,+925,https://www.basketball-reference.com/leagues/NBA_2017_preseason_odds.html,82,52.54581730550191,under,-4.954182694498087,61.0,8.454182694498087,3.5,loss,10.0,-10.0,0.0
Toronto Raptors,2016-17,2017,51,31,0.6219512,0.6292592383487506,3,extra_trees,50.5,51,31,over,+5500,https://www.basketball-reference.com/leagues/NBA_2017_preseason_odds.html,82,51.59925754459755,over,1.099257544597549,51.0,0.599257544597549,0.5,win,10.0,9.090909090909092,19.090909090909093
Utah Jazz,2016-17,2017,51,31,0.6219512,0.5651014756660482,3,extra_trees,47.5,51,31,over,+10000,https://www.basketball-reference.com/leagues/NBA_2017_preseason_odds.html,82,46.33832100461595,under,-1.161678995384051,51.0,4.661678995384051,3.5,loss,10.0,-10.0,0.0
Washington Wizards,2016-17,2017,49,33,0.597561,0.4711407445257,3,extra_trees,42.5,49,33,over,+16000,https://www.basketball-reference.com/leagues/NBA_2017_preseason_odds.html,82,38.6335410511074,under,-3.8664589488926,49.0,10.3664589488926,6.5,loss,10.0,-10.0,0.0
Atlanta Hawks,2017-18,2018,24,58,0.29268292,0.33212581344396064,4,random_forest,25.5,24,58,under,+200000,https://www.basketball-reference.com/leagues/NBA_2018_preseason_odds.html,82,27.234316702404772,over,1.7343167024047723,24.0,3.2343167024047723,1.5,loss,10.0,-10.0,0.0
Boston Celtics,2017-18,2018,55,27,0.6707317,0.6917682251147925,4,random_forest,53.5,55,27,over,+1200,https://www.basketball-reference.com/leagues/NBA_2018_preseason_odds.html,82,56.72499445941299,over,3.22499445941299,55.0,1.72499445941299,1.5,win,10.0,9.090909090909092,19.090909090909093
Brooklyn Nets,2017-18,2018,28,54,0.34146342,0.3863103036677632,4,random_forest,27.5,28,54,over,+250000,https://www.basketball-reference.com/leagues/NBA_2018_preseason_odds.html,82,31.677444900756583,over,4.1774449007565835,28.0,3.6774449007565835,0.5,win,10.0,9.090909090909092,19.090909090909093
Charlotte Hornets,2017-18,2018,36,46,0.4390244,0.5069054103127687,4,random_forest,42.5,36,46,under,+50000,https://www.basketball-reference.com/leagues/NBA_2018_preseason_odds.html,82,41.566243645647035,under,-0.9337563543529654,36.0,5.5662436456470346,6.5,win,10.0,9.090909090909092,19.090909090909093
Chicago Bulls,2017-18,2018,27,55,0.3292683,0.3636743992465291,4,random_forest,22.0,27,55,over,+250000,https://www.basketball-reference.com/leagues/NBA_2018_preseason_odds.html,82,29.82130073821539,over,7.821300738215388,27.0,2.8213007382153883,5.0,win,10.0,9.090909090909092,19.090909090909093
Cleveland Cavaliers,2017-18,2018,50,32,0.6097561,0.703993285780455,4,random_forest,53.5,50,32,under,+515,https://www.basketball-reference.com/leagues/NBA_2018_preseason_odds.html,82,57.72744943399731,over,4.227449433997307,50.0,7.727449433997307,3.5,loss,10.0,-10.0,0.0
Dallas Mavericks,2017-18,2018,24,58,0.29268292,0.422749247100372,4,random_forest,35.5,24,58,under,+50000,https://www.basketball-reference.com/leagues/NBA_2018_preseason_odds.html,82,34.6654382622305,under,-0.8345617377694978,24.0,10.665438262230502,11.5,win,10.0,9.090909090909092,19.090909090909093
Denver Nuggets,2017-18,2018,46,36,0.5609756,0.6299291046450078,4,random_forest,45.5,46,36,over,+20000,https://www.basketball-reference.com/leagues/NBA_2018_preseason_odds.html,82,51.654186580890645,over,6.154186580890645,46.0,5.654186580890645,0.5,win,10.0,9.090909090909092,19.090909090909093
Detroit Pistons,2017-18,2018,39,43,0.47560975,0.5098857839667358,4,random_forest,38.5,39,43,over,+63000,https://www.basketball-reference.com/leagues/NBA_2018_preseason_odds.html,82,41.810634285272336,over,3.310634285272336,39.0,2.810634285272336,0.5,win,10.0,9.090909090909092,19.090909090909093
Golden State Warriors,2017-18,2018,58,24,0.70731705,0.7012445090938207,4,random_forest,67.5,58,24,under,-187,https://www.basketball-reference.com/leagues/NBA_2018_preseason_odds.html,82,57.5020497456933,under,-9.997950254306701,58.0,0.49795025430670137,9.5,win,10.0,9.090909090909092,19.090909090909093
Houston Rockets,2017-18,2018,65,17,0.79268295,0.6708812773504829,4,random_forest,55.5,65,17,over,+2150,https://www.basketball-reference.com/leagues/NBA_2018_preseason_odds.html,82,55.012264742739596,under,-0.4877352572604039,65.0,9.987735257260404,9.5,loss,10.0,-10.0,0.0
Indiana Pacers,2017-18,2018,48,34,0.58536583,0.4486613463924658,4,random_forest,31.5,48,34,over,+125000,https://www.basketball-reference.com/leagues/NBA_2018_preseason_odds.html,82,36.790230404182196,over,5.290230404182196,48.0,11.209769595817804,16.5,win,10.0,9.090909090909092,19.090909090909093
Los Angeles Clippers,2017-18,2018,42,40,0.5121951,0.6682964228052253,4,random_forest,43.5,42,40,under,+19000,https://www.basketball-reference.com/leagues/NBA_2018_preseason_odds.html,82,54.800306670028476,over,11.300306670028476,42.0,12.800306670028476,1.5,loss,10.0,-10.0,0.0
Los Angeles Lakers,2017-18,2018,35,47,0.42682928,0.5427261213375268,4,random_forest,33.5,35,47,over,+30000,https://www.basketball-reference.com/leagues/NBA_2018_preseason_odds.html,82,44.5035419496772,over,11.0035419496772,35.0,9.5035419496772,1.5,win,10.0,9.090909090909092,19.090909090909093
Memphis Grizzlies,2017-18,2018,22,60,0.2682927,0.5929293972499687,4,random_forest,37.5,22,60,under,+37000,https://www.basketball-reference.com/leagues/NBA_2018_preseason_odds.html,82,48.620210574497435,over,11.120210574497435,22.0,26.620210574497435,15.5,loss,10.0,-10.0,0.0
Miami Heat,2017-18,2018,44,38,0.5365854,0.5817150963949526,4,random_forest,43.5,44,38,over,+24000,https://www.basketball-reference.com/leagues/NBA_2018_preseason_odds.html,82,47.70063790438611,over,4.200637904386113,44.0,3.700637904386113,0.5,win,10.0,9.090909090909092,19.090909090909093
Milwaukee Bucks,2017-18,2018,44,38,0.5365854,0.5685384159656401,4,random_forest,47.5,44,38,under,+8000,https://www.basketball-reference.com/leagues/NBA_2018_preseason_odds.html,82,46.62015010918249,under,-0.8798498908175105,44.0,2.6201501091824895,3.5,win,10.0,9.090909090909092,19.090909090909093
Minnesota Timberwolves,2017-18,2018,47,35,0.5731707,0.6573576086584826,4,random_forest,48.5,47,35,under,+5000,https://www.basketball-reference.com/leagues/NBA_2018_preseason_odds.html,82,53.90332390999557,over,5.403323909995571,47.0,6.903323909995571,1.5,loss,10.0,-10.0,0.0
New Orleans Pelicans,2017-18,2018,48,34,0.58536583,0.6226776599522146,4,random_forest,39.5,48,34,over,+22000,https://www.basketball-reference.com/leagues/NBA_2018_preseason_odds.html,82,51.05956811608159,over,11.559568116081593,48.0,3.059568116081593,8.5,win,10.0,9.090909090909092,19.090909090909093
New York Knicks,2017-18,2018,29,53,0.35365853,0.4405797357204552,4,random_forest,30.5,29,53,under,+100000,https://www.basketball-reference.com/leagues/NBA_2018_preseason_odds.html,82,36.127538329077325,over,5.627538329077325,29.0,7.127538329077325,1.5,loss,10.0,-10.0,0.0
Oklahoma City Thunder,2017-18,2018,48,34,0.58536583,0.660591255406426,4,random_forest,53.5,48,34,under,+2150,https://www.basketball-reference.com/leagues/NBA_2018_preseason_odds.html,82,54.168482943326936,over,0.6684829433269357,48.0,6.168482943326936,5.5,loss,10.0,-10.0,0.0
Orlando Magic,2017-18,2018,25,57,0.30487806,0.39103410296918517,4,random_forest,33.5,25,57,under,+250000,https://www.basketball-reference.com/leagues/NBA_2018_preseason_odds.html,82,32.064796443473185,under,-1.4352035565268153,25.0,7.064796443473185,8.5,win,10.0,9.090909090909092,19.090909090909093
Philadelphia 76ers,2017-18,2018,52,30,0.63414633,0.4702074605866276,4,random_forest,39.5,52,30,over,+19000,https://www.basketball-reference.com/leagues/NBA_2018_preseason_odds.html,82,38.557011768103465,under,-0.9429882318965355,52.0,13.442988231896535,12.5,loss,10.0,-10.0,0.0
Phoenix Suns,2017-18,2018,21,61,0.25609756,0.5667073266264769,4,random_forest,28.5,21,61,under,+125000,https://www.basketball-reference.com/leagues/NBA_2018_preseason_odds.html,82,46.470000783371106,over,17.970000783371106,21.0,25.470000783371106,7.5,loss,10.0,-10.0,0.0
Portland Trail Blazers,2017-18,2018,49,33,0.597561,0.5501609596819519,4,random_forest,42.5,49,33,over,+31500,https://www.basketball-reference.com/leagues/NBA_2018_preseason_odds.html,82,45.113198693920054,over,2.6131986939200544,49.0,3.8868013060799456,6.5,win,10.0,9.090909090909092,19.090909090909093
Sacramento Kings,2017-18,2018,27,55,0.3292683,0.4434124796238308,4,random_forest,27.5,27,55,under,+125000,https://www.basketball-reference.com/leagues/NBA_2018_preseason_odds.html,82,36.359823329154125,over,8.859823329154125,27.0,9.359823329154125,0.5,loss,10.0,-10.0,0.0
San Antonio Spurs,2017-18,2018,47,35,0.5731707,0.6117406684230096,4,random_forest,55.0,47,35,under,+1800,https://www.basketball-reference.com/leagues/NBA_2018_preseason_odds.html,82,50.162734810686786,under,-4.837265189313214,47.0,3.1627348106867856,8.0,win,10.0,9.090909090909092,19.090909090909093
Toronto Raptors,2017-18,2018,59,23,0.7195122,0.6324591510204399,4,random_forest,48.5,59,23,over,+15000,https://www.basketball-reference.com/leagues/NBA_2018_preseason_odds.html,82,51.86165038367607,over,3.3616503836760714,59.0,7.138349616323929,10.5,win,10.0,9.090909090909092,19.090909090909093
Utah Jazz,2017-18,2018,48,34,0.58536583,0.482293134543812,4,random_forest,40.5,48,34,over,+25000,https://www.basketball-reference.com/leagues/NBA_2018_preseason_odds.html,82,39.54803703259258,under,-0.9519629674074181,48.0,8.451962967407418,7.5,loss,10.0,-10.0,0.0
Washington Wizards,2017-18,2018,43,39,0.5243902,0.5946885752278824,4,random_forest,48.5,43,39,under,+9000,https://www.basketball-reference.com/leagues/NBA_2018_preseason_odds.html,82,48.76446316868636,over,0.2644631686863619,43.0,5.764463168686362,5.5,loss,10.0,-10.0,0.0
Atlanta Hawks,2018-19,2019,29,53,0.35365853,0.36339145802956263,5,extra_trees,23.5,29,53,over,+150000,https://www.basketball-reference.com/leagues/NBA_2019_preseason_odds.html,82,29.798099558424134,over,6.298099558424134,29.0,0.7980995584241342,5.5,win,10.0,9.090909090909092,19.090909090909093
Boston Celtics,2018-19,2019,49,33,0.597561,0.6931966291294933,5,extra_trees,59.0,49,33,under,+620,https://www.basketball-reference.com/leagues/NBA_2019_preseason_odds.html,82,56.84212358861845,under,-2.157876411381551,49.0,7.842123588618449,10.0,win,10.0,9.090909090909092,19.090909090909093
Brooklyn Nets,2018-19,2019,42,40,0.5121951,0.4789264097275713,5,extra_trees,32.0,42,40,over,+125000,https://www.basketball-reference.com/leagues/NBA_2019_preseason_odds.html,82,39.271965597660845,over,7.271965597660845,42.0,2.728034402339155,10.0,win,10.0,9.090909090909092,19.090909090909093
Charlotte Hornets,2018-19,2019,39,43,0.47560975,0.47837233098467996,5,extra_trees,35.5,39,43,over,+50000,https://www.basketball-reference.com/leagues/NBA_2019_preseason_odds.html,82,39.22653114074376,over,3.7265311407437594,39.0,0.22653114074375935,3.5,win,10.0,9.090909090909092,19.090909090909093
Chicago Bulls,2018-19,2019,22,60,0.2682927,0.4864003594909978,5,extra_trees,30.0,22,60,under,+50000,https://www.basketball-reference.com/leagues/NBA_2019_preseason_odds.html,82,39.88482947826182,over,9.884829478261821,22.0,17.88482947826182,8.0,loss,10.0,-10.0,0.0
Cleveland Cavaliers,2018-19,2019,19,63,0.23170732,0.33792796986371787,5,extra_trees,30.5,19,63,under,+50000,https://www.basketball-reference.com/leagues/NBA_2019_preseason_odds.html,82,27.710093528824864,under,-2.7899064711751365,19.0,8.710093528824864,11.5,win,10.0,9.090909090909092,19.090909090909093
Dallas Mavericks,2018-19,2019,33,49,0.40243903,0.5039725365996233,5,extra_trees,35.5,33,49,under,+35000,https://www.basketball-reference.com/leagues/NBA_2019_preseason_odds.html,82,41.32574800116911,over,5.82574800116911,33.0,8.32574800116911,2.5,loss,10.0,-10.0,0.0
Denver Nuggets,2018-19,2019,54,28,0.6585366,0.5478566806765964,5,extra_trees,47.5,54,28,over,+20000,https://www.basketball-reference.com/leagues/NBA_2019_preseason_odds.html,82,44.92424781548091,under,-2.5757521845190894,54.0,9.07575218451909,6.5,loss,10.0,-10.0,0.0
Detroit Pistons,2018-19,2019,41,41,0.5,0.535608755711573,5,extra_trees,38.5,41,41,over,+35000,https://www.basketball-reference.com/leagues/NBA_2019_preseason_odds.html,82,43.91991796834898,over,5.419917968348983,41.0,2.919917968348983,2.5,win,10.0,9.090909090909092,19.090909090909093
Golden State Warriors,2018-19,2019,57,25,0.69512194,0.658344746819497,5,extra_trees,62.5,57,25,under,-168,https://www.basketball-reference.com/leagues/NBA_2019_preseason_odds.html,82,53.98426923919875,under,-8.515730760801247,57.0,3.0157307608012474,5.5,win,10.0,9.090909090909092,19.090909090909093
Houston Rockets,2018-19,2019,53,29,0.64634144,0.6787560923650993,5,extra_trees,56.5,53,29,under,+1000,https://www.basketball-reference.com/leagues/NBA_2019_preseason_odds.html,82,55.65799957393814,under,-0.8420004260618583,53.0,2.6579995739381417,3.5,win,10.0,9.090909090909092,19.090909090909093
Indiana Pacers,2018-19,2019,48,34,0.58536583,0.54737629616775,5,extra_trees,47.5,48,34,over,+12500,https://www.basketball-reference.com/leagues/NBA_2019_preseason_odds.html,82,44.8848562857555,under,-2.6151437142445033,48.0,3.1151437142445033,0.5,loss,10.0,-10.0,0.0
Los Angeles Clippers,2018-19,2019,48,34,0.58536583,0.3754922464270513,5,extra_trees,37.0,48,34,over,+40000,https://www.basketball-reference.com/leagues/NBA_2019_preseason_odds.html,82,30.790364207018207,under,-6.209635792981793,48.0,17.209635792981793,11.0,loss,10.0,-10.0,0.0
Los Angeles Lakers,2018-19,2019,37,45,0.4512195,0.4934680092013672,5,extra_trees,48.5,37,45,under,+1800,https://www.basketball-reference.com/leagues/NBA_2019_preseason_odds.html,82,40.46437675451211,under,-8.03562324548789,37.0,3.4643767545121094,11.5,win,10.0,9.090909090909092,19.090909090909093
Memphis Grizzlies,2018-19,2019,33,49,0.40243903,0.5901949391187112,5,extra_trees,34.5,33,49,under,+65000,https://www.basketball-reference.com/leagues/NBA_2019_preseason_odds.html,82,48.395985007734325,over,13.895985007734325,33.0,15.395985007734325,1.5,loss,10.0,-10.0,0.0
Miami Heat,2018-19,2019,39,43,0.47560975,0.5949105522326572,5,extra_trees,43.0,39,43,under,+35000,https://www.basketball-reference.com/leagues/NBA_2019_preseason_odds.html,82,48.78266528307789,over,5.78266528307789,39.0,9.78266528307789,4.0,loss,10.0,-10.0,0.0
Milwaukee Bucks,2018-19,2019,60,22,0.73170733,0.6148131620092389,5,extra_trees,48.0,60,22,over,+10000,https://www.basketball-reference.com/leagues/NBA_2019_preseason_odds.html,82,50.41467928475759,over,2.4146792847575895,60.0,9.58532071524241,12.0,win,10.0,9.090909090909092,19.090909090909093
Minnesota Timberwolves,2018-19,2019,36,46,0.4390244,0.6100171422448973,5,extra_trees,41.5,36,46,under,+25000,https://www.basketball-reference.com/leagues/NBA_2019_preseason_odds.html,82,50.021405664081584,over,8.521405664081584,36.0,14.021405664081584,5.5,loss,10.0,-10.0,0.0
New Orleans Pelicans,2018-19,2019,33,49,0.40243903,0.5628966066469304,5,extra_trees,45.5,33,49,under,+10000,https://www.basketball-reference.com/leagues/NBA_2019_preseason_odds.html,82,46.15752174504829,over,0.6575217450482924,33.0,13.157521745048292,12.5,loss,10.0,-10.0,0.0
New York Knicks,2018-19,2019,17,65,0.20731707,0.37162965996493275,5,extra_trees,28.5,17,65,under,+35000,https://www.basketball-reference.com/leagues/NBA_2019_preseason_odds.html,82,30.473632117124485,over,1.9736321171244846,17.0,13.473632117124485,11.5,loss,10.0,-10.0,0.0
Oklahoma City Thunder,2018-19,2019,49,33,0.597561,0.6214784238945251,5,extra_trees,48.5,49,33,over,+3800,https://www.basketball-reference.com/leagues/NBA_2019_preseason_odds.html,82,50.96123075935106,over,2.4612307593510607,49.0,1.9612307593510607,0.5,win,10.0,9.090909090909092,19.090909090909093
Orlando Magic,2018-19,2019,42,40,0.5121951,0.5035614194017197,5,extra_trees,31.0,42,40,over,+75000,https://www.basketball-reference.com/leagues/NBA_2019_preseason_odds.html,82,41.292036390941014,over,10.292036390941014,42.0,0.7079636090589858,11.0,win,10.0,9.090909090909092,19.090909090909093
Philadelphia 76ers,2018-19,2019,51,31,0.6219512,0.5918982651325041,5,extra_trees,53.5,51,31,under,+2000,https://www.basketball-reference.com/leagues/NBA_2019_preseason_odds.html,82,48.53565774086534,under,-4.964342259134661,51.0,2.4643422591346607,2.5,win,10.0,9.090909090909092,19.090909090909093
Phoenix Suns,2018-19,2019,19,63,0.23170732,0.5009867166714538,5,extra_trees,29.0,19,63,under,+75000,https://www.basketball-reference.com/leagues/NBA_2019_preseason_odds.html,82,41.08091076705921,over,12.080910767059208,19.0,22.08091076705921,10.0,loss,10.0,-10.0,0.0
Portland Trail Blazers,2018-19,2019,53,29,0.64634144,0.5862093566231414,5,extra_trees,42.0,53,29,over,+30000,https://www.basketball-reference.com/leagues/NBA_2019_preseason_odds.html,82,48.069167243097596,over,6.069167243097596,53.0,4.930832756902404,11.0,win,10.0,9.090909090909092,19.090909090909093
Sacramento Kings,2018-19,2019,39,43,0.47560975,0.4678876031531263,5,extra_trees,26.0,39,43,over,+200000,https://www.basketball-reference.com/leagues/NBA_2019_preseason_odds.html,82,38.366783458556355,over,12.366783458556355,39.0,0.6332165414436446,13.0,win,10.0,9.090909090909092,19.090909090909093
San Antonio Spurs,2018-19,2019,48,34,0.58536583,0.557064744407514,5,extra_trees,43.5,48,34,over,+10000,https://www.basketball-reference.com/leagues/NBA_2019_preseason_odds.html,82,45.67930904141615,over,2.179309041416147,48.0,2.320690958583853,4.5,win,10.0,9.090909090909092,19.090909090909093
Toronto Raptors,2018-19,2019,58,24,0.70731705,0.601584332982057,5,extra_trees,55.5,58,24,over,+1850,https://www.basketball-reference.com/leagues/NBA_2019_preseason_odds.html,82,49.329915304528676,under,-6.170084695471324,58.0,8.670084695471324,2.5,loss,10.0,-10.0,0.0
Utah Jazz,2018-19,2019,50,32,0.6097561,0.5870820307375383,5,extra_trees,49.5,50,32,over,+10000,https://www.basketball-reference.com/leagues/NBA_2019_preseason_odds.html,82,48.14072652047814,under,-1.3592734795218604,50.0,1.8592734795218604,0.5,loss,10.0,-10.0,0.0
Washington Wizards,2018-19,2019,32,50,0.3902439,0.5457935764575969,5,extra_trees,45.5,32,50,under,+11000,https://www.basketball-reference.com/leagues/NBA_2019_preseason_odds.html,82,44.75507326952294,under,-0.7449267304770615,32.0,12.755073269522939,13.5,win,10.0,9.090909090909092,19.090909090909093
Atlanta Hawks,2019-20,2020,20,47,0.29850745,0.4866561825724302,6,elastic_net,33.5,20,47,under,+25000,https://www.basketball-reference.com/leagues/NBA_2020_preseason_odds.html,82,39.905806970939274,over,6.405806970939274,24.477610900000002,15.428196070939272,9.022389099999998,void,10.0,0.0,10.0
Boston Celtics,2019-20,2020,48,24,0.6666667,0.4397542024308156,6,elastic_net,48.5,48,24,under,+2900,https://www.basketball-reference.com/leagues/NBA_2020_preseason_odds.html,82,36.05984459932688,under,-12.44015540067312,54.666669399999996,18.606824800673117,6.166669399999996,void,10.0,0.0,10.0
Brooklyn Nets,2019-20,2020,35,37,0.4861111,0.5535559942115219,6,elastic_net,43.5,35,37,under,+5500,https://www.basketball-reference.com/leagues/NBA_2020_preseason_odds.html,82,45.39159152534479,over,1.8915915253447935,39.8611102,5.530481325344795,3.638889800000001,void,10.0,0.0,10.0
Charlotte Hornets,2019-20,2020,23,42,0.35384616,0.33540054778696077,6,elastic_net,23.5,23,42,under,+200000,https://www.basketball-reference.com/leagues/NBA_2020_preseason_odds.html,82,27.502844918530784,over,4.0028449185307835,29.01538512,1.5125402014692177,5.515385120000001,void,10.0,0.0,10.0
Chicago Bulls,2019-20,2020,22,43,0.33846155,0.4721703219927337,6,elastic_net,33.5,22,43,under,+42500,https://www.basketball-reference.com/leagues/NBA_2020_preseason_odds.html,82,38.71796640340416,over,5.217966403404162,27.7538471,10.96411930340416,5.7461528999999985,void,10.0,0.0,10.0
Cleveland Cavaliers,2019-20,2020,19,46,0.2923077,0.47865509097698594,6,elastic_net,24.5,19,46,under,+150000,https://www.basketball-reference.com/leagues/NBA_2020_preseason_odds.html,82,39.24971746011285,over,14.749717460112848,23.9692314,15.280486060112846,0.5307685999999983,void,10.0,0.0,10.0
Dallas Mavericks,2019-20,2020,43,32,0.5733333,0.5787186065981451,6,elastic_net,40.5,43,32,over,+10500,https://www.basketball-reference.com/leagues/NBA_2020_preseason_odds.html,82,47.4549257410479,over,6.9549257410479015,47.0133306,0.4415951410478982,6.513330600000003,void,10.0,0.0,10.0
Denver Nuggets,2019-20,2020,46,27,0.63013697,0.5403997389040265,6,elastic_net,53.0,46,27,under,+2000,https://www.basketball-reference.com/leagues/NBA_2020_preseason_odds.html,82,44.31277859013017,under,-8.687221409869828,51.67123154,7.358452949869829,1.3287684599999992,void,10.0,0.0,10.0
Detroit Pistons,2019-20,2020,20,46,0.3030303,0.46763878207445386,6,elastic_net,37.5,20,46,under,+25000,https://www.basketball-reference.com/leagues/NBA_2020_preseason_odds.html,82,38.34638013010522,over,0.8463801301052172,24.8484846,13.497895530105218,12.651515400000001,void,10.0,0.0,10.0
Golden State Warriors,2019-20,2020,15,50,0.23076923,0.6311073867487503,6,elastic_net,47.5,15,50,under,+950,https://www.basketball-reference.com/leagues/NBA_2020_preseason_odds.html,82,51.750805713397526,over,4.250805713397526,18.92307686,32.82772885339753,28.57692314,void,10.0,0.0,10.0
Houston Rockets,2019-20,2020,44,28,0.6111111,0.7088369245861701,6,elastic_net,54.0,44,28,under,+700,https://www.basketball-reference.com/leagues/NBA_2020_preseason_odds.html,82,58.124627816065946,over,4.124627816065946,50.1111102,8.013517616065947,3.888889800000001,void,10.0,0.0,10.0
Indiana Pacers,2019-20,2020,45,28,0.6164383,0.527371036800112,6,elastic_net,46.5,45,28,under,+5000,https://www.basketball-reference.com/leagues/NBA_2020_preseason_odds.html,82,43.24442501760918,under,-3.2555749823908187,50.5479406,7.3035155823908156,4.047940599999997,void,10.0,0.0,10.0
Los Angeles Clippers,2019-20,2020,49,23,0.6805556,0.7689739273240375,6,elastic_net,53.5,49,23,under,+425,https://www.basketball-reference.com/leagues/NBA_2020_preseason_odds.html,82,63.05586204057107,over,9.555862040571071,55.805559200000005,7.2503028405710666,2.3055592000000047,void,10.0,0.0,10.0
Los Angeles Lakers,2019-20,2020,52,19,0.73239434,0.691823606976665,6,elastic_net,50.5,52,19,over,+450,https://www.basketball-reference.com/leagues/NBA_2020_preseason_odds.html,82,56.72953577208653,over,6.229535772086528,60.056335880000006,3.3268001079134777,9.556335880000006,void,10.0,0.0,10.0
Memphis Grizzlies,2019-20,2020,34,39,0.46575344,0.43352998387335223,6,elastic_net,27.5,34,39,over,+100000,https://www.basketball-reference.com/leagues/NBA_2020_preseason_odds.html,82,35.549458677614886,over,8.049458677614886,38.19178208,2.6423234023851165,10.691782080000003,void,10.0,0.0,10.0
Miami Heat,2019-20,2020,44,29,0.60273975,0.4354442700036528,6,elastic_net,43.5,44,29,over,+6000,https://www.basketball-reference.com/leagues/NBA_2020_preseason_odds.html,82,35.70643014029953,under,-7.793569859700469,49.424659500000004,13.718229359700473,5.924659500000004,void,10.0,0.0,10.0
Milwaukee Bucks,2019-20,2020,56,17,0.7671233,0.681939722261397,6,elastic_net,57.5,56,17,under,+550,https://www.basketball-reference.com/leagues/NBA_2020_preseason_odds.html,82,55.91905722543455,under,-1.5809427745654503,62.904110599999996,6.985053374565446,5.404110599999996,void,10.0,0.0,10.0
Minnesota Timberwolves,2019-20,2020,19,45,0.296875,0.5650486434144122,6,elastic_net,35.5,19,45,under,+50000,https://www.basketball-reference.com/leagues/NBA_2020_preseason_odds.html,82,46.3339887599818,over,10.8339887599818,24.34375,21.9902387599818,11.15625,void,10.0,0.0,10.0
New Orleans Pelicans,2019-20,2020,30,42,0.41666666,0.49267503876548097,6,elastic_net,37.5,30,42,under,+12500,https://www.basketball-reference.com/leagues/NBA_2020_preseason_odds.html,82,40.39935317876944,over,2.899353178769438,34.16666612,6.232687058769436,3.333333879999998,void,10.0,0.0,10.0
New York Knicks,2019-20,2020,21,45,0.3181818,0.43286413983624106,6,elastic_net,26.5,21,45,under,+100000,https://www.basketball-reference.com/leagues/NBA_2020_preseason_odds.html,82,35.49485946657177,over,8.994859466571768,26.0909076,9.403951866571767,0.4090923999999987,void,10.0,0.0,10.0
Oklahoma City Thunder,2019-20,2020,44,28,0.6111111,0.5402086546844777,6,elastic_net,32.5,44,28,over,+25000,https://www.basketball-reference.com/leagues/NBA_2020_preseason_odds.html,82,44.297109684127165,over,11.797109684127165,50.1111102,5.814000515872834,17.6111102,void,10.0,0.0,10.0
Orlando Magic,2019-20,2020,33,40,0.4520548,0.4783697365362561,6,elastic_net,41.5,33,40,under,+20000,https://www.basketball-reference.com/leagues/NBA_2020_preseason_odds.html,82,39.226318395972996,under,-2.2736816040270043,37.0684936,2.1578247959729993,4.4315064000000035,void,10.0,0.0,10.0
Philadelphia 76ers,2019-20,2020,43,30,0.5890411,0.6230186538845176,6,elastic_net,54.5,43,30,under,+775,https://www.basketball-reference.com/leagues/NBA_2020_preseason_odds.html,82,51.087529618530446,under,-3.4124703814695536,48.3013702,2.7861594185304455,6.198629799999999,void,10.0,0.0,10.0
Phoenix Suns,2019-20,2020,34,39,0.46575344,0.365960734387237,6,elastic_net,29.5,34,39,over,+50000,https://www.basketball-reference.com/leagues/NBA_2020_preseason_odds.html,82,30.008780219753433,over,0.508780219753433,38.19178208,8.18300186024657,8.691782080000003,void,10.0,0.0,10.0
Portland Trail Blazers,2019-20,2020,35,39,0.47297296,0.6133434757139108,6,elastic_net,46.5,35,39,under,+3500,https://www.basketball-reference.com/leagues/NBA_2020_preseason_odds.html,82,50.29416500854069,over,3.7941650085406877,38.78378272,11.51038228854069,7.716217280000002,void,10.0,0.0,10.0
Sacramento Kings,2019-20,2020,31,41,0.43055555,0.553903064382325,6,elastic_net,37.5,31,41,under,+15000,https://www.basketball-reference.com/leagues/NBA_2020_preseason_odds.html,82,45.420051279350645,over,7.920051279350645,35.3055551,10.114496179350645,2.1944449000000006,void,10.0,0.0,10.0
San Antonio Spurs,2019-20,2020,32,39,0.45070422,0.5105930997480239,6,elastic_net,46.5,32,39,under,+6000,https://www.basketball-reference.com/leagues/NBA_2020_preseason_odds.html,82,41.86863417933796,under,-4.63136582066204,36.957746039999996,4.910888139337963,9.542253960000004,void,10.0,0.0,10.0
Toronto Raptors,2019-20,2020,53,19,0.7361111,0.5915965011150217,6,elastic_net,46.5,53,19,over,+5500,https://www.basketball-reference.com/leagues/NBA_2020_preseason_odds.html,82,48.51091309143178,over,2.0109130914317817,60.3611102,11.850197108568217,13.861110199999999,void,10.0,0.0,10.0
Utah Jazz,2019-20,2020,44,28,0.6111111,0.6515527157504498,6,elastic_net,53.5,44,28,under,+1300,https://www.basketball-reference.com/leagues/NBA_2020_preseason_odds.html,82,53.42732269153689,under,-0.07267730846311338,50.1111102,3.316212491536888,3.388889800000001,void,10.0,0.0,10.0
Washington Wizards,2019-20,2020,25,47,0.3472222,0.34489722253792143,6,elastic_net,27.0,25,47,under,+125000,https://www.basketball-reference.com/leagues/NBA_2020_preseason_odds.html,82,28.28157224810956,over,1.2815722481095584,28.472220399999998,0.19064815189043927,1.4722203999999977,void,10.0,0.0,10.0
Atlanta Hawks,2020-21,2021,41,31,0.5694444,0.548034730972982,7,elastic_net,34.5,41,31,over,+10000,https://www.basketball-reference.com/leagues/NBA_2021_preseason_odds.html,72,39.45850063005471,over,4.958500630054708,41.0,1.5414993699452921,6.5,win,10.0,9.090909090909092,19.090909090909093
Boston Celtics,2020-21,2021,36,36,0.5,0.5967206556313809,7,elastic_net,44.5,36,36,under,+1400,https://www.basketball-reference.com/leagues/NBA_2021_preseason_odds.html,72,42.96388720545942,under,-1.5361127945405784,36.0,6.963887205459422,8.5,win,10.0,9.090909090909092,19.090909090909093
Brooklyn Nets,2020-21,2021,48,24,0.6666667,0.7325716569933113,7,elastic_net,45.5,48,24,over,+600,https://www.basketball-reference.com/leagues/NBA_2021_preseason_odds.html,72,52.74515930351841,over,7.245159303518413,48.0,4.745159303518413,2.5,win,10.0,9.090909090909092,19.090909090909093
Charlotte Hornets,2020-21,2021,33,39,0.45833334,0.49019921256556365,7,elastic_net,26.5,33,39,over,+25000,https://www.basketball-reference.com/leagues/NBA_2021_preseason_odds.html,72,35.294343304720584,over,8.794343304720584,33.0,2.2943433047205843,6.5,win,10.0,9.090909090909092,19.090909090909093
Chicago Bulls,2020-21,2021,31,41,0.43055555,0.5169607137556801,7,elastic_net,29.5,31,41,over,+25000,https://www.basketball-reference.com/leagues/NBA_2021_preseason_odds.html,72,37.22117139040897,over,7.721171390408969,31.0,6.221171390408969,1.5,win,10.0,9.090909090909092,19.090909090909093
Cleveland Cavaliers,2020-21,2021,22,50,0.30555555,0.4753817647399307,7,elastic_net,22.5,22,50,under,+50000,https://www.basketball-reference.com/leagues/NBA_2021_preseason_odds.html,72,34.22748706127501,over,11.727487061275014,22.0,12.227487061275014,0.5,loss,10.0,-10.0,0.0
Dallas Mavericks,2020-21,2021,42,30,0.5833333,0.5397024285881926,7,elastic_net,42.5,42,30,under,+2500,https://www.basketball-reference.com/leagues/NBA_2021_preseason_odds.html,72,38.85857485834987,under,-3.6414251416501315,42.0,3.1414251416501315,0.5,win,10.0,9.090909090909092,19.090909090909093
Denver Nuggets,2020-21,2021,47,25,0.6527778,0.5367800933109785,7,elastic_net,44.5,47,25,over,+1800,https://www.basketball-reference.com/leagues/NBA_2021_preseason_odds.html,72,38.648166718390456,under,-5.851833281609544,47.0,8.351833281609544,2.5,loss,10.0,-10.0,0.0
Detroit Pistons,2020-21,2021,20,52,0.2777778,0.4176011521588641,7,elastic_net,23.5,20,52,under,+50000,https://www.basketball-reference.com/leagues/NBA_2021_preseason_odds.html,72,30.067282955438216,over,6.567282955438216,20.0,10.067282955438216,3.5,loss,10.0,-10.0,0.0
Golden State Warriors,2020-21,2021,39,33,0.5416667,0.5150017387709813,7,elastic_net,37.5,39,33,over,+2500,https://www.basketball-reference.com/leagues/NBA_2021_preseason_odds.html,72,37.08012519151065,under,-0.41987480848934666,39.0,1.9198748084893467,1.5,loss,10.0,-10.0,0.0
Houston Rockets,2020-21,2021,17,55,0.2361111,0.57539039840665,7,elastic_net,34.5,17,55,under,+5000,https://www.basketball-reference.com/leagues/NBA_2021_preseason_odds.html,72,41.4281086852788,over,6.928108685278801,17.0,24.4281086852788,17.5,loss,10.0,-10.0,0.0
Indiana Pacers,2020-21,2021,34,38,0.4722222,0.538357365468482,7,elastic_net,38.5,34,38,under,+10000,https://www.basketball-reference.com/leagues/NBA_2021_preseason_odds.html,72,38.7617303137307,over,0.2617303137307019,34.0,4.761730313730702,4.5,loss,10.0,-10.0,0.0
Los Angeles Clippers,2020-21,2021,47,25,0.6527778,0.6311443134225838,7,elastic_net,46.5,47,25,over,+650,https://www.basketball-reference.com/leagues/NBA_2021_preseason_odds.html,72,45.442390566426035,under,-1.0576094335739654,47.0,1.5576094335739654,0.5,loss,10.0,-10.0,0.0
Los Angeles Lakers,2020-21,2021,42,30,0.5833333,0.6688553046624934,7,elastic_net,47.5,42,30,under,+275,https://www.basketball-reference.com/leagues/NBA_2021_preseason_odds.html,72,48.157581935699525,over,0.6575819356995254,42.0,6.157581935699525,5.5,loss,10.0,-10.0,0.0
Memphis Grizzlies,2020-21,2021,38,34,0.5277778,0.5147316980988835,7,elastic_net,31.5,38,34,over,+15000,https://www.basketball-reference.com/leagues/NBA_2021_preseason_odds.html,72,37.06068226311962,over,5.560682263119617,38.0,0.9393177368803833,6.5,win,10.0,9.090909090909092,19.090909090909093
Miami Heat,2020-21,2021,40,32,0.5555556,0.5129115992452118,7,elastic_net,43.5,40,32,under,+1800,https://www.basketball-reference.com/leagues/NBA_2021_preseason_odds.html,72,36.92963514565525,under,-6.570364854344753,40.0,3.070364854344753,3.5,win,10.0,9.090909090909092,19.090909090909093
Milwaukee Bucks,2020-21,2021,46,26,0.6388889,0.6312857843336145,7,elastic_net,49.5,46,26,under,+550,https://www.basketball-reference.com/leagues/NBA_2021_preseason_odds.html,72,45.45257647202024,under,-4.04742352797976,46.0,0.5474235279797597,3.5,win,10.0,9.090909090909092,19.090909090909093
Minnesota Timberwolves,2020-21,2021,23,49,0.31944445,0.4884276559522292,7,elastic_net,29.5,23,49,under,+20000,https://www.basketball-reference.com/leagues/NBA_2021_preseason_odds.html,72,35.166791228560506,over,5.6667912285605055,23.0,12.166791228560506,6.5,loss,10.0,-10.0,0.0
New Orleans Pelicans,2020-21,2021,31,41,0.43055555,0.5622840957435273,7,elastic_net,36.5,31,41,under,+6500,https://www.basketball-reference.com/leagues/NBA_2021_preseason_odds.html,72,40.484454893533965,over,3.9844548935339645,31.0,9.484454893533965,5.5,loss,10.0,-10.0,0.0
New York Knicks,2020-21,2021,41,31,0.5694444,0.4027738486354179,7,elastic_net,21.5,41,31,over,+50000,https://www.basketball-reference.com/leagues/NBA_2021_preseason_odds.html,72,28.999717101750086,over,7.499717101750086,41.0,12.000282898249914,19.5,win,10.0,9.090909090909092,19.090909090909093
Oklahoma City Thunder,2020-21,2021,22,50,0.30555555,0.34612250778889275,7,elastic_net,22.5,22,50,under,+20000,https://www.basketball-reference.com/leagues/NBA_2021_preseason_odds.html,72,24.92082056080028,over,2.42082056080028,22.0,2.92082056080028,0.5,loss,10.0,-10.0,0.0
Orlando Magic,2020-21,2021,21,51,0.29166666,0.46783485121553603,7,elastic_net,31.5,21,51,under,+20000,https://www.basketball-reference.com/leagues/NBA_2021_preseason_odds.html,72,33.684109287518595,over,2.184109287518595,21.0,12.684109287518595,10.5,loss,10.0,-10.0,0.0
Philadelphia 76ers,2020-21,2021,49,23,0.6805556,0.5289629055112778,7,elastic_net,43.5,49,23,over,+2000,https://www.basketball-reference.com/leagues/NBA_2021_preseason_odds.html,72,38.085329196812,under,-5.414670803188002,49.0,10.914670803188002,5.5,loss,10.0,-10.0,0.0
Phoenix Suns,2020-21,2021,51,21,0.7083333,0.5750479967851626,7,elastic_net,38.5,51,21,over,+4000,https://www.basketball-reference.com/leagues/NBA_2021_preseason_odds.html,72,41.40345576853171,over,2.903455768531707,51.0,9.596544231468293,12.5,win,10.0,9.090909090909092,19.090909090909093
Portland Trail Blazers,2020-21,2021,42,30,0.5833333,0.5188669727489269,7,elastic_net,40.5,42,30,over,+4000,https://www.basketball-reference.com/leagues/NBA_2021_preseason_odds.html,72,37.358422037922736,under,-3.141577962077264,42.0,4.641577962077264,1.5,loss,10.0,-10.0,0.0
Sacramento Kings,2020-21,2021,31,41,0.43055555,0.5132256291487909,7,elastic_net,28.5,31,41,over,+25000,https://www.basketball-reference.com/leagues/NBA_2021_preseason_odds.html,72,36.952245298712945,over,8.452245298712945,31.0,5.9522452987129455,2.5,win,10.0,9.090909090909092,19.090909090909093
San Antonio Spurs,2020-21,2021,33,39,0.45833334,0.4586150447493884,7,elastic_net,28.5,33,39,over,+25000,https://www.basketball-reference.com/leagues/NBA_2021_preseason_odds.html,72,33.020283221955964,over,4.520283221955964,33.0,0.02028322195596388,4.5,win,10.0,9.090909090909092,19.090909090909093
Toronto Raptors,2020-21,2021,27,45,0.375,0.5896218829305354,7,elastic_net,42.5,27,45,under,+3000,https://www.basketball-reference.com/leagues/NBA_2021_preseason_odds.html,72,42.45277557099855,under,-0.04722442900145296,27.0,15.452775570998547,15.5,win,10.0,9.090909090909092,19.090909090909093
Utah Jazz,2020-21,2021,52,20,0.7222222,0.5525611481552994,7,elastic_net,41.5,52,20,over,+4000,https://www.basketball-reference.com/leagues/NBA_2021_preseason_odds.html,72,39.78440266718156,under,-1.7155973328184402,52.0,12.21559733281844,10.5,loss,10.0,-10.0,0.0
Washington Wizards,2020-21,2021,34,38,0.4722222,0.6028127221829886,7,elastic_net,32.5,34,38,over,+10000,https://www.basketball-reference.com/leagues/NBA_2021_preseason_odds.html,72,43.402515997175186,over,10.902515997175186,34.0,9.402515997175186,1.5,win,10.0,9.090909090909092,19.090909090909093
Atlanta Hawks,2021-22,2022,43,39,0.5243902,0.6252338275826814,8,elastic_net,47.5,43,39,under,+3500,https://www.basketball-reference.com/leagues/NBA_2022_preseason_odds.html,82,51.269173861779876,over,3.7691738617798762,43.0,8.269173861779876,4.5,loss,10.0,-10.0,0.0
Boston Celtics,2021-22,2022,51,31,0.6219512,0.4661540299997668,8,elastic_net,45.5,51,31,over,+4000,https://www.basketball-reference.com/leagues/NBA_2022_preseason_odds.html,82,38.22463045998088,under,-7.2753695400191205,51.0,12.77536954001912,5.5,loss,10.0,-10.0,0.0
Brooklyn Nets,2021-22,2022,44,38,0.5365854,0.7175432789206688,8,elastic_net,56.5,44,38,under,+240,https://www.basketball-reference.com/leagues/NBA_2022_preseason_odds.html,82,58.838548871494844,over,2.3385488714948437,44.0,14.838548871494844,12.5,loss,10.0,-10.0,0.0
Charlotte Hornets,2021-22,2022,43,39,0.5243902,0.5562921172701567,8,elastic_net,38.5,43,39,over,+10000,https://www.basketball-reference.com/leagues/NBA_2022_preseason_odds.html,82,45.61595361615285,over,7.115953616152851,43.0,2.6159536161528507,4.5,win,10.0,9.090909090909092,19.090909090909093
Chicago Bulls,2021-22,2022,46,36,0.5609756,0.5902593981054639,8,elastic_net,42.5,46,36,over,+6600,https://www.basketball-reference.com/leagues/NBA_2022_preseason_odds.html,82,48.401270644648044,over,5.901270644648044,46.0,2.4012706446480436,3.5,win,10.0,9.090909090909092,19.090909090909093
Cleveland Cavaliers,2021-22,2022,44,38,0.5365854,0.4636093539434945,8,elastic_net,26.5,44,38,over,+50000,https://www.basketball-reference.com/leagues/NBA_2022_preseason_odds.html,82,38.01596702336655,over,11.51596702336655,44.0,5.984032976633451,17.5,win,10.0,9.090909090909092,19.090909090909093
Dallas Mavericks,2021-22,2022,52,30,0.63414633,0.5334580354564976,8,elastic_net,48.5,52,30,over,+3000,https://www.basketball-reference.com/leagues/NBA_2022_preseason_odds.html,82,43.743558907432806,under,-4.756441092567194,52.0,8.256441092567194,3.5,loss,10.0,-10.0,0.0
Denver Nuggets,2021-22,2022,48,34,0.58536583,0.4914230988837975,8,elastic_net,47.5,48,34,over,+2200,https://www.basketball-reference.com/leagues/NBA_2022_preseason_odds.html,82,40.29669410847139,under,-7.203305891528608,48.0,7.703305891528608,0.5,loss,10.0,-10.0,0.0
Detroit Pistons,2021-22,2022,23,59,0.2804878,0.4007180040154029,8,elastic_net,24.5,23,59,under,+50000,https://www.basketball-reference.com/leagues/NBA_2022_preseason_odds.html,82,32.85887632926304,over,8.35887632926304,23.0,9.85887632926304,1.5,loss,10.0,-10.0,0.0
Golden State Warriors,2021-22,2022,53,29,0.64634144,0.5755386083070626,8,elastic_net,48.5,53,29,over,+900,https://www.basketball-reference.com/leagues/NBA_2022_preseason_odds.html,82,47.19416588117913,under,-1.3058341188208686,53.0,5.805834118820869,4.5,loss,10.0,-10.0,0.0
Houston Rockets,2021-22,2022,20,62,0.24390244,0.4187172611720277,8,elastic_net,27.5,20,62,under,+50000,https://www.basketball-reference.com/leagues/NBA_2022_preseason_odds.html,82,34.33481541610627,over,6.834815416106267,20.0,14.334815416106267,7.5,loss,10.0,-10.0,0.0
Indiana Pacers,2021-22,2022,25,57,0.30487806,0.4888311489144684,8,elastic_net,42.5,25,57,under,+10000,https://www.basketball-reference.com/leagues/NBA_2022_preseason_odds.html,82,40.084154210986405,under,-2.415845789013595,25.0,15.084154210986405,17.5,win,10.0,9.090909090909092,19.090909090909093
Los Angeles Clippers,2021-22,2022,42,40,0.5121951,0.4709933564774415,8,elastic_net,45.5,42,40,under,+1600,https://www.basketball-reference.com/leagues/NBA_2022_preseason_odds.html,82,38.6214552311502,under,-6.8785447688498,42.0,3.3785447688497996,3.5,win,10.0,9.090909090909092,19.090909090909093
Los Angeles Lakers,2021-22,2022,33,49,0.40243903,0.6457718227504519,8,elastic_net,52.5,33,49,under,+400,https://www.basketball-reference.com/leagues/NBA_2022_preseason_odds.html,82,52.953289465537054,over,0.45328946553705407,33.0,19.953289465537054,19.5,loss,10.0,-10.0,0.0
Memphis Grizzlies,2021-22,2022,56,26,0.68292683,0.5319483216920591,8,elastic_net,41.5,56,26,over,+10000,https://www.basketball-reference.com/leagues/NBA_2022_preseason_odds.html,82,43.619762378748845,over,2.1197623787488453,56.0,12.380237621251155,14.5,win,10.0,9.090909090909092,19.090909090909093
Miami Heat,2021-22,2022,53,29,0.64634144,0.5485083086811715,8,elastic_net,48.5,53,29,over,+2500,https://www.basketball-reference.com/leagues/NBA_2022_preseason_odds.html,82,44.97768131185607,under,-3.5223186881439332,53.0,8.022318688143933,4.5,loss,10.0,-10.0,0.0
Milwaukee Bucks,2021-22,2022,51,31,0.6219512,0.635851170081046,8,elastic_net,54.5,51,31,under,+900,https://www.basketball-reference.com/leagues/NBA_2022_preseason_odds.html,82,52.13979594664577,under,-2.360204053354231,51.0,1.1397959466457692,3.5,win,10.0,9.090909090909092,19.090909090909093
Minnesota Timberwolves,2021-22,2022,46,36,0.5609756,0.48091922442334556,8,elastic_net,35.5,46,36,over,+25000,https://www.basketball-reference.com/leagues/NBA_2022_preseason_odds.html,82,39.43537640271433,over,3.9353764027143328,46.0,6.564623597285667,10.5,win,10.0,9.090909090909092,19.090909090909093
New Orleans Pelicans,2021-22,2022,36,46,0.4390244,0.5663078680716971,8,elastic_net,39.5,36,46,under,+10000,https://www.basketball-reference.com/leagues/NBA_2022_preseason_odds.html,82,46.43724518187916,over,6.937245181879163,36.0,10.437245181879163,3.5,loss,10.0,-10.0,0.0
New York Knicks,2021-22,2022,37,45,0.4512195,0.5803987325660696,8,elastic_net,41.5,37,45,under,+8000,https://www.basketball-reference.com/leagues/NBA_2022_preseason_odds.html,82,47.5926960704177,over,6.092696070417702,37.0,10.592696070417702,4.5,loss,10.0,-10.0,0.0
Oklahoma City Thunder,2021-22,2022,24,58,0.29268292,0.4391660348322196,8,elastic_net,23.5,24,58,over,+50000,https://www.basketball-reference.com/leagues/NBA_2022_preseason_odds.html,82,36.011614856242005,over,12.511614856242005,24.0,12.011614856242005,0.5,win,10.0,9.090909090909092,19.090909090909093
Orlando Magic,2021-22,2022,22,60,0.2682927,0.3667829299719185,8,elastic_net,22.5,22,60,under,+50000,https://www.basketball-reference.com/leagues/NBA_2022_preseason_odds.html,82,30.07620025769732,over,7.5762002576973195,22.0,8.07620025769732,0.5,loss,10.0,-10.0,0.0
Philadelphia 76ers,2021-22,2022,51,31,0.6219512,0.6411916901556676,8,elastic_net,50.5,51,31,over,+1600,https://www.basketball-reference.com/leagues/NBA_2022_preseason_odds.html,82,52.57771859276474,over,2.0777185927647395,51.0,1.5777185927647395,0.5,win,10.0,9.090909090909092,19.090909090909093
Phoenix Suns,2021-22,2022,64,18,0.7804878,0.6477542413394388,8,elastic_net,51.5,64,18,over,+1500,https://www.basketball-reference.com/leagues/NBA_2022_preseason_odds.html,82,53.115847789833985,over,1.6158477898339854,64.0,10.884152210166015,12.5,win,10.0,9.090909090909092,19.090909090909093
Portland Trail Blazers,2021-22,2022,27,55,0.3292683,0.5307907855702478,8,elastic_net,44.5,27,55,under,+5000,https://www.basketball-reference.com/leagues/NBA_2022_preseason_odds.html,82,43.524844416760324,under,-0.9751555832396761,27.0,16.524844416760324,17.5,win,10.0,9.090909090909092,19.090909090909093
Sacramento Kings,2021-22,2022,30,52,0.36585367,0.431947066175212,8,elastic_net,36.5,30,52,under,+25000,https://www.basketball-reference.com/leagues/NBA_2022_preseason_odds.html,82,35.41965942636738,under,-1.0803405736326184,30.0,5.419659426367382,6.5,win,10.0,9.090909090909092,19.090909090909093
San Antonio Spurs,2021-22,2022,34,48,0.41463414,0.43408862263948067,8,elastic_net,28.5,34,48,over,+30000,https://www.basketball-reference.com/leagues/NBA_2022_preseason_odds.html,82,35.595267056437415,over,7.0952670564374145,34.0,1.5952670564374145,5.5,win,10.0,9.090909090909092,19.090909090909093
Toronto Raptors,2021-22,2022,48,34,0.58536583,0.4716021551998167,8,elastic_net,35.5,48,34,over,+15000,https://www.basketball-reference.com/leagues/NBA_2022_preseason_odds.html,82,38.67137672638497,over,3.1713767263849704,48.0,9.32862327361503,12.5,win,10.0,9.090909090909092,19.090909090909093
Utah Jazz,2021-22,2022,49,33,0.597561,0.5741992751931811,8,elastic_net,52.5,49,33,under,+1600,https://www.basketball-reference.com/leagues/NBA_2022_preseason_odds.html,82,47.084340565840854,under,-5.415659434159146,49.0,1.9156594341591457,3.5,win,10.0,9.090909090909092,19.090909090909093
Washington Wizards,2021-22,2022,35,47,0.42682928,0.4720677605887848,8,elastic_net,33.5,35,47,over,+15000,https://www.basketball-reference.com/leagues/NBA_2022_preseason_odds.html,82,38.70955636828035,over,5.209556368280353,35.0,3.709556368280353,1.5,win,10.0,9.090909090909092,19.090909090909093
Atlanta Hawks,2022-23,2023,41,41,0.5,0.626107454823926,9,elastic_net,46.5,41,41,under,+5000,https://www.basketball-reference.com/leagues/NBA_2023_preseason_odds.html,82,51.340811295561934,over,4.8408112955619345,41.0,10.340811295561934,5.5,loss,10.0,-10.0,0.0
Boston Celtics,2022-23,2023,57,25,0.69512194,0.6223719586746361,9,elastic_net,54.5,57,25,over,+500,https://www.basketball-reference.com/leagues/NBA_2023_preseason_odds.html,82,51.03450061132016,under,-3.465499388679838,57.0,5.965499388679838,2.5,loss,10.0,-10.0,0.0
Brooklyn Nets,2022-23,2023,45,37,0.5487805,0.7191368945368091,9,elastic_net,50.5,45,37,under,+700,https://www.basketball-reference.com/leagues/NBA_2023_preseason_odds.html,82,58.96922535201834,over,8.469225352018341,45.0,13.969225352018341,5.5,loss,10.0,-10.0,0.0
Charlotte Hornets,2022-23,2023,27,55,0.3292683,0.47149351313324883,9,elastic_net,34.5,27,55,under,+15000,https://www.basketball-reference.com/leagues/NBA_2023_preseason_odds.html,82,38.6624680769264,over,4.162468076926402,27.0,11.662468076926402,7.5,loss,10.0,-10.0,0.0
Chicago Bulls,2022-23,2023,40,42,0.4878049,0.5386248706153444,9,elastic_net,41.5,40,42,under,+4000,https://www.basketball-reference.com/leagues/NBA_2023_preseason_odds.html,82,44.167239390458235,over,2.667239390458235,40.0,4.167239390458235,1.5,loss,10.0,-10.0,0.0
Cleveland Cavaliers,2022-23,2023,51,31,0.6219512,0.5807699434051093,9,elastic_net,46.5,51,31,over,+3000,https://www.basketball-reference.com/leagues/NBA_2023_preseason_odds.html,82,47.62313535921896,over,1.1231353592189635,51.0,3.3768646407810365,4.5,win,10.0,9.090909090909092,19.090909090909093
Dallas Mavericks,2022-23,2023,38,44,0.46341464,0.5873035124353367,9,elastic_net,48.5,38,44,under,+2500,https://www.basketball-reference.com/leagues/NBA_2023_preseason_odds.html,82,48.15888801969761,under,-0.34111198030238654,38.0,10.158888019697613,10.5,win,10.0,9.090909090909092,19.090909090909093
Denver Nuggets,2022-23,2023,53,29,0.64634144,0.5599562814615384,9,elastic_net,51.5,53,29,over,+1800,https://www.basketball-reference.com/leagues/NBA_2023_preseason_odds.html,82,45.91641507984615,under,-5.5835849201538466,53.0,7.0835849201538466,1.5,loss,10.0,-10.0,0.0
Detroit Pistons,2022-23,2023,17,65,0.20731707,0.43943731186219076,9,elastic_net,29.5,17,65,under,+50000,https://www.basketball-reference.com/leagues/NBA_2023_preseason_odds.html,82,36.03385957269964,over,6.53385957269964,17.0,19.03385957269964,12.5,loss,10.0,-10.0,0.0
Golden State Warriors,2022-23,2023,44,38,0.5365854,0.606269115594356,9,elastic_net,52.5,44,38,under,+600,https://www.basketball-reference.com/leagues/NBA_2023_preseason_odds.html,82,49.71406747873719,under,-2.785932521262808,44.0,5.714067478737192,8.5,win,10.0,9.090909090909092,19.090909090909093
Houston Rockets,2022-23,2023,22,60,0.2682927,0.3827609411920818,9,elastic_net,23.5,22,60,under,+50000,https://www.basketball-reference.com/leagues/NBA_2023_preseason_odds.html,82,31.38639717775071,over,7.886397177750709,22.0,9.386397177750709,1.5,loss,10.0,-10.0,0.0
Indiana Pacers,2022-23,2023,35,47,0.42682928,0.47222727328650277,9,elastic_net,24.5,35,47,over,+50000,https://www.basketball-reference.com/leagues/NBA_2023_preseason_odds.html,82,38.72263640949323,over,14.222636409493226,35.0,3.7226364094932265,10.5,win,10.0,9.090909090909092,19.090909090909093
Los Angeles Clippers,2022-23,2023,44,38,0.5365854,0.5402120020668331,9,elastic_net,52.5,44,38,under,+700,https://www.basketball-reference.com/leagues/NBA_2023_preseason_odds.html,82,44.29738416948031,under,-8.20261583051969,44.0,0.2973841694803099,8.5,win,10.0,9.090909090909092,19.090909090909093
Los Angeles Lakers,2022-23,2023,43,39,0.5243902,0.6116334130834962,9,elastic_net,44.5,43,39,under,+1800,https://www.basketball-reference.com/leagues/NBA_2023_preseason_odds.html,82,50.153939872846685,over,5.653939872846685,43.0,7.153939872846685,1.5,loss,10.0,-10.0,0.0
Memphis Grizzlies,2022-23,2023,51,31,0.6219512,0.5485705689690199,9,elastic_net,49.5,51,31,over,+2000,https://www.basketball-reference.com/leagues/NBA_2023_preseason_odds.html,82,44.982786655459634,under,-4.517213344540366,51.0,6.017213344540366,1.5,loss,10.0,-10.0,0.0
Miami Heat,2022-23,2023,44,38,0.5365854,0.5686691085345339,9,elastic_net,49.5,44,38,under,+1600,https://www.basketball-reference.com/leagues/NBA_2023_preseason_odds.html,82,46.63086689983178,under,-2.86913310016822,44.0,2.63086689983178,5.5,win,10.0,9.090909090909092,19.090909090909093
Milwaukee Bucks,2022-23,2023,58,24,0.70731705,0.6282430466536979,9,elastic_net,53.5,58,24,over,+650,https://www.basketball-reference.com/leagues/NBA_2023_preseason_odds.html,82,51.51592982560323,under,-1.98407017439677,58.0,6.48407017439677,4.5,loss,10.0,-10.0,0.0
Minnesota Timberwolves,2022-23,2023,42,40,0.5121951,0.6040907438730038,9,elastic_net,49.5,42,40,under,+2800,https://www.basketball-reference.com/leagues/NBA_2023_preseason_odds.html,82,49.535440997586306,over,0.035440997586306366,42.0,7.535440997586306,7.5,loss,10.0,-10.0,0.0
New Orleans Pelicans,2022-23,2023,42,40,0.5121951,0.5408818448115061,9,elastic_net,45.5,42,40,under,+4000,https://www.basketball-reference.com/leagues/NBA_2023_preseason_odds.html,82,44.3523112745435,under,-1.1476887254564971,42.0,2.352311274543503,3.5,win,10.0,9.090909090909092,19.090909090909093
New York Knicks,2022-23,2023,47,35,0.5731707,0.5080979030063958,9,elastic_net,38.5,47,35,over,+6600,https://www.basketball-reference.com/leagues/NBA_2023_preseason_odds.html,82,41.66402804652446,over,3.1640280465244572,47.0,5.335971953475543,8.5,win,10.0,9.090909090909092,19.090909090909093
Oklahoma City Thunder,2022-23,2023,40,42,0.4878049,0.4157122678306109,9,elastic_net,23.5,40,42,over,+50000,https://www.basketball-reference.com/leagues/NBA_2023_preseason_odds.html,82,34.088405962110095,over,10.588405962110095,40.0,5.9115940378899055,16.5,win,10.0,9.090909090909092,19.090909090909093
Orlando Magic,2022-23,2023,34,48,0.41463414,0.44927941299634855,9,elastic_net,26.5,34,48,over,+50000,https://www.basketball-reference.com/leagues/NBA_2023_preseason_odds.html,82,36.84091186570058,over,10.340911865700583,34.0,2.8409118657005834,7.5,win,10.0,9.090909090909092,19.090909090909093
Philadelphia 76ers,2022-23,2023,54,28,0.6585366,0.6256311456794997,9,elastic_net,50.5,54,28,over,+1400,https://www.basketball-reference.com/leagues/NBA_2023_preseason_odds.html,82,51.30175394571898,over,0.8017539457189784,54.0,2.6982460542810216,3.5,win,10.0,9.090909090909092,19.090909090909093
Phoenix Suns,2022-23,2023,45,37,0.5487805,0.6988442170868243,9,elastic_net,52.5,45,37,under,+1000,https://www.basketball-reference.com/leagues/NBA_2023_preseason_odds.html,82,57.30522580111959,over,4.80522580111959,45.0,12.30522580111959,7.5,loss,10.0,-10.0,0.0
Portland Trail Blazers,2022-23,2023,33,49,0.40243903,0.5158619606396576,9,elastic_net,39.5,33,49,under,+8000,https://www.basketball-reference.com/leagues/NBA_2023_preseason_odds.html,82,42.300680772451926,over,2.8006807724519263,33.0,9.300680772451926,6.5,loss,10.0,-10.0,0.0
Sacramento Kings,2022-23,2023,48,34,0.58536583,0.47828435747939274,9,elastic_net,34.5,48,34,over,+50000,https://www.basketball-reference.com/leagues/NBA_2023_preseason_odds.html,82,39.219317313310206,over,4.719317313310206,48.0,8.780682686689794,13.5,win,10.0,9.090909090909092,19.090909090909093
San Antonio Spurs,2022-23,2023,22,60,0.2682927,0.3955413128493521,9,elastic_net,22.5,22,60,under,+50000,https://www.basketball-reference.com/leagues/NBA_2023_preseason_odds.html,82,32.43438765364687,over,9.934387653646873,22.0,10.434387653646873,0.5,loss,10.0,-10.0,0.0
Toronto Raptors,2022-23,2023,41,41,0.5,0.5052197323924846,9,elastic_net,46.5,41,41,under,+4000,https://www.basketball-reference.com/leagues/NBA_2023_preseason_odds.html,82,41.42801805618374,under,-5.071981943816262,41.0,0.42801805618373834,5.5,win,10.0,9.090909090909092,19.090909090909093
Utah Jazz,2022-23,2023,37,45,0.4512195,0.4094131745004054,9,elastic_net,23.5,37,45,over,+50000,https://www.basketball-reference.com/leagues/NBA_2023_preseason_odds.html,82,33.57188030903324,over,10.07188030903324,37.0,3.42811969096676,13.5,win,10.0,9.090909090909092,19.090909090909093
Washington Wizards,2022-23,2023,35,47,0.42682928,0.5262463476664232,9,elastic_net,35.5,35,47,under,+25000,https://www.basketball-reference.com/leagues/NBA_2023_preseason_odds.html,82,43.1522005086467,over,7.6522005086467,35.0,8.1522005086467,0.5,loss,10.0,-10.0,0.0
Atlanta Hawks,2023-24,2024,36,46,0.4390244,0.5565054749642296,10,elastic_net,42.5,36,46,under,+8000,https://www.basketball-reference.com/leagues/NBA_2024_preseason_odds.html,82,45.63344894706683,over,3.1334489470668316,36.0,9.633448947066832,6.5,loss,10.0,-10.0,0.0
Boston Celtics,2023-24,2024,64,18,0.7804878,0.6606562231378726,10,elastic_net,54.5,64,18,over,+450,https://www.basketball-reference.com/leagues/NBA_2024_preseason_odds.html,82,54.17381029730556,under,-0.3261897026944425,64.0,9.826189702694442,9.5,loss,10.0,-10.0,0.0
Brooklyn Nets,2023-24,2024,32,50,0.3902439,0.442714672154065,10,elastic_net,37.5,32,50,under,+12500,https://www.basketball-reference.com/leagues/NBA_2024_preseason_odds.html,82,36.30260311663333,under,-1.1973968833666717,32.0,4.302603116633328,5.5,win,10.0,9.090909090909092,19.090909090909093
Charlotte Hornets,2023-24,2024,21,61,0.25609756,0.4125304010592008,10,elastic_net,31.5,21,61,under,+50000,https://www.basketball-reference.com/leagues/NBA_2024_preseason_odds.html,82,33.827492886854465,over,2.327492886854465,21.0,12.827492886854465,10.5,loss,10.0,-10.0,0.0
Chicago Bulls,2023-24,2024,39,43,0.47560975,0.5773379042243403,10,elastic_net,37.5,39,43,over,+12500,https://www.basketball-reference.com/leagues/NBA_2024_preseason_odds.html,82,47.3417081463959,over,9.841708146395902,39.0,8.341708146395902,1.5,win,10.0,9.090909090909092,19.090909090909093
Cleveland Cavaliers,2023-24,2024,48,34,0.58536583,0.5954147440006297,10,elastic_net,50.5,48,34,under,+2500,https://www.basketball-reference.com/leagues/NBA_2024_preseason_odds.html,82,48.82400900805163,under,-1.6759909919483675,48.0,0.8240090080516325,2.5,win,10.0,9.090909090909092,19.090909090909093
Dallas Mavericks,2023-24,2024,50,32,0.6097561,0.5484982129841013,10,elastic_net,45.5,50,32,over,+2500,https://www.basketball-reference.com/leagues/NBA_2024_preseason_odds.html,82,44.976853464696305,under,-0.5231465353036953,50.0,5.023146535303695,4.5,loss,10.0,-10.0,0.0
Denver Nuggets,2023-24,2024,57,25,0.69512194,0.6624616618368839,10,elastic_net,52.5,57,25,over,+450,https://www.basketball-reference.com/leagues/NBA_2024_preseason_odds.html,82,54.32185627062448,over,1.8218562706244796,57.0,2.6781437293755204,4.5,win,10.0,9.090909090909092,19.090909090909093
Detroit Pistons,2023-24,2024,14,68,0.17073171,0.42597861795623965,10,elastic_net,28.5,14,68,under,+50000,https://www.basketball-reference.com/leagues/NBA_2024_preseason_odds.html,82,34.93024667241165,over,6.4302466724116485,14.0,20.93024667241165,14.5,loss,10.0,-10.0,0.0
Golden State Warriors,2023-24,2024,46,36,0.5609756,0.6130754511151199,10,elastic_net,48.5,46,36,under,+1200,https://www.basketball-reference.com/leagues/NBA_2024_preseason_odds.html,82,50.27218699143983,over,1.7721869914398312,46.0,4.272186991439831,2.5,loss,10.0,-10.0,0.0
Houston Rockets,2023-24,2024,41,41,0.5,0.52533847652303,10,elastic_net,31.5,41,41,over,+25000,https://www.basketball-reference.com/leagues/NBA_2024_preseason_odds.html,82,43.07775507488846,over,11.577755074888458,41.0,2.077755074888458,9.5,win,10.0,9.090909090909092,19.090909090909093
Indiana Pacers,2023-24,2024,47,35,0.5731707,0.521664261273625,10,elastic_net,38.5,47,35,over,+25000,https://www.basketball-reference.com/leagues/NBA_2024_preseason_odds.html,82,42.776469424437245,over,4.276469424437245,47.0,4.223530575562755,8.5,win,10.0,9.090909090909092,19.090909090909093
Los Angeles Clippers,2023-24,2024,51,31,0.6219512,0.637177971494489,10,elastic_net,46.5,51,31,over,+2200,https://www.basketball-reference.com/leagues/NBA_2024_preseason_odds.html,82,52.248593662548096,over,5.748593662548096,51.0,1.248593662548096,4.5,win,10.0,9.090909090909092,19.090909090909093
Los Angeles Lakers,2023-24,2024,47,35,0.5731707,0.6688690983833699,10,elastic_net,47.5,47,35,under,+1500,https://www.basketball-reference.com/leagues/NBA_2024_preseason_odds.html,82,54.84726606743634,over,7.347266067436337,47.0,7.847266067436337,0.5,loss,10.0,-10.0,0.0
Memphis Grizzlies,2023-24,2024,27,55,0.3292683,0.5537357074578785,10,elastic_net,45.5,27,55,under,+2200,https://www.basketball-reference.com/leagues/NBA_2024_preseason_odds.html,82,45.40632801154604,under,-0.09367198845396274,27.0,18.406328011546037,18.5,win,10.0,9.090909090909092,19.090909090909093
Miami Heat,2023-24,2024,46,36,0.5609756,0.5591423014421407,10,elastic_net,45.5,46,36,over,+1600,https://www.basketball-reference.com/leagues/NBA_2024_preseason_odds.html,82,45.849668718255536,over,0.34966871825553625,46.0,0.15033128174446375,0.5,win,10.0,9.090909090909092,19.090909090909093
Milwaukee Bucks,2023-24,2024,49,33,0.597561,0.7417287168456876,10,elastic_net,54.5,49,33,under,+600,https://www.basketball-reference.com/leagues/NBA_2024_preseason_odds.html,82,60.821754781346385,over,6.321754781346385,49.0,11.821754781346385,5.5,loss,10.0,-10.0,0.0
Minnesota Timberwolves,2023-24,2024,56,26,0.68292683,0.5659324772794222,10,elastic_net,44.5,56,26,over,+6600,https://www.basketball-reference.com/leagues/NBA_2024_preseason_odds.html,82,46.40646313691262,over,1.9064631369126204,56.0,9.59353686308738,11.5,win,10.0,9.090909090909092,19.090909090909093
New Orleans Pelicans,2023-24,2024,49,33,0.597561,0.5417018343893256,10,elastic_net,44.5,49,33,over,+4000,https://www.basketball-reference.com/leagues/NBA_2024_preseason_odds.html,82,44.419550419924704,under,-0.08044958007529601,49.0,4.580449580075296,4.5,loss,10.0,-10.0,0.0
New York Knicks,2023-24,2024,50,32,0.6097561,0.5402824926912578,10,elastic_net,45.5,50,32,over,+5000,https://www.basketball-reference.com/leagues/NBA_2024_preseason_odds.html,82,44.303164400683144,under,-1.1968355993168558,50.0,5.696835599316856,4.5,loss,10.0,-10.0,0.0
Oklahoma City Thunder,2023-24,2024,57,25,0.69512194,0.49055712382868494,10,elastic_net,44.5,57,25,over,+10000,https://www.basketball-reference.com/leagues/NBA_2024_preseason_odds.html,82,40.225684153952166,under,-4.274315846047834,57.0,16.774315846047834,12.5,loss,10.0,-10.0,0.0
Orlando Magic,2023-24,2024,47,35,0.5731707,0.4942803333758001,10,elastic_net,37.5,47,35,over,+25000,https://www.basketball-reference.com/leagues/NBA_2024_preseason_odds.html,82,40.530987336815606,over,3.030987336815606,47.0,6.469012663184394,9.5,win,10.0,9.090909090909092,19.090909090909093
Philadelphia 76ers,2023-24,2024,47,35,0.5731707,0.5622246099760633,10,elastic_net,48.5,47,35,under,+1800,https://www.basketball-reference.com/leagues/NBA_2024_preseason_odds.html,82,46.10241801803719,under,-2.3975819819628086,47.0,0.8975819819628086,1.5,win,10.0,9.090909090909092,19.090909090909093
Phoenix Suns,2023-24,2024,49,33,0.597561,0.6887626889623457,10,elastic_net,51.5,49,33,under,+600,https://www.basketball-reference.com/leagues/NBA_2024_preseason_odds.html,82,56.47854049491235,over,4.978540494912352,49.0,7.478540494912352,2.5,loss,10.0,-10.0,0.0
Portland Trail Blazers,2023-24,2024,21,61,0.25609756,0.5240898253923734,10,elastic_net,28.5,21,61,under,+12500,https://www.basketball-reference.com/leagues/NBA_2024_preseason_odds.html,82,42.97536568217462,over,14.475365682174619,21.0,21.97536568217462,7.5,loss,10.0,-10.0,0.0
Sacramento Kings,2023-24,2024,46,36,0.5609756,0.571560637654309,10,elastic_net,44.5,46,36,over,+3500,https://www.basketball-reference.com/leagues/NBA_2024_preseason_odds.html,82,46.86797228765334,over,2.3679722876533376,46.0,0.8679722876533376,1.5,win,10.0,9.090909090909092,19.090909090909093
San Antonio Spurs,2023-24,2024,22,60,0.2682927,0.47812567279212986,10,elastic_net,28.5,22,60,under,+15000,https://www.basketball-reference.com/leagues/NBA_2024_preseason_odds.html,82,39.20630516895465,over,10.70630516895465,22.0,17.20630516895465,6.5,loss,10.0,-10.0,0.0
Toronto Raptors,2023-24,2024,25,57,0.30487806,0.4742100254671036,10,elastic_net,36.5,25,57,under,+8000,https://www.basketball-reference.com/leagues/NBA_2024_preseason_odds.html,82,38.8852220883025,over,2.3852220883024984,25.0,13.885222088302498,11.5,loss,10.0,-10.0,0.0
Utah Jazz,2023-24,2024,31,51,0.37804878,0.4770852818215756,10,elastic_net,35.5,31,51,under,+25000,https://www.basketball-reference.com/leagues/NBA_2024_preseason_odds.html,82,39.1209931093692,over,3.620993109369202,31.0,8.120993109369202,4.5,loss,10.0,-10.0,0.0
Washington Wizards,2023-24,2024,15,67,0.18292683,0.4513010493336634,10,elastic_net,24.5,15,67,under,+50000,https://www.basketball-reference.com/leagues/NBA_2024_preseason_odds.html,82,37.0066860453604,over,12.506686045360397,15.0,22.006686045360397,9.5,loss,10.0,-10.0,0.0
Atlanta Hawks,2024-25,2025,40,42,0.4878049,0.4569415939421679,11,elastic_net,36.5,40,42,over,+50000,https://www.basketball-reference.com/leagues/NBA_2025_preseason_odds.html,82,37.469210703257765,over,0.9692107032577653,40.0,2.5307892967422347,3.5,win,10.0,9.090909090909092,19.090909090909093
Boston Celtics,2024-25,2025,61,21,0.74390244,0.6864621763252635,11,elastic_net,58.5,61,21,over,+325,https://www.basketball-reference.com/leagues/NBA_2025_preseason_odds.html,82,56.28989845867161,under,-2.2101015413283918,61.0,4.710101541328392,2.5,loss,10.0,-10.0,0.0
Brooklyn Nets,2024-25,2025,26,56,0.31707317,0.4214907404171536,11,elastic_net,19.5,26,56,over,+100000,https://www.basketball-reference.com/leagues/NBA_2025_preseason_odds.html,82,34.562240714206595,over,15.062240714206595,26.0,8.562240714206595,6.5,win,10.0,9.090909090909092,19.090909090909093
Charlotte Hornets,2024-25,2025,19,63,0.23170732,0.43411560574792873,11,elastic_net,30.5,19,63,under,+100000,https://www.basketball-reference.com/leagues/NBA_2025_preseason_odds.html,82,35.597479671330156,over,5.097479671330156,19.0,16.597479671330156,11.5,loss,10.0,-10.0,0.0
Chicago Bulls,2024-25,2025,39,43,0.47560975,0.40632892682761446,11,elastic_net,28.5,39,43,over,+100000,https://www.basketball-reference.com/leagues/NBA_2025_preseason_odds.html,82,33.31897199986439,over,4.818971999864388,39.0,5.681028000135612,10.5,win,10.0,9.090909090909092,19.090909090909093
Cleveland Cavaliers,2024-25,2025,64,18,0.7804878,0.5738712055951707,11,elastic_net,48.5,64,18,over,+3500,https://www.basketball-reference.com/leagues/NBA_2025_preseason_odds.html,82,47.057438858804,under,-1.442561141196002,64.0,16.942561141196002,15.5,loss,10.0,-10.0,0.0
Dallas Mavericks,2024-25,2025,39,43,0.47560975,0.7049697069518992,11,elastic_net,49.5,39,43,under,+1100,https://www.basketball-reference.com/leagues/NBA_2025_preseason_odds.html,82,57.80751597005573,over,8.307515970055732,39.0,18.807515970055732,10.5,loss,10.0,-10.0,0.0
Denver Nuggets,2024-25,2025,50,32,0.6097561,0.6336877415522849,11,elastic_net,51.5,50,32,under,+1100,https://www.basketball-reference.com/leagues/NBA_2025_preseason_odds.html,82,51.96239480728736,over,0.46239480728736027,50.0,1.9623948072873603,1.5,loss,10.0,-10.0,0.0
Detroit Pistons,2024-25,2025,44,38,0.5365854,0.44087071805834854,11,elastic_net,25.5,44,38,over,+100000,https://www.basketball-reference.com/leagues/NBA_2025_preseason_odds.html,82,36.15139888078458,over,10.651398880784583,44.0,7.848601119215417,18.5,win,10.0,9.090909090909092,19.090909090909093
Golden State Warriors,2024-25,2025,48,34,0.58536583,0.6059810259587933,11,elastic_net,43.5,48,34,over,+4000,https://www.basketball-reference.com/leagues/NBA_2025_preseason_odds.html,82,49.69044412862105,over,6.190444128621053,48.0,1.6904441286210528,4.5,win,10.0,9.090909090909092,19.090909090909093
Houston Rockets,2024-25,2025,52,30,0.63414633,0.4810584034829963,11,elastic_net,43.5,52,30,over,+8000,https://www.basketball-reference.com/leagues/NBA_2025_preseason_odds.html,82,39.446789085605694,under,-4.053210914394306,52.0,12.553210914394306,8.5,loss,10.0,-10.0,0.0
Indiana Pacers,2024-25,2025,50,32,0.6097561,0.5815262774815335,11,elastic_net,46.5,50,32,over,+6600,https://www.basketball-reference.com/leagues/NBA_2025_preseason_odds.html,82,47.68515475348575,over,1.1851547534857474,50.0,2.3148452465142526,3.5,win,10.0,9.090909090909092,19.090909090909093
Los Angeles Clippers,2024-25,2025,50,32,0.6097561,0.5651732877082536,11,elastic_net,35.5,50,32,over,+12500,https://www.basketball-reference.com/leagues/NBA_2025_preseason_odds.html,82,46.344209592076794,over,10.844209592076794,50.0,3.655790407923206,14.5,win,10.0,9.090909090909092,19.090909090909093
Los Angeles Lakers,2024-25,2025,50,32,0.6097561,0.7696298513284221,11,elastic_net,43.5,50,32,over,+4000,https://www.basketball-reference.com/leagues/NBA_2025_preseason_odds.html,82,63.10964780893061,over,19.60964780893061,50.0,13.10964780893061,6.5,win,10.0,9.090909090909092,19.090909090909093
Memphis Grizzlies,2024-25,2025,48,34,0.58536583,0.5290545416151738,11,elastic_net,47.5,48,34,over,+3500,https://www.basketball-reference.com/leagues/NBA_2025_preseason_odds.html,82,43.38247241244426,under,-4.117527587555742,48.0,4.617527587555742,0.5,loss,10.0,-10.0,0.0
Miami Heat,2024-25,2025,37,45,0.4512195,0.5643614417079621,11,elastic_net,44.5,37,45,under,+5000,https://www.basketball-reference.com/leagues/NBA_2025_preseason_odds.html,82,46.27763822005289,over,1.7776382200528928,37.0,9.277638220052893,7.5,loss,10.0,-10.0,0.0
Milwaukee Bucks,2024-25,2025,48,34,0.58536583,0.6360698472927033,11,elastic_net,49.5,48,34,under,+1400,https://www.basketball-reference.com/leagues/NBA_2025_preseason_odds.html,82,52.157727478001675,over,2.657727478001675,48.0,4.157727478001675,1.5,loss,10.0,-10.0,0.0
Minnesota Timberwolves,2024-25,2025,49,33,0.597561,0.5850195973815288,11,elastic_net,51.5,49,33,under,+1100,https://www.basketball-reference.com/leagues/NBA_2025_preseason_odds.html,82,47.971606985285355,under,-3.528393014714645,49.0,1.028393014714645,2.5,win,10.0,9.090909090909092,19.090909090909093
New Orleans Pelicans,2024-25,2025,21,61,0.25609756,0.6177846579222619,11,elastic_net,46.5,21,61,under,+5000,https://www.basketball-reference.com/leagues/NBA_2025_preseason_odds.html,82,50.65834194962547,over,4.158341949625473,21.0,29.658341949625473,25.5,loss,10.0,-10.0,0.0
New York Knicks,2024-25,2025,51,31,0.6219512,0.5883742622535937,11,elastic_net,53.5,51,31,under,+700,https://www.basketball-reference.com/leagues/NBA_2025_preseason_odds.html,82,48.24668950479468,under,-5.253310495205319,51.0,2.7533104952053193,2.5,win,10.0,9.090909090909092,19.090909090909093
Oklahoma City Thunder,2024-25,2025,68,14,0.8292683,0.643401920542239,11,elastic_net,57.5,68,14,over,+675,https://www.basketball-reference.com/leagues/NBA_2025_preseason_odds.html,82,52.7589574844636,under,-4.7410425155363995,68.0,15.2410425155364,10.5,loss,10.0,-10.0,0.0
Orlando Magic,2024-25,2025,41,41,0.5,0.5623060859924429,11,elastic_net,47.5,41,41,under,+4000,https://www.basketball-reference.com/leagues/NBA_2025_preseason_odds.html,82,46.10909905138032,under,-1.3909009486196808,41.0,5.109099051380319,6.5,win,10.0,9.090909090909092,19.090909090909093
Philadelphia 76ers,2024-25,2025,24,58,0.29268292,0.6131010285269829,11,elastic_net,50.5,24,58,under,+1000,https://www.basketball-reference.com/leagues/NBA_2025_preseason_odds.html,82,50.2742843392126,under,-0.2257156607874009,24.0,26.2742843392126,26.5,win,10.0,9.090909090909092,19.090909090909093
Phoenix Suns,2024-25,2025,36,46,0.4390244,0.6341008374887935,11,elastic_net,48.5,36,46,under,+1500,https://www.basketball-reference.com/leagues/NBA_2025_preseason_odds.html,82,51.99626867408107,over,3.4962686740810724,36.0,15.996268674081072,12.5,loss,10.0,-10.0,0.0
Portland Trail Blazers,2024-25,2025,36,46,0.4390244,0.44911155269626823,11,elastic_net,21.5,36,46,over,+100000,https://www.basketball-reference.com/leagues/NBA_2025_preseason_odds.html,82,36.827147321093996,over,15.327147321093996,36.0,0.8271473210939959,14.5,win,10.0,9.090909090909092,19.090909090909093
Sacramento Kings,2024-25,2025,40,42,0.4878049,0.5734492943698779,11,elastic_net,46.5,40,42,under,+6600,https://www.basketball-reference.com/leagues/NBA_2025_preseason_odds.html,82,47.02284213832999,over,0.5228421383299917,40.0,7.022842138329992,6.5,loss,10.0,-10.0,0.0
San Antonio Spurs,2024-25,2025,34,48,0.41463414,0.5623904071306609,11,elastic_net,35.5,34,48,under,+15000,https://www.basketball-reference.com/leagues/NBA_2025_preseason_odds.html,82,46.11601338471419,over,10.616013384714194,34.0,12.116013384714194,1.5,loss,10.0,-10.0,0.0
Toronto Raptors,2024-25,2025,30,52,0.36585367,0.46297636901534434,11,elastic_net,29.5,30,52,over,+100000,https://www.basketball-reference.com/leagues/NBA_2025_preseason_odds.html,82,37.964062259258235,over,8.464062259258235,30.0,7.964062259258235,0.5,win,10.0,9.090909090909092,19.090909090909093
Utah Jazz,2024-25,2025,17,65,0.20731707,0.45453350224697037,11,elastic_net,28.5,17,65,under,+50000,https://www.basketball-reference.com/leagues/NBA_2025_preseason_odds.html,82,37.27174718425157,over,8.771747184251574,17.0,20.271747184251574,11.5,loss,10.0,-10.0,0.0
Washington Wizards,2024-25,2025,18,64,0.2195122,0.48285667224688383,11,elastic_net,20.5,18,64,under,+100000,https://www.basketball-reference.com/leagues/NBA_2025_preseason_odds.html,82,39.594247124244475,over,19.094247124244475,18.0,21.594247124244475,2.5,loss,10.0,-10.0,0.0
Atlanta Hawks,2025-26,2026,46,36,0.5609756,0.4295500525532049,12,elastic_net,46.5,46,36,under,+4000,https://www.basketball-reference.com/leagues/NBA_2026_preseason_odds.html,82,35.2231043093628,under,-11.276895690637197,46.0,10.776895690637197,0.5,win,10.0,9.090909090909092,19.090909090909093
Boston Celtics,2025-26,2026,56,26,0.68292683,0.6655788221467938,12,elastic_net,41.5,56,26,over,+6000,https://www.basketball-reference.com/leagues/NBA_2026_preseason_odds.html,82,54.57746341603709,over,13.07746341603709,56.0,1.4225365839629092,14.5,win,10.0,9.090909090909092,19.090909090909093
Brooklyn Nets,2025-26,2026,20,62,0.24390244,0.3627120463692116,12,elastic_net,19.5,20,62,over,+100000,https://www.basketball-reference.com/leagues/NBA_2026_preseason_odds.html,82,29.742387802275353,over,10.242387802275353,20.0,9.742387802275353,0.5,win,10.0,9.090909090909092,19.090909090909093
Charlotte Hornets,2025-26,2026,44,38,0.5365854,0.48998095165222055,12,elastic_net,27.5,44,38,over,+100000,https://www.basketball-reference.com/leagues/NBA_2026_preseason_odds.html,82,40.17843803548209,over,12.678438035482088,44.0,3.8215619645179117,16.5,win,10.0,9.090909090909092,19.090909090909093
Chicago Bulls,2025-26,2026,31,51,0.37804878,0.3919625822589387,12,elastic_net,33.5,31,51,under,+50000,https://www.basketball-reference.com/leagues/NBA_2026_preseason_odds.html,82,32.140931745232976,under,-1.359068254767024,31.0,1.140931745232976,2.5,win,10.0,9.090909090909092,19.090909090909093
Cleveland Cavaliers,2025-26,2026,52,30,0.63414633,0.6459526280398381,12,elastic_net,56.5,52,30,under,+750,https://www.basketball-reference.com/leagues/NBA_2026_preseason_odds.html,82,52.96811549926672,under,-3.531884500733277,52.0,0.9681154992667231,4.5,win,10.0,9.090909090909092,19.090909090909093
Dallas Mavericks,2025-26,2026,26,56,0.31707317,0.5159402507235189,12,elastic_net,41.5,26,56,under,+3500,https://www.basketball-reference.com/leagues/NBA_2026_preseason_odds.html,82,42.307100559328546,over,0.8071005593285463,26.0,16.307100559328546,15.5,loss,10.0,-10.0,0.0
Denver Nuggets,2025-26,2026,54,28,0.6585366,0.6280129907752584,12,elastic_net,53.5,54,28,over,+550,https://www.basketball-reference.com/leagues/NBA_2026_preseason_odds.html,82,51.49706524357119,under,-2.0029347564288074,54.0,2.5029347564288074,0.5,loss,10.0,-10.0,0.0
Detroit Pistons,2025-26,2026,60,22,0.73170733,0.5227228433367528,12,elastic_net,46.5,60,22,over,+3300,https://www.basketball-reference.com/leagues/NBA_2026_preseason_odds.html,82,42.863273153613726,under,-3.6367268463862743,60.0,17.136726846386274,13.5,loss,10.0,-10.0,0.0
Golden State Warriors,2025-26,2026,37,45,0.4512195,0.5949212725557509,12,elastic_net,47.5,37,45,under,+2500,https://www.basketball-reference.com/leagues/NBA_2026_preseason_odds.html,82,48.78354434957157,over,1.2835443495715708,37.0,11.78354434957157,10.5,loss,10.0,-10.0,0.0
Houston Rockets,2025-26,2026,52,30,0.63414633,0.5826198724179573,12,elastic_net,52.5,52,30,under,+1400,https://www.basketball-reference.com/leagues/NBA_2026_preseason_odds.html,82,47.7748295382725,under,-4.725170461727501,52.0,4.225170461727501,0.5,win,10.0,9.090909090909092,19.090909090909093
Indiana Pacers,2025-26,2026,19,63,0.23170732,0.6136214507993304,12,elastic_net,37.5,19,63,under,+10000,https://www.basketball-reference.com/leagues/NBA_2026_preseason_odds.html,82,50.31695896554509,over,12.81695896554509,19.0,31.31695896554509,18.5,loss,10.0,-10.0,0.0
Los Angeles Clippers,2025-26,2026,42,40,0.5121951,0.5402774596146616,12,elastic_net,49.5,42,40,under,+1800,https://www.basketball-reference.com/leagues/NBA_2026_preseason_odds.html,82,44.302751688402246,under,-5.197248311597754,42.0,2.302751688402246,7.5,win,10.0,9.090909090909092,19.090909090909093
Los Angeles Lakers,2025-26,2026,53,29,0.64634144,0.6176312547196285,12,elastic_net,46.5,53,29,over,+1600,https://www.basketball-reference.com/leagues/NBA_2026_preseason_odds.html,82,50.64576288700954,over,4.145762887009539,53.0,2.354237112990461,6.5,win,10.0,9.090909090909092,19.090909090909093
Memphis Grizzlies,2025-26,2026,25,57,0.30487806,0.48128101879959956,12,elastic_net,39.5,25,57,under,+12500,https://www.basketball-reference.com/leagues/NBA_2026_preseason_odds.html,82,39.46504354156716,under,-0.03495645843283768,25.0,14.465043541567162,14.5,win,10.0,9.090909090909092,19.090909090909093
Miami Heat,2025-26,2026,43,39,0.5243902,0.5331616339978462,12,elastic_net,37.5,43,39,over,+20000,https://www.basketball-reference.com/leagues/NBA_2026_preseason_odds.html,82,43.71925398782339,over,6.219253987823393,43.0,0.719253987823393,5.5,win,10.0,9.090909090909092,19.090909090909093
Milwaukee Bucks,2025-26,2026,32,50,0.3902439,0.5399638967795762,12,elastic_net,43.5,32,50,under,+5500,https://www.basketball-reference.com/leagues/NBA_2026_preseason_odds.html,82,44.277039535925255,over,0.7770395359252547,32.0,12.277039535925255,11.5,loss,10.0,-10.0,0.0
Minnesota Timberwolves,2025-26,2026,49,33,0.597561,0.6061225067853822,12,elastic_net,49.5,49,33,under,+1300,https://www.basketball-reference.com/leagues/NBA_2026_preseason_odds.html,82,49.70204555640134,over,0.20204555640133748,49.0,0.7020455564013375,0.5,loss,10.0,-10.0,0.0
New Orleans Pelicans,2025-26,2026,26,56,0.31707317,0.45856911038156567,12,elastic_net,30.5,26,56,under,+30000,https://www.basketball-reference.com/leagues/NBA_2026_preseason_odds.html,82,37.602667051288385,over,7.102667051288385,26.0,11.602667051288385,4.5,loss,10.0,-10.0,0.0
New York Knicks,2025-26,2026,53,29,0.64634144,0.6207433359678934,12,elastic_net,53.5,53,29,under,+900,https://www.basketball-reference.com/leagues/NBA_2026_preseason_odds.html,82,50.90095354936726,under,-2.5990464506327413,53.0,2.0990464506327413,0.5,win,10.0,9.090909090909092,19.090909090909093
Oklahoma City Thunder,2025-26,2026,64,18,0.7804878,0.6081444019748959,12,elastic_net,62.5,64,18,over,+240,https://www.basketball-reference.com/leagues/NBA_2026_preseason_odds.html,82,49.86784096194147,under,-12.632159038058532,64.0,14.132159038058532,1.5,loss,10.0,-10.0,0.0
Orlando Magic,2025-26,2026,45,37,0.5487805,0.550874050971043,12,elastic_net,51.5,45,37,under,+1800,https://www.basketball-reference.com/leagues/NBA_2026_preseason_odds.html,82,45.17167217962553,under,-6.328327820374469,45.0,0.17167217962553138,6.5,win,10.0,9.090909090909092,19.090909090909093
Philadelphia 76ers,2025-26,2026,45,37,0.5487805,0.5538545445254506,12,elastic_net,43.5,45,37,over,+4000,https://www.basketball-reference.com/leagues/NBA_2026_preseason_odds.html,82,45.41607265108695,over,1.9160726510869495,45.0,0.41607265108694946,1.5,win,10.0,9.090909090909092,19.090909090909093
Phoenix Suns,2025-26,2026,45,37,0.5487805,0.522773352002036,12,elastic_net,30.5,45,37,over,+50000,https://www.basketball-reference.com/leagues/NBA_2026_preseason_odds.html,82,42.86741486416695,over,12.367414864166953,45.0,2.1325851358330468,14.5,win,10.0,9.090909090909092,19.090909090909093
Portland Trail Blazers,2025-26,2026,42,40,0.5121951,0.5404083800968631,12,elastic_net,35.5,42,40,over,+50000,https://www.basketball-reference.com/leagues/NBA_2026_preseason_odds.html,82,44.313487167942775,over,8.813487167942775,42.0,2.3134871679427746,6.5,win,10.0,9.090909090909092,19.090909090909093
Sacramento Kings,2025-26,2026,22,60,0.2682927,0.49753403638712995,12,elastic_net,35.5,22,60,under,+50000,https://www.basketball-reference.com/leagues/NBA_2026_preseason_odds.html,82,40.797790983744655,over,5.297790983744655,22.0,18.797790983744655,13.5,loss,10.0,-10.0,0.0
San Antonio Spurs,2025-26,2026,62,20,0.75609756,0.5436084755824696,12,elastic_net,44.5,62,20,over,+6600,https://www.basketball-reference.com/leagues/NBA_2026_preseason_odds.html,82,44.57589499776251,over,0.07589499776251074,62.0,17.42410500223749,17.5,win,10.0,9.090909090909092,19.090909090909093
Toronto Raptors,2025-26,2026,46,36,0.5609756,0.4986202822886258,12,elastic_net,39.5,46,36,over,+10000,https://www.basketball-reference.com/leagues/NBA_2026_preseason_odds.html,82,40.88686314766732,over,1.38686314766732,46.0,5.11313685233268,6.5,win,10.0,9.090909090909092,19.090909090909093
Utah Jazz,2025-26,2026,22,60,0.2682927,0.5181402474037605,12,elastic_net,18.5,22,60,over,+100000,https://www.basketball-reference.com/leagues/NBA_2026_preseason_odds.html,82,42.48750028710836,over,23.98750028710836,22.0,20.48750028710836,3.5,win,10.0,9.090909090909092,19.090909090909093
Washington Wizards,2025-26,2026,17,65,0.20731707,0.5968471887440833,12,elastic_net,20.5,17,65,under,+100000,https://www.basketball-reference.com/leagues/NBA_2026_preseason_odds.html,82,48.94146947701483,over,28.441469477014827,17.0,31.941469477014827,3.5,loss,10.0,-10.0,0.0
